artist	title	verdict	corpus	songsterr	delta	views	url
Adrianne Lenker	10 Miles	no-songsterr	Standard capo 0			0	
Adrianne Lenker	A Better Time To Meet	no-songsterr	Standard capo 0			0	
Adrianne Lenker	A Love Of Some Kind	no-songsterr	Standard capo 0			0	
Adrianne Lenker	Abyss Kiss	no-songsterr	Standard capo 0			0	
Adrianne Lenker	Adonijah	no-songsterr	C G D G G G capo 0			0	
Adrianne Lenker	Already Lost	no-songsterr	Standard capo 0			0	
Adrianne Lenker	Angels	no-songsterr	Standard capo 0			0	
Adrianne Lenker	Anything	match	D# A# D# G A# D#	D# A# D# G A# D#	0,0,0,0,0,0	36551	https://www.songsterr.com/a/wsa/x-tab-s605313
Adrianne Lenker	Blue And Red Horses	no-songsterr	Standard capo 0			0	
Adrianne Lenker	Butterfly	no-songsterr	Standard capo 0			0	
Adrianne Lenker	Candleflame	no-songsterr	Standard capo 0			0	
Adrianne Lenker	Cell Phone Says	no-songsterr	Open C capo 0			0	
Adrianne Lenker	Change	no-songsterr	Standard capo 0			0	
Adrianne Lenker	Come	match	D G D F# G A	D G D F# G A	0,0,0,0,0,0	324	https://www.songsterr.com/a/wsa/x-tab-s5487976
Adrianne Lenker	Cradle	no-songsterr	Standard capo 0			0	
Adrianne Lenker	Disappear	no-songsterr	Standard capo 0			0	
Adrianne Lenker	Donut Seam	no-songsterr	Standard capo 0			0	
Adrianne Lenker	Dragon Eyes	no-songsterr	Open E capo 0			0	
Adrianne Lenker	Evol	no-songsterr	Standard capo 0			0	
Adrianne Lenker	Fangs Lungs Ankles	no-songsterr	Standard capo 0			0	
Adrianne Lenker	Feel Better	no-songsterr	DADGAD capo 0			0	
Adrianne Lenker	Fool	no-songsterr	Standard capo 0			0	
Adrianne Lenker	Forwards Beckon Rebound	MISMATCH	Standard	D A D F# A D	-2,0,0,-1,-2,-14	22422	https://www.songsterr.com/a/wsa/x-tab-s744175
Adrianne Lenker	Free Treasure	no-songsterr	E A D G B D capo 0			0	
Adrianne Lenker	Gone	no-songsterr	Standard capo 0			0	
Adrianne Lenker	Half Return	MISMATCH	Standard	D# A# D# G A# D#	-1,1,1,0,-1,-1	15220	https://www.songsterr.com/a/wsa/x-tab-s709179
Adrianne Lenker	Happiness	no-songsterr	Standard capo 0			0	
Adrianne Lenker	Heavy Focus	no-songsterr	Standard capo 0			0	
Adrianne Lenker	Hours Were The Birds	no-songsterr	Standard capo 0			0	
Adrianne Lenker	I Do Love You	no-songsterr	Standard capo 0			0	
Adrianne Lenker	I Still Hear You	no-songsterr	Standard capo 0			0	
Adrianne Lenker	Indiana	match	Standard	E A D G B E	0,0,0,0,0,0	68	https://www.songsterr.com/a/wsa/x-tab-s4609445
Adrianne Lenker	Indydar	no-songsterr	Standard capo 0			0	
Adrianne Lenker	Ingydar	no-songsterr	Standard capo 0			0	
Adrianne Lenker	Jonathan	no-songsterr	Eb Standard capo 0			0	
Adrianne Lenker	Kerina	no-songsterr	Standard capo 0			0	
Adrianne Lenker	Lighthouse	no-songsterr	Standard capo 0			0	
Adrianne Lenker	Miss Misty	no-songsterr	Standard capo 0			0	
Adrianne Lenker	Money	no-songsterr	Standard capo 0			0	
Adrianne Lenker	Mostly Chimes	MISMATCH	Open D	E A D G B E	2,0,0,1,2,2	217	https://www.songsterr.com/a/wsa/x-tab-s3621334
Adrianne Lenker	Music For Indigo	no-songsterr	D A D F# B D capo 0			0	
Adrianne Lenker	My Angel	MISMATCH	Standard	D A D F# B D	-2,0,0,-1,0,-2	6851	https://www.songsterr.com/a/wsa/x-tab-s1004493
Adrianne Lenker	New York City	no-songsterr	Standard capo 0			0	
Adrianne Lenker	No Machine	no-songsterr	Standard capo 0			0	
Adrianne Lenker	Not A Lot Just Forever	MISMATCH	Standard	C# G# C# F# A# C#	-3,-1,-1,-1,-1,-3	14304	https://www.songsterr.com/a/wsa/x-tab-s1228430
Adrianne Lenker	Once A Bunch	no-songsterr	Standard capo 0			0	
Adrianne Lenker	Out Of Your Mind	no-songsterr	Standard capo 0			0	
Adrianne Lenker	Real House	no-songsterr	Standard capo 0			0	
Adrianne Lenker	Red Leaves Falling	no-songsterr	Standard capo 0			0	
Adrianne Lenker	Ringing Bells	no-songsterr	Standard capo 0			0	
Adrianne Lenker	Ripples	no-songsterr	Standard capo 0			0	
Adrianne Lenker	Row	no-songsterr	Standard capo 0			0	
Adrianne Lenker	Ruined	no-songsterr	Standard capo 0			0	
Adrianne Lenker	Sadness As A Gift	match	Standard	E A D G B E	0,0,0,0,0,0	755	https://www.songsterr.com/a/wsa/x-tab-s1180778
Adrianne Lenker	Snow Song	no-songsterr	Standard capo 0			0	
Adrianne Lenker	Steamboat	no-songsterr	Standard capo 0			0	
Adrianne Lenker	Symbol	MISMATCH	Drop D	D A D G A D	0,0,0,0,-2,-2	64	https://www.songsterr.com/a/wsa/x-tab-s5574779
Adrianne Lenker	Terminal Paradise	no-songsterr	Standard capo 0			0	
Adrianne Lenker	To Violet	no-songsterr	Standard capo 0			0	
Adrianne Lenker	Two Reverse	match	Standard	E A D G B E	0,0,0,0,0,0	3653	https://www.songsterr.com/a/wsa/x-tab-s2814157
Adrianne Lenker	Vampire Empire	no-songsterr	Standard capo 0			0	
Adrianne Lenker	What Can You Say	no-songsterr	Standard capo 0			0	
Adrianne Lenker	Yuki Onna	no-songsterr	Standard capo 0			0	
Adrianne Lenker	Zombie Girl	match	Standard	E A D G B E	0,0,0,0,0,0	440	https://www.songsterr.com/a/wsa/x-tab-s2179020
Alex Chilton	All Of The Time	no-songsterr	Standard capo 0			0	
Alex Chilton	All We Ever Got From Them Was Pain	no-songsterr	Standard capo 0			0	
Alex Chilton	Every Day We Grow Closer	no-songsterr	Standard capo 0			0	
Alex Chilton	Every Time I Close My Eyes	no-songsterr	Standard capo 0			0	
Alex Chilton	Free Again	no-songsterr	Standard capo 0			0	
Alex Chilton	Girl After Girl	no-songsterr	Standard capo 0			0	
Alex Chilton	Guantamerika	no-songsterr	Standard capo 0			0	
Alex Chilton	I Wish I Could Meet Elvis	no-songsterr	Standard capo 0			0	
Alex Chilton	In The Street	no-songsterr	Standard capo 0			0	
Alex Chilton	Lipstick Traces	match	Standard	E A D G B E	0,0,0,0,0,0	29	https://www.songsterr.com/a/wsa/x-tab-s164528
Alex Chilton	My Baby Just Cares For Me	no-songsterr	Open A capo 0			0	
Alex Chilton	The Happy Song	no-songsterr	Standard capo 0			0	
Alex Chilton	Whats Your Sign Girl	no-songsterr	Standard capo 0			0	
Alex G	16 Mirrors	match	DADGAD	D A D G A D	0,0,0,0,0,0	8104	https://www.songsterr.com/a/wsa/x-tab-s738662
Alex G	2day is the day	match	Standard	E A D G B E	0,0,0,0,0,0	9	https://www.songsterr.com/a/wsa/x-tab-s1368945
Alex G	Adam	match	Standard	E A D G B E	0,0,0,0,0,0	477	https://www.songsterr.com/a/wsa/x-tab-s2704919
Alex G	Advice	match	D Standard	D G C F A D	0,0,0,0,0,0	9832	https://www.songsterr.com/a/wsa/x-tab-s541285
Alex G	After Ur Gone	match	Standard	E A D G B E	0,0,0,0,0,0	726	https://www.songsterr.com/a/wsa/x-tab-s716907
Alex G	After Ur Gone (gp5)	match	Standard	E A D G B E	0,0,0,0,0,0	17	https://www.songsterr.com/a/wsa/x-tab-s1807057
Alex G	Afterlife	match	Standard	E A D G B E	0,0,0,0,0,0	545	https://www.songsterr.com/a/wsa/x-tab-s1583699
Alex G	Afterlife WIP	match	Standard	E A D G B E	0,0,0,0,0,0	44	https://www.songsterr.com/a/wsa/x-tab-s1712421
Alex G	Ain't it Easy	match	Standard	E A D G B E	0,0,0,0,0,0	1694	https://www.songsterr.com/a/wsa/x-tab-s986408
Alex G	Ain't It Easy (good)	match	Standard	E A D G B E	0,0,0,0,0,0	4	https://www.songsterr.com/a/wsa/x-tab-s3255193
Alex G	Alex G - Black Hair	match	Standard	E A D G B E	0,0,0,0,0,0	21	https://www.songsterr.com/a/wsa/x-tab-s4802882
Alex G	Alex G - Harvey	match	Drop D	D A D G B E	0,0,0,0,0,0	45	https://www.songsterr.com/a/wsa/x-tab-s4776344
Alex G	Alex G - Let It Go	match	Standard	E A D G B E	0,0,0,0,0,0	4	https://www.songsterr.com/a/wsa/x-tab-s4791160
Alex G	Alex G - Pretend (Ending Tabs)	match	Standard	E A D G B E	0,0,0,0,0,0	42	https://www.songsterr.com/a/wsa/x-tab-s1001508
Alex G	Alex G - Things to Do	match	Standard	E A D G B E	0,0,0,0,0,0	22	https://www.songsterr.com/a/wsa/x-tab-s4773775
Alex G	Alina	match	Standard	E A D G B E	0,0,0,0,0,0	40	https://www.songsterr.com/a/wsa/x-tab-s1605040
Alex G	Animals	match	Standard	E A D G B E	0,0,0,0,0,0	3292	https://www.songsterr.com/a/wsa/x-tab-s729530
Alex G	Animals [Live]	match	Standard	E A D G B E	0,0,0,0,0,0	106	https://www.songsterr.com/a/wsa/x-tab-s1521875
Alex G	Animals - Trick	match	Standard	E A D G B E	0,0,0,0,0,0	876	https://www.songsterr.com/a/wsa/x-tab-s736169
Alex G	Are You A Skipper?	match	Eb Standard	D# G# C# F# A# D#	0,0,0,0,0,0	8	https://www.songsterr.com/a/wsa/x-tab-s1529216
Alex G	Bad House	match	Standard	E A D G B E	0,0,0,0,0,0	27	https://www.songsterr.com/a/wsa/x-tab-s2897854
Alex G	Bad Man	match	Drop D	D A D G B E	0,0,0,0,0,0	2	https://www.songsterr.com/a/wsa/x-tab-s2779445
Alex G	Bailey Needs Boots	match	DADGAD	D A D G A D	0,0,0,0,0,0	25	https://www.songsterr.com/a/wsa/x-tab-s1368859
Alex G	Banjo & Bass	match	Standard	E A D G B E	0,0,0,0,0,0	0	https://www.songsterr.com/a/wsa/x-tab-s3067896
Alex G	Banjo & Bass (ai test)	match	Standard	E A D G B E	0,0,0,0,0,0	1	https://www.songsterr.com/a/wsa/x-tab-s3995625
Alex G	Be Kind	match	Standard	E A D G B E	0,0,0,0,0,0	0	https://www.songsterr.com/a/wsa/x-tab-s4999527
Alex G	Be Kind (gp5)	match	Standard	E A D G B E	0,0,0,0,0,0	41	https://www.songsterr.com/a/wsa/x-tab-s1684305
Alex G	Be Kind [Township]	match	Standard	E A D G B E	0,0,0,0,0,0	111	https://www.songsterr.com/a/wsa/x-tab-s1431096
Alex G	Beam Me Up	match	Standard	E A D G B E	0,0,0,0,0,0	77	https://www.songsterr.com/a/wsa/x-tab-s1863258
Alex G	Bees	match	Standard	E A D G B E	0,0,0,0,0,0	145	https://www.songsterr.com/a/wsa/x-tab-s1368700
Alex G	Big Fish	match	Drop D	D A D G B E	0,0,0,0,0,0	122	https://www.songsterr.com/a/wsa/x-tab-s1676348
Alex G	Big Problems	match	Standard	E A D G B E	0,0,0,0,0,0	189	https://www.songsterr.com/a/wsa/x-tab-s1369444
Alex G	Big World	match	Standard	E A D G B E	0,0,0,0,0,0	70	https://www.songsterr.com/a/wsa/x-tab-s1439953
Alex G	Bike	match	Standard	E A D G B E	0,0,0,0,0,0	64	https://www.songsterr.com/a/wsa/x-tab-s1369026
Alex G	black hair	match	Standard	E A D G B E	0,0,0,0,0,0	1793	https://www.songsterr.com/a/wsa/x-tab-s901303
Alex G	Black Hair (GP5)	match	Standard	E A D G B E	0,0,0,0,0,0	13	https://www.songsterr.com/a/wsa/x-tab-s4129632
Alex G	Black Hair (Piss Couch)	match	Standard	E A D G B E	0,0,0,0,0,0	102	https://www.songsterr.com/a/wsa/x-tab-s1684358
Alex G	Blessing	match	Standard	E A D G B E	0,0,0,0,0,0	114	https://www.songsterr.com/a/wsa/x-tab-s3255181
Alex G	Blew	match	Standard	E A D G B E	0,0,0,0,0,0	70	https://www.songsterr.com/a/wsa/x-tab-s1439975
Alex G	Bobby	match	Standard	E A D G B E	0,0,0,0,0,0	1842	https://www.songsterr.com/a/wsa/x-tab-s670288
Alex G	Bobby (gp5)	match	Standard	E A D G B E	0,0,0,0,0,0	16	https://www.songsterr.com/a/wsa/x-tab-s1684298
Alex G	Boom	match	Standard	E A D G B E	0,0,0,0,0,0	1	https://www.songsterr.com/a/wsa/x-tab-s1368891
Alex G	Bounce Boy	match	Drop C	C G C F A D	0,0,0,0,0,0	234	https://www.songsterr.com/a/wsa/x-tab-s1863249
Alex G	Boy	match	Standard	E A D G B E	0,0,0,0,0,0	679	https://www.songsterr.com/a/wsa/x-tab-s3289431
Alex G	Break	match	Standard	E A D G B E	0,0,0,0,0,0	11001	https://www.songsterr.com/a/wsa/x-tab-s726092
Alex G	Break guitar tabs	match	Standard	E A D G B E	0,0,0,0,0,0	3618	https://www.songsterr.com/a/wsa/x-tab-s667720
Alex G	Bric​k	match	Standard	E A D G B E	0,0,0,0,0,0	4	https://www.songsterr.com/a/wsa/x-tab-s961466
Alex G	Brick	match	Standard	E A D G B E	0,0,0,0,0,0	108	https://www.songsterr.com/a/wsa/x-tab-s946999
Alex G	Bridge in hope	match	Standard	E A D G B E	0,0,0,0,0,0	1	https://www.songsterr.com/a/wsa/x-tab-s4054656
Alex G	Brite Boy	match	Standard	E A D G B E	0,0,0,0,0,0	37	https://www.songsterr.com/a/wsa/x-tab-s1684209
Alex G	Brite Boy (V2)	match	Standard	E A D G B E	0,0,0,0,0,0	553	https://www.songsterr.com/a/wsa/x-tab-s1133816
Alex G	Bug	match	Drop D	D A D G B E	0,0,0,0,0,0	494	https://www.songsterr.com/a/wsa/x-tab-s1506734
Alex G	Bug (gp5)	match	Standard	E A D G B E	0,0,0,0,0,0	16	https://www.songsterr.com/a/wsa/x-tab-s1684292
Alex G	Buttercan	match	Standard	E A D G B E	0,0,0,0,0,0	13	https://www.songsterr.com/a/wsa/x-tab-s1369445
Alex G	Candy	match	Standard	E A D G B E	0,0,0,0,0,0	5427	https://www.songsterr.com/a/wsa/x-tab-s917715
Alex G	Cards.	match	C# F# B E G# C#	C# F# B E G# C#	0,0,0,0,0,0	22	https://www.songsterr.com/a/wsa/x-tab-s4494177
Alex G	Change	match	Drop C	C G C F A D	0,0,0,0,0,0	3672	https://www.songsterr.com/a/wsa/x-tab-s670064
Alex G	Change Alex G	match	Drop C	C G C F A D	0,0,0,0,0,0	3	https://www.songsterr.com/a/wsa/x-tab-s4825784
Alex G	Change my Mind	match	Standard	E A D G B E	0,0,0,0,0,0	90	https://www.songsterr.com/a/wsa/x-tab-s1440287
Alex G	Change my mind (unreleased)	match	Standard	E A D G B E	0,0,0,0,0,0	18	https://www.songsterr.com/a/wsa/x-tab-s675849
Alex G	Child’s Play	match	Standard	E A D G B E	0,0,0,0,0,0	18	https://www.songsterr.com/a/wsa/x-tab-s1431162
Alex G	Chinese Melodies (gp5)	match	Standard	E A D G B E	0,0,0,0,0,0	22	https://www.songsterr.com/a/wsa/x-tab-s2376396
Alex G	Clouds	match	Standard	E A D G B E	0,0,0,0,0,0	98	https://www.songsterr.com/a/wsa/x-tab-s5118464
Alex G	Colleen	match	Standard	E A D G B E	0,0,0,0,0,0	54	https://www.songsterr.com/a/wsa/x-tab-s1368748
Alex G	Come Back	match	Standard	E A D G B E	0,0,0,0,0,0	1040	https://www.songsterr.com/a/wsa/x-tab-s1133801
Alex G	Come Over After School (gp5)	match	Standard	E A D G B E	0,0,0,0,0,0	1	https://www.songsterr.com/a/wsa/x-tab-s2376348
Alex G	County	match	Standard	E A D G B E	0,0,0,0,0,0	333	https://www.songsterr.com/a/wsa/x-tab-s1677519
Alex G	Crab	match	Standard	E A D G B E	0,0,0,0,0,0	4046	https://www.songsterr.com/a/wsa/x-tab-s651627
Alex G	Crab (gp5)	match	Standard	E A D G B E	0,0,0,0,0,0	2	https://www.songsterr.com/a/wsa/x-tab-s1684225
Alex G	Crime	match	Standard	E A D G B E	0,0,0,0,0,0	57	https://www.songsterr.com/a/wsa/x-tab-s1843778
Alex G	Cross Country	match	Standard	E A D G B E	0,0,0,0,0,0	111	https://www.songsterr.com/a/wsa/x-tab-s1599111
Alex G	Cross the Sea	match	Standard	E A D G B E	0,0,0,0,0,0	44	https://www.songsterr.com/a/wsa/x-tab-s1439998
Alex G	Cross the Sea (gp5)	match	Standard	E A D G B E	0,0,0,0,0,0	0	https://www.songsterr.com/a/wsa/x-tab-s1807055
Alex G	Deliver	match	Standard	E A D G B E	0,0,0,0,0,0	30	https://www.songsterr.com/a/wsa/x-tab-s1431097
Alex G	deliver (chords+lead+vocals)	match	Standard	E A D G B E	0,0,0,0,0,0	27	https://www.songsterr.com/a/wsa/x-tab-s2698696
Alex G	Do It	match	Standard	E A D G B E	0,0,0,0,0,0	41	https://www.songsterr.com/a/wsa/x-tab-s1432995
Alex G	Do U	match	Standard	E A D G B E	0,0,0,0,0,0	53	https://www.songsterr.com/a/wsa/x-tab-s1368950
Alex G	Do U (ai test)	match	Standard	E A D G B E	0,0,0,0,0,0	0	https://www.songsterr.com/a/wsa/x-tab-s3217239
Alex G	Dolphin	match	Standard	E A D G B E	0,0,0,0,0,0	6	https://www.songsterr.com/a/wsa/x-tab-s1598861
Alex G	Don’t Make Me Chase After You	match	Standard	E A D G B E	0,0,0,0,0,0	56	https://www.songsterr.com/a/wsa/x-tab-s1699043
Alex G	Don’t Make Me Chase After You (gp5)	match	Standard	E A D G B E	0,0,0,0,0,0	0	https://www.songsterr.com/a/wsa/x-tab-s2376386
Alex G	Dreem Machine	match	Eb Standard	D# G# C# F# A# D#	0,0,0,0,0,0	86	https://www.songsterr.com/a/wsa/x-tab-s718185
Alex G	Dreem Machine (gp5)	match	Standard	E A D G B E	0,0,0,0,0,0	3	https://www.songsterr.com/a/wsa/x-tab-s2657791
Alex G	Early Morning Waiting (Alternate)	match	DADGAD	D A D G A D	0,0,0,0,0,0	0	https://www.songsterr.com/a/wsa/x-tab-s1369347
Alex G	East Coast	match	Drop D	D A D G B E	0,0,0,0,0,0	2200	https://www.songsterr.com/a/wsa/x-tab-s1439980
Alex G	East Coast (Rock Cover)	match	Drop D	D A D G B E	0,0,0,0,0,0	51	https://www.songsterr.com/a/wsa/x-tab-s1532200
Alex G	End Song (gp5)	match	Standard	E A D G B E	0,0,0,0,0,0	187	https://www.songsterr.com/a/wsa/x-tab-s2846368
Alex G	Everything Is Okay	match	Standard	E A D G B E	0,0,0,0,0,0	86	https://www.songsterr.com/a/wsa/x-tab-s1431184
Alex G	Evil	match	Standard	E A D G B E	0,0,0,0,0,0	9	https://www.songsterr.com/a/wsa/x-tab-s1599112
Alex G	Exist	match	Standard	E A D G B E	0,0,0,0,0,0	136	https://www.songsterr.com/a/wsa/x-tab-s643628
Alex G	Explain	match	Standard	E A D G B E	0,0,0,0,0,0	89	https://www.songsterr.com/a/wsa/x-tab-s1439971
Alex G	Falls Apart	match	Standard	E A D G B E	0,0,0,0,0,0	162	https://www.songsterr.com/a/wsa/x-tab-s1439961
Alex G	Family tree	match	Standard	E A D G B E	0,0,0,0,0,0	0	https://www.songsterr.com/a/wsa/x-tab-s2981681
Alex G	Far and Wide	match	Standard	E A D G B E	0,0,0,0,0,0	129	https://www.songsterr.com/a/wsa/x-tab-s1863269
Alex G	Fay	match	Standard	E A D G B E	0,0,0,0,0,0	691	https://www.songsterr.com/a/wsa/x-tab-s1368329
Alex G	Fell	match	Standard	E A D G B E	0,0,0,0,0,0	119	https://www.songsterr.com/a/wsa/x-tab-s1493101
Alex G	Fighting	match	Standard	E A D G B E	0,0,0,0,0,0	538	https://www.songsterr.com/a/wsa/x-tab-s666090
Alex G	Fighting (gp5)	match	Standard	E A D G B E	0,0,0,0,0,0	5	https://www.songsterr.com/a/wsa/x-tab-s2380049
Alex G	foreveer	match	Standard	E A D G B E	0,0,0,0,0,0	105	https://www.songsterr.com/a/wsa/x-tab-s997456
Alex G	Forever	match	Standard	E A D G B E	0,0,0,0,0,0	19612	https://www.songsterr.com/a/wsa/x-tab-s648385
Alex G	Forever (gp5)	match	Standard	E A D G B E	0,0,0,0,0,0	45	https://www.songsterr.com/a/wsa/x-tab-s1684274
Alex G	Freedom	match	D Standard	D G C F A D	0,0,0,0,0,0	267	https://www.songsterr.com/a/wsa/x-tab-s1439942
Alex G	Gnaw	match	Standard	E A D G B E	0,0,0,0,0,0	28915	https://www.songsterr.com/a/wsa/x-tab-s591174
Alex G	Gnaw (gp5)	match	Standard	E A D G B E	0,0,0,0,0,0	388	https://www.songsterr.com/a/wsa/x-tab-s1684233
Alex G	Go Away (Long Version)	match	Standard	E A D G B E	0,0,0,0,0,0	271	https://www.songsterr.com/a/wsa/x-tab-s1431128
Alex G	Good	match	C# F# B E G# C#	C# F# B E G# C#	0,0,0,0,0,0	495	https://www.songsterr.com/a/wsa/x-tab-s798596
Alex G	Good (gp5)	match	C# F# B E G# C#	C# F# B E G# C#	0,0,0,0,0,0	4	https://www.songsterr.com/a/wsa/x-tab-s2376337
Alex G	good green friend	match	Standard	E A D G B E	0,0,0,0,0,0	22	https://www.songsterr.com/a/wsa/x-tab-s4999572
Alex G	Gretel	match	Standard	E A D G B E	0,0,0,0,0,0	977	https://www.songsterr.com/a/wsa/x-tab-s597102
Alex G	Gretel (gp5)	match	Standard	E A D G B E	0,0,0,0,0,0	72	https://www.songsterr.com/a/wsa/x-tab-s1684301
Alex G	Harvey	match	Drop D	D A D G B E	0,0,0,0,0,0	20206	https://www.songsterr.com/a/wsa/x-tab-s681029
Alex G	Harvey (drum accurate)	match	Standard	E A D G B E	0,0,0,0,0,0	1	https://www.songsterr.com/a/wsa/x-tab-s4796934
Alex G	Harvey (gp5)	match	Standard	E A D G B E	0,0,0,0,0,0	11	https://www.songsterr.com/a/wsa/x-tab-s1684286
Alex G	Harvey (V2)	match	Standard	E A D G B E	0,0,0,0,0,0	191	https://www.songsterr.com/a/wsa/x-tab-s1133788
Alex G	He Never Feeds Me	match	Standard	E A D G B E	0,0,0,0,0,0	5	https://www.songsterr.com/a/wsa/x-tab-s986069
Alex G	Headlights	match	Standard	E A D G B E	0,0,0,0,0,0	46	https://www.songsterr.com/a/wsa/x-tab-s1863283
Alex G	Headroom Piano	match	Standard	E A D G B E	0,0,0,0,0,0	9	https://www.songsterr.com/a/wsa/x-tab-s3542979
Alex G	Hey mom and dad	match	Standard	E A D G B E	0,0,0,0,0,0	1	https://www.songsterr.com/a/wsa/x-tab-s1982810
Alex G	High	match	Standard	E A D G B E	0,0,0,0,0,0	54	https://www.songsterr.com/a/wsa/x-tab-s1368893
Alex G	Hit	match	Standard	E A D G B E	0,0,0,0,0,0	348	https://www.songsterr.com/a/wsa/x-tab-s4090226
Alex G	Hitting So Hard	match	Standard	E A D G B E	0,0,0,0,0,0	49	https://www.songsterr.com/a/wsa/x-tab-s1443094
Alex G	Hockey	match	Standard	E A D G B E	0,0,0,0,0,0	0	https://www.songsterr.com/a/wsa/x-tab-s5062506
Alex G	Hole in the Ground	match	Standard	E A D G B E	0,0,0,0,0,0	198	https://www.songsterr.com/a/wsa/x-tab-s1369480
Alex G	Hollow	match	D G B F# B E	D G B F# B E	0,0,0,0,0,0	787	https://www.songsterr.com/a/wsa/x-tab-s560581
Alex G	Hollow (gp5)	match	D G D F# B E	D G D F# B E	0,0,0,0,0,0	12	https://www.songsterr.com/a/wsa/x-tab-s1684277
Alex G	Holy Fuck SHOOTING STAR	match	Standard	E A D G B E	0,0,0,0,0,0	553	https://www.songsterr.com/a/wsa/x-tab-s1371948
Alex G	House	match	Drop D	D A D G B E	0,0,0,0,0,0	453	https://www.songsterr.com/a/wsa/x-tab-s2189241
Alex G	I Remember You	match	Standard	E A D G B E	0,0,0,0,0,0	214	https://www.songsterr.com/a/wsa/x-tab-s1471091
Alex G	I Remember You (gp5)	match	Standard	E A D G B E	0,0,0,0,0,0	5	https://www.songsterr.com/a/wsa/x-tab-s2376319
Alex G	i wait for u	match	Standard	E A D G B E	0,0,0,0,0,0	95	https://www.songsterr.com/a/wsa/x-tab-s1403479
Alex G	i wait for you (r)	match	Standard	E A D G B E	0,0,0,0,0,0	288	https://www.songsterr.com/a/wsa/x-tab-s1224714
Alex G	I want my life to be a story	match	Standard	E A D G B E	0,0,0,0,0,0	68	https://www.songsterr.com/a/wsa/x-tab-s722491
Alex G	Icehead	match	Standard	E A D G B E	0,0,0,0,0,0	369	https://www.songsterr.com/a/wsa/x-tab-s736188
Alex G	Icehead (gp5)	match	Standard	E A D G B E	0,0,0,0,0,0	18	https://www.songsterr.com/a/wsa/x-tab-s1684288
Alex G	I’m not like the other girls	match	Standard	E A D G B E	0,0,0,0,0,0	509	https://www.songsterr.com/a/wsa/x-tab-s1507517
Alex G	In Love (gp5)	match	Standard	E A D G B E	0,0,0,0,0,0	201	https://www.songsterr.com/a/wsa/x-tab-s1807050
Alex G	In My Blood	match	Standard	E A D G B E	0,0,0,0,0,0	69	https://www.songsterr.com/a/wsa/x-tab-s1688251
Alex G	In My Blood (AI)	match	Standard	E A D G B E	0,0,0,0,0,0	1	https://www.songsterr.com/a/wsa/x-tab-s4684820
Alex G	Inna	match	Standard	E A D G B E	0,0,0,0,0,0	1	https://www.songsterr.com/a/wsa/x-tab-s1414376
Alex G	Instagram Snippet	match	Standard	E A D G B E	0,0,0,0,0,0	108	https://www.songsterr.com/a/wsa/x-tab-s1488880
Alex G	Instru Which Is Really Good	match	Standard	E A D G B E	0,0,0,0,0,0	0	https://www.songsterr.com/a/wsa/x-tab-s1368870
Alex G	Intro	match	Standard	E A D G B E	0,0,0,0,0,0	0	https://www.songsterr.com/a/wsa/x-tab-s3394029
Alex G	Is It Still You In There?	match	Standard	E A D G B E	0,0,0,0,0,0	25	https://www.songsterr.com/a/wsa/x-tab-s1863267
Alex G	Jack + Wife	match	Standard	E A D G B E	0,0,0,0,0,0	8	https://www.songsterr.com/a/wsa/x-tab-s3251277
Alex G	Jack + Wife (ft. Abi Reimold)	match	Standard	E A D G B E	0,0,0,0,0,0	153	https://www.songsterr.com/a/wsa/x-tab-s1369458
Alex G	Jack + Wife FULL TAB	match	Standard	E A D G B E	0,0,0,0,0,0	8	https://www.songsterr.com/a/wsa/x-tab-s4281520
Alex G	Joy	match	Standard	E A D G B E	0,0,0,0,0,0	187	https://www.songsterr.com/a/wsa/x-tab-s1439999
Alex G	Judge	match	Standard	E A D G B E	0,0,0,0,0,0	164	https://www.songsterr.com/a/wsa/x-tab-s648854
Alex G	June Guitar	match	Standard	E A D G B E	0,0,0,0,0,0	2099	https://www.songsterr.com/a/wsa/x-tab-s1745488
Alex G	June Guitar (Fallon)	match	Standard	E A D G B E	0,0,0,0,0,0	24	https://www.songsterr.com/a/wsa/x-tab-s3161913
Alex G	June Guitar (Man Made)	match	Drop D	D A D G B E	0,0,0,0,0,0	331	https://www.songsterr.com/a/wsa/x-tab-s3602203
Alex G	kicker	match	Standard	E A D G B E	0,0,0,0,0,0	796	https://www.songsterr.com/a/wsa/x-tab-s1170530
Alex G	Kicker (gp5)	match	D A D F# B E	D A D F# B E	0,0,0,0,0,0	24	https://www.songsterr.com/a/wsa/x-tab-s1807070
Alex G	kicker (Original Ver.)	match	D A D F# B E	D A D F# B E	0,0,0,0,0,0	1213	https://www.songsterr.com/a/wsa/x-tab-s1791054
Alex G	Know Now	match	Standard	E A D G B E	0,0,0,0,0,0	73	https://www.songsterr.com/a/wsa/x-tab-s2354091
Alex G	Kong	match	Standard	E A D G B E	0,0,0,0,0,0	455	https://www.songsterr.com/a/wsa/x-tab-s1431105
Alex G	Krying	match	Standard	E A D G B E	0,0,0,0,0,0	189	https://www.songsterr.com/a/wsa/x-tab-s686976
Alex G	Krying 2.0	match	Standard	E A D G B E	0,0,0,0,0,0	494	https://www.songsterr.com/a/wsa/x-tab-s1368772
Alex G	Kute	match	Standard	E A D G B E	0,0,0,0,0,0	1054	https://www.songsterr.com/a/wsa/x-tab-s1299565
Alex G	Let It Go	match	Standard	E A D G B E	0,0,0,0,0,0	664	https://www.songsterr.com/a/wsa/x-tab-s850168
Alex G	Let It Go (gp5)	match	Standard	E A D G B E	0,0,0,0,0,0	2	https://www.songsterr.com/a/wsa/x-tab-s1684238
Alex G	Let It Go (Gtr Only)	match	Standard	E A D G B E	0,0,0,0,0,0	0	https://www.songsterr.com/a/wsa/x-tab-s3874490
Alex G	Library Lady	match	Standard	E A D G B E	0,0,0,0,0,0	4	https://www.songsterr.com/a/wsa/x-tab-s1369477
Alex G	Light	match	Standard	E A D G B E	0,0,0,0,0,0	63	https://www.songsterr.com/a/wsa/x-tab-s1732745
Alex G	Live 4eva wit parents	match	Drop D	D A D G B E	0,0,0,0,0,0	7	https://www.songsterr.com/a/wsa/x-tab-s1368315
Alex G	Logan Hotel	match	Standard	E A D G B E	0,0,0,0,0,0	52	https://www.songsterr.com/a/wsa/x-tab-s1864598
Alex G	Louisiana	match	Standard	E A D G B E	0,0,0,0,0,0	341	https://www.songsterr.com/a/wsa/x-tab-s1863271
Alex G	Lucy	match	Standard	E A D G B E	0,0,0,0,0,0	45	https://www.songsterr.com/a/wsa/x-tab-s1368686
Alex G	Lucy the Cutie	match	Standard	E A D G B E	0,0,0,0,0,0	31	https://www.songsterr.com/a/wsa/x-tab-s1932008
Alex G	Magic	match	Standard	E A D G B E	0,0,0,0,0,0	0	https://www.songsterr.com/a/wsa/x-tab-s2370205
Alex G	Magic Mirror	match	D Standard	D G C F A D	0,0,0,0,0,0	2	https://www.songsterr.com/a/wsa/x-tab-s1481531
Alex G	Magic Mirror (good vers)	match	D Standard	D G C F A D	0,0,0,0,0,0	0	https://www.songsterr.com/a/wsa/x-tab-s1848225
Alex G	Mary	match	Standard	E A D G B E	0,0,0,0,0,0	266206	https://www.songsterr.com/a/wsa/x-tab-s531015
Alex G	mary but its the best part slowed	match	Standard	E A D G B E	0,0,0,0,0,0	195	https://www.songsterr.com/a/wsa/x-tab-s948653
Alex G	Mary Drop C#	match	Drop C#	C# G# C# F# A# D#	0,0,0,0,0,0	18	https://www.songsterr.com/a/wsa/x-tab-s2231765
Alex G	Mary Electric Guitar Tab	match	Standard	E A D G B E	0,0,0,0,0,0	34	https://www.songsterr.com/a/wsa/x-tab-s1119691
Alex G	Mary (Lyrics)	match	Standard	E A D G B E	0,0,0,0,0,0	240	https://www.songsterr.com/a/wsa/x-tab-s1812823
Alex G	mary (outro)	match	Standard	E A D G B E	0,0,0,0,0,0	93	https://www.songsterr.com/a/wsa/x-tab-s759350
Alex G	Master	match	Standard	E A D G B E	0,0,0,0,0,0	14198	https://www.songsterr.com/a/wsa/x-tab-s736953
Alex G	Math	match	Drop D	D A D G B E	0,0,0,0,0,0	58	https://www.songsterr.com/a/wsa/x-tab-s1439951
Alex G	Math (AI)	match	Drop D	D A D G B E	0,0,0,0,0,0	9	https://www.songsterr.com/a/wsa/x-tab-s1045011
Alex G	Math / Track 04	match	Standard	E A D G B E	0,0,0,0,0,0	2	https://www.songsterr.com/a/wsa/x-tab-s1369303
Alex G	maybe baby	match	Standard	E A D G B E	0,0,0,0,0,0	133	https://www.songsterr.com/a/wsa/x-tab-s672766
Alex G	Memory	match	Eb Standard	D# G# C# F# A# D#	0,0,0,0,0,0	2447	https://www.songsterr.com/a/wsa/x-tab-s729229
Alex G	memory guitar tutorial	match	Drop C	C G C F A D	0,0,0,0,0,0	24	https://www.songsterr.com/a/wsa/x-tab-s2262621
Alex G	Message	match	Standard	E A D G B E	0,0,0,0,0,0	2415	https://www.songsterr.com/a/wsa/x-tab-s2575621
Alex G	Message (gp5)	match	Standard	E A D G B E	0,0,0,0,0,0	124	https://www.songsterr.com/a/wsa/x-tab-s1684252
Alex G	Message - Rules	match	Standard	E A D G B E	0,0,0,0,0,0	19838	https://www.songsterr.com/a/wsa/x-tab-s715479
Alex G	Miracles	match	Standard	E A D G B E	0,0,0,0,0,0	546	https://www.songsterr.com/a/wsa/x-tab-s861962
Alex G	Mis	match	Standard	E A D G B E	0,0,0,0,0,0	1572	https://www.songsterr.com/a/wsa/x-tab-s704939
Alex G	Molly	match	Standard	E A D G B E	0,0,0,0,0,0	281	https://www.songsterr.com/a/wsa/x-tab-s888267
Alex G	Mud	match	Open C	C G C G C E	0,0,0,0,0,0	60	https://www.songsterr.com/a/wsa/x-tab-s1214375
Alex G	Muppet	match	Drop D	D A D G B E	0,0,0,0,0,0	300	https://www.songsterr.com/a/wsa/x-tab-s1431143
Alex G	Muppet (Not AI)	match	Open D	D A D F# A D	0,0,0,0,0,0	0	https://www.songsterr.com/a/wsa/x-tab-s5603467
Alex G	My Friend	match	Standard	E A D G B E	0,0,0,0,0,0	50	https://www.songsterr.com/a/wsa/x-tab-s1692626
Alex G	My Name Is Pierson	match	Standard	E A D G B E	0,0,0,0,0,0	59	https://www.songsterr.com/a/wsa/x-tab-s1431147
Alex G	New	match	Standard	E A D G B E	0,0,0,0,0,0	35	https://www.songsterr.com/a/wsa/x-tab-s1692632
Alex G	New (gp5)	match	Drop D	D A D G B E	0,0,0,0,0,0	3	https://www.songsterr.com/a/wsa/x-tab-s1684259
Alex G	Nintendo 64	match	Drop D	D A D G B E	0,0,0,0,0,0	12700	https://www.songsterr.com/a/wsa/x-tab-s595211
Alex G	No Bitterness	match	Standard	E A D G B E	0,0,0,0,0,0	10	https://www.songsterr.com/a/wsa/x-tab-s1689532
Alex G	Not Afraid	match	Standard	E A D G B E	0,0,0,0,0,0	1	https://www.songsterr.com/a/wsa/x-tab-s1369338
Alex G	Not Anywhere	match	Standard	E A D G B E	0,0,0,0,0,0	15835	https://www.songsterr.com/a/wsa/x-tab-s730866
Alex G	not anywhere (all instruments)	match	Standard	E A D G B E	0,0,0,0,0,0	177	https://www.songsterr.com/a/wsa/x-tab-s4587048
Alex G	Not Really	match	Standard	E A D G B E	0,0,0,0,0,0	12	https://www.songsterr.com/a/wsa/x-tab-s1368693
Alex G	Not So Tough	match	Drop D	D A D G B E	0,0,0,0,0,0	71	https://www.songsterr.com/a/wsa/x-tab-s1493092
Alex G	Not So Tough (gp5)	match	Standard	E A D G B E	0,0,0,0,0,0	11	https://www.songsterr.com/a/wsa/x-tab-s2376378
Alex G	Nothing	match	Standard	E A D G B E	0,0,0,0,0,0	7	https://www.songsterr.com/a/wsa/x-tab-s4281528
Alex G	Nothing (gp5)	match	Standard	E A D G B E	0,0,0,0,0,0	91	https://www.songsterr.com/a/wsa/x-tab-s2380061
Alex G	Nuts	match	Standard	E A D G B E	0,0,0,0,0,0	0	https://www.songsterr.com/a/wsa/x-tab-s2935582
Alex G	Oh Baby Baby	match	Standard	E A D G B E	0,0,0,0,0,0	84	https://www.songsterr.com/a/wsa/x-tab-s1472123
Alex G	Oh, Okay	match	Standard	E A D G B E	0,0,0,0,0,0	5	https://www.songsterr.com/a/wsa/x-tab-s1369438
Alex G	Okay	match	Standard	E A D G B E	0,0,0,0,0,0	116	https://www.songsterr.com/a/wsa/x-tab-s986171
Alex G	OLC152	match	Standard	E A D G B E	0,0,0,0,0,0	0	https://www.songsterr.com/a/wsa/x-tab-s3076325
Alex G	Oranges	match	B F# B E G# C#	B F# B E G# C#	0,0,0,0,0,0	536	https://www.songsterr.com/a/wsa/x-tab-s1854201
Alex G	Oranges (gp5)	match	Drop D	D A D G B E	0,0,0,0,0,0	47	https://www.songsterr.com/a/wsa/x-tab-s2376303
Alex G	Outro	match	Standard	E A D G B E	0,0,0,0,0,0	112	https://www.songsterr.com/a/wsa/x-tab-s1369435
Alex G	People	match	Standard	E A D G B E	0,0,0,0,0,0	351	https://www.songsterr.com/a/wsa/x-tab-s2480669
Alex G	People (gp5)	match	Standard	E A D G B E	0,0,0,0,0,0	7	https://www.songsterr.com/a/wsa/x-tab-s2909011
Alex G	People - Trick	match	Standard	E A D G B E	0,0,0,0,0,0	133	https://www.songsterr.com/a/wsa/x-tab-s2564722
Alex G	Poison Root	match	Standard	E A D G B E	0,0,0,0,0,0	451	https://www.songsterr.com/a/wsa/x-tab-s1697560
Alex G	Powerful Man	match	DADGAD	D A D G A D	0,0,0,0,0,0	769	https://www.songsterr.com/a/wsa/x-tab-s1770409
Alex G	Powerful Man (gp5)	match	C# F# B E B E	C# F# B E B E	0,0,0,0,0,0	36	https://www.songsterr.com/a/wsa/x-tab-s1684297
Alex G	pretend	match	Standard	E A D G B E	0,0,0,0,0,0	30703	https://www.songsterr.com/a/wsa/x-tab-s614497
Alex G	Pretend Alex G Fixed	match	Standard	E A D G B E	0,0,0,0,0,0	63	https://www.songsterr.com/a/wsa/x-tab-s4675974
Alex G	Proud.	match	Standard	E A D G B E	0,0,0,0,0,0	105	https://www.songsterr.com/a/wsa/x-tab-s948865
Alex G	Punk	match	Standard	E A D G B E	0,0,0,0,0,0	16	https://www.songsterr.com/a/wsa/x-tab-s1431061
Alex G	Race	match	Standard	E A D G B E	0,0,0,0,0,0	8993	https://www.songsterr.com/a/wsa/x-tab-s599864
Alex G	Race Ai	match	Standard	E A D G B E	0,0,0,0,0,0	47	https://www.songsterr.com/a/wsa/x-tab-s3060663
Alex G	Race Electric Guitar Intro	match	Standard	E A D G B E	0,0,0,0,0,0	715	https://www.songsterr.com/a/wsa/x-tab-s903657
Alex G	RACEEEEEEEEEEEE.....2	match	Standard	E A D G B E	0,0,0,0,0,0	66	https://www.songsterr.com/a/wsa/x-tab-s702433
Alex G	Ready	match	Standard	E A D G B E	0,0,0,0,0,0	117	https://www.songsterr.com/a/wsa/x-tab-s2599039
Alex G	Ready To Move!	match	Standard	E A D G B E	0,0,0,0,0,0	10	https://www.songsterr.com/a/wsa/x-tab-s1431188
Alex G	Real Thing	match	Standard	E A D G B E	0,0,0,0,0,0	220	https://www.songsterr.com/a/wsa/x-tab-s1863264
Alex G	Rejoyce	match	Standard	E A D G B E	0,0,0,0,0,0	93	https://www.songsterr.com/a/wsa/x-tab-s732774
Alex G	Remember	match	Standard	E A D G B E	0,0,0,0,0,0	1041	https://www.songsterr.com/a/wsa/x-tab-s718879
Alex G	Remember (ELEC DEMO)	match	Standard	E A D G B E	0,0,0,0,0,0	18	https://www.songsterr.com/a/wsa/x-tab-s3542969
Alex G	Remember (Electric Demo)	match	Standard	E A D G B E	0,0,0,0,0,0	38	https://www.songsterr.com/a/wsa/x-tab-s1518612
Alex G	Remember [Live]	match	Standard	E A D G B E	0,0,0,0,0,0	24	https://www.songsterr.com/a/wsa/x-tab-s1684219
Alex G	Ride Home	match	Standard	E A D G B E	0,0,0,0,0,0	121	https://www.songsterr.com/a/wsa/x-tab-s3874584
Alex G	Rocket	match	Standard	E A D G B E	0,0,0,0,0,0	100	https://www.songsterr.com/a/wsa/x-tab-s3264094
Alex G	Rozi	match	Standard	E A D G B E	0,0,0,0,0,0	0	https://www.songsterr.com/a/wsa/x-tab-s4218411
Alex G	Rules	match	Standard	E A D G B E	0,0,0,0,0,0	615	https://www.songsterr.com/a/wsa/x-tab-s736178
Alex G	Rules Acoustic	match	Standard	E A D G B E	0,0,0,0,0,0	1	https://www.songsterr.com/a/wsa/x-tab-s5547594
Alex G	rules intro live	match	Standard	E A D G B E	0,0,0,0,0,0	12	https://www.songsterr.com/a/wsa/x-tab-s4981254
Alex G	Runner (Lead) (Rhythm is Wrong)	match	Standard	E A D G B E	0,0,0,0,0,0	127	https://www.songsterr.com/a/wsa/x-tab-s1861482
Alex G	S.D.O.S	match	Standard	E A D G B E	0,0,0,0,0,0	5	https://www.songsterr.com/a/wsa/x-tab-s3255195
Alex G	Sally	match	Standard	E A D G B E	0,0,0,0,0,0	114	https://www.songsterr.com/a/wsa/x-tab-s2009391
Alex G	Salt	match	Standard	E A D G B E	0,0,0,0,0,0	371	https://www.songsterr.com/a/wsa/x-tab-s736191
Alex G	Salt (gp5)	match	Standard	E A D G B E	0,0,0,0,0,0	3	https://www.songsterr.com/a/wsa/x-tab-s1684212
Alex G	Sandy	match	D A D F# B E	D A D F# B E	0,0,0,0,0,0	7583	https://www.songsterr.com/a/wsa/x-tab-s560582
Alex G	Sandy (gp5)	match	D A D F# B E	D A D F# B E	0,0,0,0,0,0	42	https://www.songsterr.com/a/wsa/x-tab-s1684257
Alex G	Sarah	match	Eb Standard	D# G# C# F# A# D#	0,0,0,0,0,0	37782	https://www.songsterr.com/a/wsa/x-tab-s577839
Alex G	Sarah (gp5)	match	Standard	E A D G B E	0,0,0,0,0,0	299	https://www.songsterr.com/a/wsa/x-tab-s1684272
Alex G	Scar Tattoo	match	Standard	E A D G B E	0,0,0,0,0,0	184	https://www.songsterr.com/a/wsa/x-tab-s1368311
Alex G	Scar Tattoo (v2)	match	Standard	E A D G B E	0,0,0,0,0,0	182	https://www.songsterr.com/a/wsa/x-tab-s1283778
Alex G	Scared	match	Eb Standard	D# G# C# F# A# D#	0,0,0,0,0,0	65	https://www.songsterr.com/a/wsa/x-tab-s1440269
Alex G	Screaming Laughing	match	Standard	E A D G B E	0,0,0,0,0,0	0	https://www.songsterr.com/a/wsa/x-tab-s2468563
Alex G	Screwy People	match	Standard	E A D G B E	0,0,0,0,0,0	124	https://www.songsterr.com/a/wsa/x-tab-s1431159
Alex G	Serpent Is Lord	match	D A C# G B E	D A C# G B E	0,0,0,0,0,0	760	https://www.songsterr.com/a/wsa/x-tab-s736187
Alex G	Serpent is Lord (gp5)	match	D A C# G B E	D A C# G B E	0,0,0,0,0,0	26	https://www.songsterr.com/a/wsa/x-tab-s1684282
Alex G	Serpent Is Lord (lelrsol)	match	Drop D	D A D G B E	0,0,0,0,0,0	3	https://www.songsterr.com/a/wsa/x-tab-s4646341
Alex G	Shit	match	Standard	E A D G B E	0,0,0,0,0,0	74	https://www.songsterr.com/a/wsa/x-tab-s1634913
Alex G	Skating	match	Standard	E A D G B E	0,0,0,0,0,0	123	https://www.songsterr.com/a/wsa/x-tab-s2291724
Alex G	Skipper	match	Eb Standard	D# G# C# F# A# D#	0,0,0,0,0,0	664	https://www.songsterr.com/a/wsa/x-tab-s793940
Alex G	Skipper(Guitar Only)	match	F A# D# G# C F	F A# D# G# C F	0,0,0,0,0,0	97	https://www.songsterr.com/a/wsa/x-tab-s1450658
Alex G	Skull Love	match	Standard	E A D G B E	0,0,0,0,0,0	14	https://www.songsterr.com/a/wsa/x-tab-s1369497
Alex G	Sloth	match	Standard	E A D G B E	0,0,0,0,0,0	69	https://www.songsterr.com/a/wsa/x-tab-s1431193
Alex G	Snot	match	Standard	E A D G B E	0,0,0,0,0,0	1447	https://www.songsterr.com/a/wsa/x-tab-s647794
Alex G	Snot [2011 Demo]	match	Standard	E A D G B E	0,0,0,0,0,0	144	https://www.songsterr.com/a/wsa/x-tab-s1431115
Alex G	Snot live	match	Standard	E A D G B E	0,0,0,0,0,0	55	https://www.songsterr.com/a/wsa/x-tab-s668215
Alex G	So	match	Standard	E A D G B E	0,0,0,0,0,0	839	https://www.songsterr.com/a/wsa/x-tab-s1735489
Alex G	Soaker	match	Standard	E A D G B E	0,0,0,0,0,0	888	https://www.songsterr.com/a/wsa/x-tab-s1547911
Alex G	Soflascent Memoreis	match	Standard	E A D G B E	0,0,0,0,0,0	5	https://www.songsterr.com/a/wsa/x-tab-s1368882
Alex G	something 2 b	match	Standard	E A D G B E	0,0,0,0,0,0	761	https://www.songsterr.com/a/wsa/x-tab-s823233
Alex G	Something 2B	match	Standard	E A D G B E	0,0,0,0,0,0	272	https://www.songsterr.com/a/wsa/x-tab-s1493087
Alex G	sometimes	match	Drop C	C G C F A D	0,0,0,0,0,0	25218	https://www.songsterr.com/a/wsa/x-tab-s648965
Alex G	sometimes-bass (written by ear+with ai, sorry if its bad)	match	Drop C	C G C F A D	0,0,0,0,0,0	62	https://www.songsterr.com/a/wsa/x-tab-s1105747
Alex G	Sometimes (Strumdoc Cover)	match	D Standard	D G C F A D	0,0,0,0,0,0	30	https://www.songsterr.com/a/wsa/x-tab-s1717695
Alex G	Sorry	match	Standard	E A D G B E	0,0,0,0,0,0	9711	https://www.songsterr.com/a/wsa/x-tab-s767961
Alex G	Sorry (gp5)	match	Standard	E A D G B E	0,0,0,0,0,0	71	https://www.songsterr.com/a/wsa/x-tab-s1684291
Alex G	Southern Sky	match	Standard	E A D G B E	0,0,0,0,0,0	1026	https://www.songsterr.com/a/wsa/x-tab-s800146
Alex G	Southern Sky (not that accurate)	match	Standard	E A D G B E	0,0,0,0,0,0	20	https://www.songsterr.com/a/wsa/x-tab-s2170306
Alex G	Spiders	match	Standard	E A D G B E	0,0,0,0,0,0	54	https://www.songsterr.com/a/wsa/x-tab-s1667465
Alex G	Spinning	match	Standard	E A D G B E	0,0,0,0,0,0	13	https://www.songsterr.com/a/wsa/x-tab-s1863244
Alex G	Station	match	Standard	E A D G B E	0,0,0,0,0,0	74	https://www.songsterr.com/a/wsa/x-tab-s2292401
Alex G	Station (good)	match	Standard	E A D G B E	0,0,0,0,0,0	2	https://www.songsterr.com/a/wsa/x-tab-s3394124
Alex G	Stop.	match	Drop D	D A D G B E	0,0,0,0,0,0	47	https://www.songsterr.com/a/wsa/x-tab-s1439950
Alex G	String	match	Standard	E A D G B E	0,0,0,0,0,0	1521	https://www.songsterr.com/a/wsa/x-tab-s1369588
Alex G	SugarHouse	match	Standard	E A D G B E	0,0,0,0,0,0	35	https://www.songsterr.com/a/wsa/x-tab-s1667977
Alex G	Sum Secret	match	Drop C	C G C F A D	0,0,0,0,0,0	652	https://www.songsterr.com/a/wsa/x-tab-s1160705
Alex G	Take	match	Standard	E A D G B E	0,0,0,0,0,0	18	https://www.songsterr.com/a/wsa/x-tab-s2947745
Alex G	Take (ai test)	match	Standard	E A D G B E	0,0,0,0,0,0	4	https://www.songsterr.com/a/wsa/x-tab-s3211373
Alex G	Talking	match	Standard	E A D G B E	0,0,0,0,0,0	287	https://www.songsterr.com/a/wsa/x-tab-s960751
Alex G	Tangled	match	Drop D	D A D G B E	0,0,0,0,0,0	36	https://www.songsterr.com/a/wsa/x-tab-s1368735
Alex G	The Cult Of Lord Jesus H Christ	match	Standard	E A D G B E	0,0,0,0,0,0	4961	https://www.songsterr.com/a/wsa/x-tab-s1369489
Alex G	The Same	match	Standard	E A D G B E	0,0,0,0,0,0	3210	https://www.songsterr.com/a/wsa/x-tab-s613108
Alex G	The Same (gp5)	match	Standard	E A D G B E	0,0,0,0,0,0	15	https://www.songsterr.com/a/wsa/x-tab-s1684232
Alex G	the weather is warm tonight	match	Standard	E A D G B E	0,0,0,0,0,0	0	https://www.songsterr.com/a/wsa/x-tab-s4289100
Alex G	Things To Do	match	Standard	E A D G B E	0,0,0,0,0,0	28509	https://www.songsterr.com/a/wsa/x-tab-s588256
Alex G	Things to Do (gp5)	match	Standard	E A D G B E	0,0,0,0,0,0	36	https://www.songsterr.com/a/wsa/x-tab-s1684244
Alex G	Think (Maggot House Acoustic)	match	Standard	E A D G B E	0,0,0,0,0,0	9	https://www.songsterr.com/a/wsa/x-tab-s1440410
Alex G	This Is Just My Place In Space	match	Standard	E A D G B E	0,0,0,0,0,0	47	https://www.songsterr.com/a/wsa/x-tab-s1369419
Alex G	This Is My House	match	Standard	E A D G B E	0,0,0,0,0,0	1	https://www.songsterr.com/a/wsa/x-tab-s1368713
Alex G	This Is My House (ai test)	match	Standard	E A D G B E	0,0,0,0,0,0	0	https://www.songsterr.com/a/wsa/x-tab-s3159719
Alex G	Tie Me Down	match	Standard	E A D G B E	0,0,0,0,0,0	35	https://www.songsterr.com/a/wsa/x-tab-s1368871
Alex G	Time / Space	match	Standard	E A D G B E	0,0,0,0,0,0	74	https://www.songsterr.com/a/wsa/x-tab-s1634523
Alex G	Track	match	Standard	E A D G B E	0,0,0,0,0,0	61	https://www.songsterr.com/a/wsa/x-tab-s1368912
Alex G	Track 01 / Interview	match	Standard	E A D G B E	0,0,0,0,0,0	0	https://www.songsterr.com/a/wsa/x-tab-s1369277
Alex G	Track 02 / Big Fat Head	match	Standard	E A D G B E	0,0,0,0,0,0	25	https://www.songsterr.com/a/wsa/x-tab-s1369280
Alex G	Track 03 / Say Your Prayers	match	Standard	E A D G B E	0,0,0,0,0,0	50	https://www.songsterr.com/a/wsa/x-tab-s1369294
Alex G	Track 04 / MATH DEMO	match	Drop D	D A D G B E	0,0,0,0,0,0	7	https://www.songsterr.com/a/wsa/x-tab-s1372461
Alex G	Track 05 / Hear Yourself (Think About It)	match	Standard	E A D G B E	0,0,0,0,0,0	327	https://www.songsterr.com/a/wsa/x-tab-s1369279
Alex G	Track 06 / So Sick	match	Drop C	C G C F A D	0,0,0,0,0,0	4	https://www.songsterr.com/a/wsa/x-tab-s1368744
Alex G	Track 07	match	D A D F# B E	D A D F# B E	0,0,0,0,0,0	125	https://www.songsterr.com/a/wsa/x-tab-s2851549
Alex G	Track 07 (AI Test)	match	Drop D	D A D G B E	0,0,0,0,0,0	293	https://www.songsterr.com/a/wsa/x-tab-s834919
Alex G	Track 07 / You Knew	match	Drop D	D A D G B E	0,0,0,0,0,0	816	https://www.songsterr.com/a/wsa/x-tab-s1369286
Alex G	Track 08	match	Standard	E A D G B E	0,0,0,0,0,0	3	https://www.songsterr.com/a/wsa/x-tab-s3389464
Alex G	Track 08 / Need You	match	Standard	E A D G B E	0,0,0,0,0,0	68	https://www.songsterr.com/a/wsa/x-tab-s1369300
Alex G	Track 09 / Family Tree	match	Standard	E A D G B E	0,0,0,0,0,0	3	https://www.songsterr.com/a/wsa/x-tab-s1369301
Alex G	Track 10 / Halloween	match	Eb Standard	D# G# C# F# A# D#	0,0,0,0,0,0	176	https://www.songsterr.com/a/wsa/x-tab-s1369296
Alex G	Track 11 / Baby	match	Standard	E A D G B E	0,0,0,0,0,0	3	https://www.songsterr.com/a/wsa/x-tab-s1369293
Alex G	Track 12 / Morning (Killer in Me)	match	Drop D	D A D G B E	0,0,0,0,0,0	82	https://www.songsterr.com/a/wsa/x-tab-s1369290
Alex G	Track 13 / Go On	match	Standard	E A D G B E	0,0,0,0,0,0	14	https://www.songsterr.com/a/wsa/x-tab-s1369327
Alex G	Track 15 / Play Right	match	Standard	E A D G B E	0,0,0,0,0,0	19	https://www.songsterr.com/a/wsa/x-tab-s1369313
Alex G	Track 16 / Exist Wish I Wuz	match	D Standard	D G C F A D	0,0,0,0,0,0	20	https://www.songsterr.com/a/wsa/x-tab-s1369333
Alex G	Track 17 / Treehouse	match	Standard	E A D G B E	0,0,0,0,0,0	1012	https://www.songsterr.com/a/wsa/x-tab-s1369323
Alex G	Track 18 / BYe Bye Bye	match	Standard	E A D G B E	0,0,0,0,0,0	15	https://www.songsterr.com/a/wsa/x-tab-s1372463
Alex G	track 7	match	Drop D	D A D G B E	0,0,0,0,0,0	64	https://www.songsterr.com/a/wsa/x-tab-s1305504
Alex G	Trade	match	Standard	E A D G B E	0,0,0,0,0,0	56	https://www.songsterr.com/a/wsa/x-tab-s1501586
Alex G	Trash	match	Standard	E A D G B E	0,0,0,0,0,0	1941	https://www.songsterr.com/a/wsa/x-tab-s1493089
Alex G	Treehouse (alternative)	match	Standard	E A D G B E	0,0,0,0,0,0	10	https://www.songsterr.com/a/wsa/x-tab-s5431279
Alex G	Trick	match	Standard	E A D G B E	0,0,0,0,0,0	460	https://www.songsterr.com/a/wsa/x-tab-s1431102
Alex G	Trick Acoustic (Hand Tabbed + Accurate)	match	Standard	E A D G B E	0,0,0,0,0,0	65	https://www.songsterr.com/a/wsa/x-tab-s1926812
Alex G	TRICK ACOUSTIC LEAD	match	Standard	E A D G B E	0,0,0,0,0,0	74	https://www.songsterr.com/a/wsa/x-tab-s1926816
Alex G	Trick (gp5)	match	Standard	E A D G B E	0,0,0,0,0,0	0	https://www.songsterr.com/a/wsa/x-tab-s3132583
Alex G	Trouble	match	Standard	E A D G B E	0,0,0,0,0,0	56	https://www.songsterr.com/a/wsa/x-tab-s1598836
Alex G	Tunnel	match	Standard	E A D G B E	0,0,0,0,0,0	39	https://www.songsterr.com/a/wsa/x-tab-s1598835
Alex G	TV	match	Drop D	D A D G B E	0,0,0,0,0,0	2653	https://www.songsterr.com/a/wsa/x-tab-s678041
Alex G	Uh	match	Standard	E A D G B E	0,0,0,0,0,0	140	https://www.songsterr.com/a/wsa/x-tab-s1431161
Alex G	Uh (gp5)	match	Standard	E A D G B E	0,0,0,0,0,0	10	https://www.songsterr.com/a/wsa/x-tab-s2380065
Alex G	Uncle Benny	match	Standard	E A D G B E	0,0,0,0,0,0	13	https://www.songsterr.com/a/wsa/x-tab-s1368910
Alex G	Untitled	match	Standard	E A D G B E	0,0,0,0,0,0	29	https://www.songsterr.com/a/wsa/x-tab-s2496792
Alex G	Waiting for You	MISMATCH	Drop D	D A D G B E	-24,0,0,0,0,0	563	https://www.songsterr.com/a/wsa/x-tab-s4861328
Alex G	Walk	match	Standard	E A D G B E	0,0,0,0,0,0	17	https://www.songsterr.com/a/wsa/x-tab-s4640479
Alex G	Walk Away / Crime	match	Standard	E A D G B E	0,0,0,0,0,0	12	https://www.songsterr.com/a/wsa/x-tab-s1440201
Alex G	Water	match	Eb Standard	D# G# C# F# A# D#	0,0,0,0,0,0	57	https://www.songsterr.com/a/wsa/x-tab-s1535187
Alex G	Water Acoustic	match	Eb Standard	D# G# C# F# A# D#	0,0,0,0,0,0	28	https://www.songsterr.com/a/wsa/x-tab-s1368123
Alex G	Whale	match	Drop D	D A D G B E	0,0,0,0,0,0	287	https://www.songsterr.com/a/wsa/x-tab-s824515
Alex G	Whale (gp5)	match	Standard	E A D G B E	0,0,0,0,0,0	4	https://www.songsterr.com/a/wsa/x-tab-s2846325
Alex G	What Does It Mean	match	Standard	E A D G B E	0,0,0,0,0,0	9	https://www.songsterr.com/a/wsa/x-tab-s1368704
Alex G	Where are you Going	match	Standard	E A D G B E	0,0,0,0,0,0	65	https://www.songsterr.com/a/wsa/x-tab-s1440293
Alex G	WHORE	match	Standard	E A D G B E	0,0,0,0,0,0	14	https://www.songsterr.com/a/wsa/x-tab-s2233263
Alex G	Why Do You	match	Drop D	D A D G B E	0,0,0,0,0,0	31	https://www.songsterr.com/a/wsa/x-tab-s1431088
Alex G	Wichita	match	Standard	E A D G B E	0,0,0,0,0,0	24	https://www.songsterr.com/a/wsa/x-tab-s1848232
Alex G	Wichita, KA	match	Standard	E A D G B E	0,0,0,0,0,0	131	https://www.songsterr.com/a/wsa/x-tab-s1369498
Alex G	Wichita, KA (gp5)	match	Standard	E A D G B E	0,0,0,0,0,0	294	https://www.songsterr.com/a/wsa/x-tab-s4431716
Alex G	Wicked Boy	match	Standard	E A D G B E	0,0,0,0,0,0	72	https://www.songsterr.com/a/wsa/x-tab-s666001
Alex G	Wicked Boy (gp5)	match	Standard	E A D G B E	0,0,0,0,0,0	28	https://www.songsterr.com/a/wsa/x-tab-s1807061
Alex G	Wish I Wuz	match	Standard	E A D G B E	0,0,0,0,0,0	4	https://www.songsterr.com/a/wsa/x-tab-s1368879
Alex G	Wish I Wuz (Demo Tab	match	C F A# D# G C	C F A# D# G C	0,0,0,0,0,0	78	https://www.songsterr.com/a/wsa/x-tab-s984679
Alex G	World Insured	match	Standard	E A D G B E	0,0,0,0,0,0	3653	https://www.songsterr.com/a/wsa/x-tab-s964232
Alex G	Written in bl0od	match	Standard	E A D G B E	0,0,0,0,0,0	4	https://www.songsterr.com/a/wsa/x-tab-s1129397
Alex G	Written in Blood	match	Standard	E A D G B E	0,0,0,0,0,0	489	https://www.songsterr.com/a/wsa/x-tab-s960780
Alex G	You	match	Standard	E A D G B E	0,0,0,0,0,0	149	https://www.songsterr.com/a/wsa/x-tab-s1524095
Alex G	You’re as Tall as the Trees!	match	Standard	E A D G B E	0,0,0,0,0,0	56	https://www.songsterr.com/a/wsa/x-tab-s1699009
Alex G	Zuicide	match	B F# B E G# C#	B F# B E G# C#	0,0,0,0,0,0	180	https://www.songsterr.com/a/wsa/x-tab-s1368697
Alex G	Adam	match	Standard	E A D G B E	0,0,0,0,0,0	477	https://www.songsterr.com/a/wsa/x-tab-s2704919
Alex G	Advice	MISMATCH	D A D F A D	D G C F A D	0,-2,-2,0,0,0	9832	https://www.songsterr.com/a/wsa/x-tab-s541285
Alex G	After Ur Gone	match	Standard	E A D G B E	0,0,0,0,0,0	726	https://www.songsterr.com/a/wsa/x-tab-s716907
Alex G	Animals	match	Standard	E A D G B E	0,0,0,0,0,0	3292	https://www.songsterr.com/a/wsa/x-tab-s729530
Alex G	Bad Man	MISMATCH	Standard	D A D G B E	-2,0,0,0,0,0	2	https://www.songsterr.com/a/wsa/x-tab-s2779445
Alex G	Be Kind	match	Standard	E A D G B E	0,0,0,0,0,0	0	https://www.songsterr.com/a/wsa/x-tab-s4999527
Alex G	Black Hair	match	Standard	E A D G B E	0,0,0,0,0,0	1793	https://www.songsterr.com/a/wsa/x-tab-s901303
Alex G	Bobby	match	Standard	E A D G B E	0,0,0,0,0,0	1842	https://www.songsterr.com/a/wsa/x-tab-s670288
Alex G	Boy	match	Standard	E A D G B E	0,0,0,0,0,0	679	https://www.songsterr.com/a/wsa/x-tab-s3289431
Alex G	Break	match	Standard	E A D G B E	0,0,0,0,0,0	11001	https://www.songsterr.com/a/wsa/x-tab-s726092
Alex G	Brite Boy	MISMATCH	Eb Standard	E A D G B E	1,1,1,1,1,1	37	https://www.songsterr.com/a/wsa/x-tab-s1684209
Alex G	Bug	match	Drop D	D A D G B E	0,0,0,0,0,0	494	https://www.songsterr.com/a/wsa/x-tab-s1506734
Alex G	Change	MISMATCH	Standard	C G C F A D	-4,-2,-2,-2,-2,-2	3672	https://www.songsterr.com/a/wsa/x-tab-s670064
Alex G	Cold	no-songsterr	Standard capo 0			0	
Alex G	Cow	no-songsterr	Standard capo 1			0	
Alex G	Crab	match	Standard	E A D G B E	0,0,0,0,0,0	4046	https://www.songsterr.com/a/wsa/x-tab-s651627
Alex G	Crime	MISMATCH	Standard capo 2	E A D G B E	-2,-2,-2,-2,-2,-2	57	https://www.songsterr.com/a/wsa/x-tab-s1843778
Alex G	East Coast	MISMATCH	Open D	D A D G B E	0,0,0,1,2,2	2200	https://www.songsterr.com/a/wsa/x-tab-s1439980
Alex G	End Song	no-songsterr	Standard capo 3			0	
Alex G	Forever	match	Standard	E A D G B E	0,0,0,0,0,0	19612	https://www.songsterr.com/a/wsa/x-tab-s648385
Alex G	Gnaw	match	Standard	E A D G B E	0,0,0,0,0,0	28915	https://www.songsterr.com/a/wsa/x-tab-s591174
Alex G	Gretel	MISMATCH	Standard capo 1	E A D G B E	-1,-1,-1,-1,-1,-1	977	https://www.songsterr.com/a/wsa/x-tab-s597102
Alex G	Harvey	MISMATCH	Open D	D A D G B E	0,0,0,1,2,2	20206	https://www.songsterr.com/a/wsa/x-tab-s681029
Alex G	Hollow	MISMATCH	Standard	D G B F# B E	-2,-2,-3,-1,0,0	787	https://www.songsterr.com/a/wsa/x-tab-s560581
Alex G	Hope	no-songsterr	Eb Standard capo 0			0	
Alex G	I Remember You	match	Standard	E A D G B E	0,0,0,0,0,0	214	https://www.songsterr.com/a/wsa/x-tab-s1471091
Alex G	I Wait For You	match	Standard	E A D G B E	0,0,0,0,0,0	40466	https://www.songsterr.com/a/wsa/x-tab-s641910
Alex G	Im Not Like The Other Girls	match	Standard	E A D G B E	0,0,0,0,0,0	509	https://www.songsterr.com/a/wsa/x-tab-s1507517
Alex G	In My Arms	no-songsterr	Standard capo 3			0	
Alex G	Judge	match	Standard	E A D G B E	0,0,0,0,0,0	164	https://www.songsterr.com/a/wsa/x-tab-s648854
Alex G	Kicker	MISMATCH	Drop D	E A D G B E	2,0,0,0,0,0	796	https://www.songsterr.com/a/wsa/x-tab-s1170530
Alex G	Kute	match	Standard	E A D G B E	0,0,0,0,0,0	1054	https://www.songsterr.com/a/wsa/x-tab-s1299565
Alex G	Let It Go	match	Standard	E A D G B E	0,0,0,0,0,0	664	https://www.songsterr.com/a/wsa/x-tab-s850168
Alex G	Mary	match	Standard	E A D G B E	0,0,0,0,0,0	266206	https://www.songsterr.com/a/wsa/x-tab-s531015
Alex G	Memory	MISMATCH	C G C G B E	D# G# C# F# A# D#	3,1,1,-1,-1,-1	2447	https://www.songsterr.com/a/wsa/x-tab-s729229
Alex G	Message	match	Standard	E A D G B E	0,0,0,0,0,0	2415	https://www.songsterr.com/a/wsa/x-tab-s2575621
Alex G	Miracles	MISMATCH	Standard capo 7	E A D G B E	-7,-7,-7,-7,-7,-7	546	https://www.songsterr.com/a/wsa/x-tab-s861962
Alex G	Mis	match	Standard	E A D G B E	0,0,0,0,0,0	1572	https://www.songsterr.com/a/wsa/x-tab-s704939
Alex G	Mission	no-songsterr	Standard capo 3			0	
Alex G	Nintendo 64	MISMATCH	Standard	D A D G B E	-2,0,0,0,0,0	12700	https://www.songsterr.com/a/wsa/x-tab-s595211
Alex G	People	match	Standard	E A D G B E	0,0,0,0,0,0	351	https://www.songsterr.com/a/wsa/x-tab-s2480669
Alex G	Powerful Man	MISMATCH	Standard capo 2	D A D G A D	-4,-2,-2,-2,-4,-4	769	https://www.songsterr.com/a/wsa/x-tab-s1770409
Alex G	Pretend	match	Standard	E A D G B E	0,0,0,0,0,0	30703	https://www.songsterr.com/a/wsa/x-tab-s614497
Alex G	Proud	match	Standard	E A D G B E	0,0,0,0,0,0	105	https://www.songsterr.com/a/wsa/x-tab-s948865
Alex G	Race	match	Standard	E A D G B E	0,0,0,0,0,0	8993	https://www.songsterr.com/a/wsa/x-tab-s599864
Alex G	Ready	match	Standard	E A D G B E	0,0,0,0,0,0	117	https://www.songsterr.com/a/wsa/x-tab-s2599039
Alex G	Rules	match	Standard	E A D G B E	0,0,0,0,0,0	615	https://www.songsterr.com/a/wsa/x-tab-s736178
Alex G	Runner	no-songsterr	Standard capo 4			0	
Alex G	Sandy	match	D A D F# B E	D A D F# B E	0,0,0,0,0,0	7583	https://www.songsterr.com/a/wsa/x-tab-s560582
Alex G	Sarah	MISMATCH	Standard	D# G# C# F# A# D#	-1,-1,-1,-1,-1,-1	37782	https://www.songsterr.com/a/wsa/x-tab-s577839
Alex G	Soaker	match	Standard	E A D G B E	0,0,0,0,0,0	888	https://www.songsterr.com/a/wsa/x-tab-s1547911
Alex G	Sorry	match	Standard	E A D G B E	0,0,0,0,0,0	9711	https://www.songsterr.com/a/wsa/x-tab-s767961
Alex G	Southern Sky	match	Standard	E A D G B E	0,0,0,0,0,0	1026	https://www.songsterr.com/a/wsa/x-tab-s800146
Alex G	Sugarhouse	match	Standard	E A D G B E	0,0,0,0,0,0	35	https://www.songsterr.com/a/wsa/x-tab-s1667977
Alex G	The Same	match	Standard	E A D G B E	0,0,0,0,0,0	3210	https://www.songsterr.com/a/wsa/x-tab-s613108
Alex G	Things To Do	match	Standard	E A D G B E	0,0,0,0,0,0	28509	https://www.songsterr.com/a/wsa/x-tab-s588256
Alex G	Track 10 Halloween	match	Eb Standard	D# G# C# F# A# D#	0,0,0,0,0,0	176	https://www.songsterr.com/a/wsa/x-tab-s1369296
Alex G	Treehouse	no-songsterr	Standard capo 0			0	
Alex G	World - Insured	match	Standard	E A D G B E	0,0,0,0,0,0	3653	https://www.songsterr.com/a/wsa/x-tab-s964232
Alex G	Written In Blood	match	Standard	E A D G B E	0,0,0,0,0,0	489	https://www.songsterr.com/a/wsa/x-tab-s960780
Arcade Fire	Modern Man	no-songsterr	Standard capo 0			0	
Big Star	Blue Moon	match	Standard	E A D G B E	0,0,0,0,0,0	56	https://www.songsterr.com/a/wsa/x-tab-s190219
Big Star	Femme Fatale	no-songsterr	Standard capo 0			0	
Big Star	Give Me Another Chance	no-songsterr	Standard capo 0			0	
Big Star	Holocaust	no-songsterr	Standard capo 0			0	
Big Star	Im In Love With A Girl	match	Standard	E A D G B E	0,0,0,0,0,0	95	https://www.songsterr.com/a/wsa/x-tab-s171325
Big Star	My Life Is Right	no-songsterr	Standard capo 0			0	
Big Star	Nighttime	no-songsterr	Standard capo 0			0	
Big Star	O My Soul	no-songsterr	Open A capo 0			0	
Big Star	Thank You Friends	match	Standard	E A D G B E	0,0,0,0,0,0	34	https://www.songsterr.com/a/wsa/x-tab-s171322
Big Star	The Ballad Of El Goodo	match	Standard	E A D G B E	0,0,0,0,0,0	406	https://www.songsterr.com/a/wsa/x-tab-s833318
Big Star	The India Song	no-songsterr	Standard capo 0			0	
Big Star	Thirteen	match	Standard	E A D G B E	0,0,0,0,0,0	8319	https://www.songsterr.com/a/wsa/x-tab-s26717
Big Star	Try Again	no-songsterr	Open G capo 0			0	
Big Star	Watch The Sunrise	no-songsterr	Open G capo 0			0	
Big Thief	12000 Lines	no-songsterr	E A D G B D capo 0			0	
Big Thief	All Night All Day	no-songsterr	Standard capo 0			0	
Big Thief	Animals	match	Standard	E A D G B E	0,0,0,0,0,0	75	https://www.songsterr.com/a/wsa/x-tab-s2157596
Big Thief	Black Diamonds	no-songsterr	Standard capo 0			0	
Big Thief	Blue Lightning	match	Standard	E A D G B E	0,0,0,0,0,0	10	https://www.songsterr.com/a/wsa/x-tab-s2527968
Big Thief	Blurred View	no-songsterr	D A D F# B D capo 0			0	
Big Thief	Born For Loving You	match	Standard	E A D G B E	0,0,0,0,0,0	16	https://www.songsterr.com/a/wsa/x-tab-s3668949
Big Thief	Breathe In My Lungs	no-songsterr	Standard capo 0			0	
Big Thief	Capacity	no-songsterr	Standard capo 0			0	
Big Thief	Carry	no-songsterr	Standard capo 0			0	
Big Thief	Cattails	no-songsterr	Standard capo 0			0	
Big Thief	Certainty	match	Standard	E A D G B E	0,0,0,0,0,0	620	https://www.songsterr.com/a/wsa/x-tab-s554911
Big Thief	Change	MISMATCH	E A D G B D	E A D G B E	0,0,0,0,0,2	134	https://www.songsterr.com/a/wsa/x-tab-s4567678
Big Thief	Contact	no-songsterr	Standard capo 0			0	
Big Thief	Cut My Hair	no-songsterr	Standard capo 0			0	
Big Thief	Dandelion	no-songsterr	Eb Standard capo 0			0	
Big Thief	Double Infinity	match	Standard	E A D G B E	0,0,0,0,0,0	2	https://www.songsterr.com/a/wsa/x-tab-s4992700
Big Thief	Dragon New Warm Mountain I Believe In You	MISMATCH	C G D G G D	E A D G B E	4,2,0,0,-8,-10	5	https://www.songsterr.com/a/wsa/x-tab-s5616643
Big Thief	Dried Roses	no-songsterr	E A D G B D capo 0			0	
Big Thief	Flower Of Blood	no-songsterr	DADGAD capo 0			0	
Big Thief	Forgotten Eyes	no-songsterr	DADGAD capo 0			0	
Big Thief	Free Treasure	no-songsterr	Standard capo 0			0	
Big Thief	Haley	no-songsterr	Standard capo 0			0	
Big Thief	Happiness	no-songsterr	E A D G B D capo 0			0	
Big Thief	Happy With You	match	Standard	E A D G B E	0,0,0,0,0,0	34	https://www.songsterr.com/a/wsa/x-tab-s2665002
Big Thief	Heavy Bend	no-songsterr	E A D G B D capo 0			0	
Big Thief	How Could I Have Known	no-songsterr	Standard capo 0			0	
Big Thief	Humans	match	Standard	E A D G B E	0,0,0,0,0,0	14	https://www.songsterr.com/a/wsa/x-tab-s2248333
Big Thief	Incomprehensible	match	Standard	E A D G B E	0,0,0,0,0,0	20	https://www.songsterr.com/a/wsa/x-tab-s3092745
Big Thief	Interstate	match	Standard	E A D G B E	0,0,0,0,0,0	8	https://www.songsterr.com/a/wsa/x-tab-s4410273
Big Thief	Jenni	no-songsterr	Standard capo 0			0	
Big Thief	Little Arrow	no-songsterr	Standard capo 0			0	
Big Thief	Little Things	no-songsterr	C G D G G G capo 0			0	
Big Thief	Lorraine	no-songsterr	Standard capo 0			0	
Big Thief	Los Angeles	MISMATCH	Drop D	E A D G B E	2,0,0,0,0,0	164	https://www.songsterr.com/a/wsa/x-tab-s2500104
Big Thief	Love In Mine	no-songsterr	Standard capo 0			0	
Big Thief	Love Love Love	match	Standard	E A D G B E	0,0,0,0,0,0	14	https://www.songsterr.com/a/wsa/x-tab-s3568745
Big Thief	Magic Dealer	no-songsterr	Standard capo 0			0	
Big Thief	Mary	match	Standard	E A D G B E	0,0,0,0,0,0	32	https://www.songsterr.com/a/wsa/x-tab-s1808669
Big Thief	Masterpiece	match	Standard	E A D G B E	0,0,0,0,0,0	888	https://www.songsterr.com/a/wsa/x-tab-s488319
Big Thief	Mother	no-songsterr	Standard capo 0			0	
Big Thief	Mythological Beauty	match	Standard	E A D G B E	0,0,0,0,0,0	155	https://www.songsterr.com/a/wsa/x-tab-s4251820
Big Thief	No Fear	match	Standard	E A D G B E	0,0,0,0,0,0	16	https://www.songsterr.com/a/wsa/x-tab-s3092939
Big Thief	No Reason	no-songsterr	Standard capo 0			0	
Big Thief	Not	match	Standard	E A D G B E	0,0,0,0,0,0	584	https://www.songsterr.com/a/wsa/x-tab-s3121676
Big Thief	Objects	no-songsterr	Standard capo 0			0	
Big Thief	Once A Bunch Of Times	no-songsterr	Standard capo 0			0	
Big Thief	Orange	no-songsterr	Standard capo 0			0	
Big Thief	Parallels	no-songsterr	Standard capo 0			0	
Big Thief	Paul	match	Standard	E A D G B E	0,0,0,0,0,0	9712	https://www.songsterr.com/a/wsa/x-tab-s556104
Big Thief	Pretty Things	match	Standard	E A D G B E	0,0,0,0,0,0	21	https://www.songsterr.com/a/wsa/x-tab-s4930551
Big Thief	Promise Is A Pendulum	no-songsterr	DADGAD capo 0			0	
Big Thief	Randy	no-songsterr	Standard capo 0			0	
Big Thief	Real House	no-songsterr	Open D capo 0			0	
Big Thief	Real Love	match	Standard	E A D G B E	0,0,0,0,0,0	424	https://www.songsterr.com/a/wsa/x-tab-s2476537
Big Thief	Red Moon	no-songsterr	Double Drop D capo 0			0	
Big Thief	Replaced	no-songsterr	Standard capo 0			0	
Big Thief	Rock And Sing	no-songsterr	Standard capo 0			0	
Big Thief	Ruined	no-songsterr	Standard capo 0			0	
Big Thief	Sadness As A Gift	no-songsterr	Standard capo 0			0	
Big Thief	Shark Smile	MISMATCH	Standard	F# B E A C# F#	2,2,2,2,2,2	2202	https://www.songsterr.com/a/wsa/x-tab-s548889
Big Thief	Shoulders	match	Standard	E A D G B E	0,0,0,0,0,0	5	https://www.songsterr.com/a/wsa/x-tab-s5717192
Big Thief	Simulation Swarm	match	C# G# C# F A# C#	C# G# C# F A# C#	0,0,0,0,0,0	54071	https://www.songsterr.com/a/wsa/x-tab-s548890
Big Thief	Sparrow	no-songsterr	Standard capo 0			0	
Big Thief	Spud Infinity	match	Standard	E A D G B E	0,0,0,0,0,0	11	https://www.songsterr.com/a/wsa/x-tab-s4266947
Big Thief	Terminal Paradise	no-songsterr	Standard capo 0			0	
Big Thief	The Only Place	MISMATCH	Open D	D A E A B E	0,0,2,3,2,2	6	https://www.songsterr.com/a/wsa/x-tab-s4847538
Big Thief	The Toy	no-songsterr	Standard capo 0			0	
Big Thief	Those Girls	no-songsterr	Standard capo 0			0	
Big Thief	Time Escaping	no-songsterr	Standard capo 0			0	
Big Thief	Trade Tomorrow	no-songsterr	Standard capo 0			0	
Big Thief	Two Hands	no-songsterr	Standard capo 0			0	
Big Thief	Ufof	match	Standard	E A D G B E	0,0,0,0,0,0	158	https://www.songsterr.com/a/wsa/x-tab-s672056
Big Thief	Vampire Empire	match	Standard	E A D G B E	0,0,0,0,0,0	1562	https://www.songsterr.com/a/wsa/x-tab-s655417
Big Thief	Vegas	match	Standard	E A D G B E	0,0,0,0,0,0	396	https://www.songsterr.com/a/wsa/x-tab-s2275471
Big Thief	Velvet Ring	MISMATCH	Standard	D A D F# A D	-2,0,0,-1,-2,-2	128849	https://www.songsterr.com/a/wsa/x-tab-s555975
Big Thief	Wake Me Up To Drive	no-songsterr	Standard capo 0			0	
Big Thief	Watering	no-songsterr	Eb Standard capo 0			0	
Big Thief	Wolf	no-songsterr	Standard capo 0			0	
Big Thief	Words	no-songsterr	Standard capo 0			0	
Bill Callahan	747	no-songsterr	Standard capo 0			0	
Bill Callahan	All Thoughts Are Prey To Some Beast	no-songsterr	Drop D capo 0			0	
Bill Callahan	As I Wander	no-songsterr	Standard capo 0			0	
Bill Callahan	Babys Breath	no-songsterr	Standard capo 0			0	
Bill Callahan	Black Dog On The Beach	no-songsterr	Standard capo 0			0	
Bill Callahan	Bowevil	no-songsterr	Standard capo 0			0	
Bill Callahan	Breakfast	no-songsterr	Open G capo 0			0	
Bill Callahan	Call Me Anything	no-songsterr	Standard capo 0			0	
Bill Callahan	Camels	no-songsterr	Standard capo 0			0	
Bill Callahan	Circles	no-songsterr	Standard capo 0			0	
Bill Callahan	Coyotes	no-songsterr	Standard capo 0			0	
Bill Callahan	Drover	no-songsterr	Standard capo 0			0	
Bill Callahan	Eid Ma Clack Shaw	no-songsterr	Standard capo 0			0	
Bill Callahan	Faith - Void	no-songsterr	Standard capo 0			0	
Bill Callahan	Frees	no-songsterr	Standard capo 0			0	
Bill Callahan	From The Rivers To The Ocean	no-songsterr	Standard capo 0			0	
Bill Callahan	Heaven Help The Child	no-songsterr	Standard capo 0			0	
Bill Callahan	Highway Born	match	Standard	E A D G B E	0,0,0,0,0,0	13	https://www.songsterr.com/a/wsa/x-tab-s5870235
Bill Callahan	If You Could Touch Her At All	no-songsterr	Standard capo 0			0	
Bill Callahan	Im New Here	no-songsterr	E A D G B D capo 0			0	
Bill Callahan	Ive Been The One	no-songsterr	Standard capo 0			0	
Bill Callahan	Ive Made Up My Mind	no-songsterr	Standard capo 0			0	
Bill Callahan	Javelin Unlanding	no-songsterr	Standard capo 0			0	
Bill Callahan	Jim Cain	MISMATCH	Open D	E A D G B E	2,0,0,1,2,2	31	https://www.songsterr.com/a/wsa/x-tab-s1395502
Bill Callahan	Lapse	no-songsterr	Standard capo 0			0	
Bill Callahan	Last One At The Party	no-songsterr	Standard capo 0			0	
Bill Callahan	Lonely City	MISMATCH	Standard	D G C F A D	-2,-2,-2,-2,-2,-2	0	https://www.songsterr.com/a/wsa/x-tab-s5870589
Bill Callahan	Lonesome Valley	no-songsterr	Standard capo 0			0	
Bill Callahan	Morning Is My Godmother	no-songsterr	Standard capo 0			0	
Bill Callahan	My Friend	no-songsterr	Standard capo 0			0	
Bill Callahan	Naked Souls	no-songsterr	Standard capo 0			0	
Bill Callahan	Natural Information	no-songsterr	Standard capo 0			0	
Bill Callahan	Odd In Denver	no-songsterr	Standard capo 0			0	
Bill Callahan	One Fine Morning	no-songsterr	Standard capo 0			0	
Bill Callahan	Pigeons	no-songsterr	Standard capo 0			0	
Bill Callahan	Ride My Arrow	match	Standard	E A D G B E	0,0,0,0,0,0	0	https://www.songsterr.com/a/wsa/x-tab-s5122760
Bill Callahan	Riding For The Feeling	match	Standard	E A D G B E	0,0,0,0,0,0	1	https://www.songsterr.com/a/wsa/x-tab-s5122555
Bill Callahan	Rococo Zephyr	no-songsterr	Standard capo 0			0	
Bill Callahan	Shepherds Welcome	no-songsterr	Standard capo 0			0	
Bill Callahan	Small Plane	no-songsterr	Standard capo 0			0	
Bill Callahan	Son Of The Sea	no-songsterr	Standard capo 0			0	
Bill Callahan	Sycamore	no-songsterr	Standard capo 0			0	
Bill Callahan	The Ballad Of The Hulk	no-songsterr	Standard capo 0			0	
Bill Callahan	The Breeze - My Baby Cries	match	Standard	E A D G B E	0,0,0,0,0,0	0	https://www.songsterr.com/a/wsa/x-tab-s5064957
Bill Callahan	The Horse	no-songsterr	Standard capo 0			0	
Bill Callahan	The Man Im Supposed To Be	MISMATCH	Standard	D G C F A D	-2,-2,-2,-2,-2,-2	0	https://www.songsterr.com/a/wsa/x-tab-s5869946
Bill Callahan	The Wheel	no-songsterr	Standard capo 0			0	
Bill Callahan	The Wind And The Dove	no-songsterr	Standard capo 0			0	
Bill Callahan	Too Many Birds	no-songsterr	Standard capo 0			0	
Bill Callahan	Tugboats And Tumbleweeds	no-songsterr	Standard capo 0			0	
Bill Callahan	Vessel In Vain	no-songsterr	Standard capo 0			0	
Bill Callahan	Watch Me Get Married	no-songsterr	Standard capo 0			0	
Bill Callahan	What Comes After Certainty	no-songsterr	Standard capo 0			0	
Bill Callahan	When We Let Go	no-songsterr	Standard capo 0			0	
Bill Callahan	Why Do Men Sing	MISMATCH	Standard	D G C F A D	-2,-2,-2,-2,-2,-2	0	https://www.songsterr.com/a/wsa/x-tab-s5869979
Bill Callahan	Winter Road	no-songsterr	Standard capo 0			0	
Bill Callahan	Writing	no-songsterr	Standard capo 0			0	
Bill Fay	A Frail And Broken One	no-songsterr	Standard capo 0			0	
Bill Fay	Be At Peace With Yourself	no-songsterr	Standard capo 0			0	
Bill Fay	Be Not So Fearful For Lower Singing Voices	no-songsterr	Standard capo 0			0	
Bill Fay	Be Not So Fearful	match	Standard	E A D G B E	0,0,0,0,0,0	0	https://www.songsterr.com/a/wsa/x-tab-s5326641
Bill Fay	Cannons Plain	no-songsterr	Standard capo 0			0	
Bill Fay	Come A Day	no-songsterr	Standard capo 0			0	
Bill Fay	Countless Branches	no-songsterr	Standard capo 0			0	
Bill Fay	Dont Let My Marigolds Die	no-songsterr	Standard capo 0			0	
Bill Fay	Dust Filled Room	no-songsterr	Standard capo 0			0	
Bill Fay	Filled With Wonder Once Again	no-songsterr	Standard capo 0			0	
Bill Fay	Garden Song	no-songsterr	Standard capo 0			0	
Bill Fay	Gentle Willie	no-songsterr	Standard capo 0			0	
Bill Fay	I Hear You Calling	no-songsterr	Standard capo 0			0	
Bill Fay	Jesus Etc	no-songsterr	Standard capo 0			0	
Bill Fay	Love Will Remain	no-songsterr	Standard capo 0			0	
Bill Fay	Maudy La Lune	no-songsterr	Standard capo 0			0	
Bill Fay	Omega Day	no-songsterr	Standard capo 0			0	
Bill Fay	Pictures Of Adolf Again	no-songsterr	Standard capo 0			0	
Bill Fay	Plan D	no-songsterr	Standard capo 0			0	
Bill Fay	Some Good Advice	no-songsterr	Standard capo 0			0	
Bill Fay	Tell It Like It Is	no-songsterr	Standard capo 0			0	
Bill Fay	Thank You Lord	no-songsterr	Standard capo 0			0	
Bill Fay	The Coast No Man Can Tell	no-songsterr	Standard capo 0			0	
Bill Fay	The Geese Are Flying Westward	no-songsterr	Standard capo 0			0	
Bill Fay	The Healing Day	no-songsterr	Standard capo 0			0	
Bill Fay	The Room	no-songsterr	Standard capo 0			0	
Bill Fay	There Is A Valley	no-songsterr	Standard capo 0			0	
Bill Fay	This World	no-songsterr	Standard capo 0			0	
Bill Fay	Til The Christ Come Back	no-songsterr	Standard capo 0			0	
Bill Fay	Time Of The Last Persecution	no-songsterr	Standard capo 0			0	
Bill Fay	Warwick Town	no-songsterr	Standard capo 0			0	
Bill Fay	We Have Laid Here	no-songsterr	Standard capo 0			0	
Bill Fay	Your Little Face	no-songsterr	Standard capo 0			0	
Bob Dylan	10,000 Men	no-songsterr	Standard capo 0			0	
Bob Dylan	1913 Massacre	no-songsterr	Standard capo 0			0	
Bob Dylan	2 x 2	no-songsterr	Standard capo 0			0	
Bob Dylan	20/20 Vision	no-songsterr	Standard capo 0			0	
Bob Dylan	A Change Is Gonna Come	no-songsterr	Standard capo 0			0	
Bob Dylan	A Couple More Years	no-songsterr	Standard capo 0			0	
Bob Dylan	A Fool Such As I	no-songsterr	Standard capo 0			0	
Bob Dylan	A Hard Rain's A-Gonna Fall	match	Standard	E A D G B E	0,0,0,0,0,0	2395	https://www.songsterr.com/a/wsa/x-tab-s5368
Bob Dylan	A Satisfied Mind	no-songsterr	Standard capo 0			0	
Bob Dylan	Abandoned Love	no-songsterr	Standard capo 0			0	
Bob Dylan	Abraham, Martin and John	no-songsterr	Standard capo 0			0	
Bob Dylan	Absolutely Sweet Marie	match	Standard	E A D G B E	0,0,0,0,0,0	0	https://www.songsterr.com/a/wsa/x-tab-s371422
Bob Dylan	Accidentally Like A Martyr	no-songsterr	Standard capo 0			0	
Bob Dylan	Acne	no-songsterr	Standard capo 0			0	
Bob Dylan	Across the Borderline	no-songsterr	Standard capo 0			0	
Bob Dylan	Ain't A-Gonna Grieve	no-songsterr	Standard capo 0			0	
Bob Dylan	Ain't Gonna Go To Hell For Anybody	no-songsterr	Standard capo 0			0	
Bob Dylan	Ain't No More Cane	no-songsterr	Standard capo 0			0	
Bob Dylan	Alberta	no-songsterr	Standard capo 0			0	
Bob Dylan	All Along the Watchtower	match	Standard	E A D G B E	0,0,0,0,0,0	11533	https://www.songsterr.com/a/wsa/x-tab-s61615
Bob Dylan	All I Really Want to Do	match	Standard	E A D G B E	0,0,0,0,0,0	25	https://www.songsterr.com/a/wsa/x-tab-s371181
Bob Dylan	All My Tomorrows	no-songsterr	Standard capo 0			0	
Bob Dylan	All Over You	match	Standard	E A D G B E	0,0,0,0,0,0	0	https://www.songsterr.com/a/wsa/x-tab-s5532853
Bob Dylan	All The Tired Horses	no-songsterr	Standard capo 0			0	
Bob Dylan	All You Have To Do Is Dream	no-songsterr	Standard capo 0			0	
Bob Dylan	Almost Done	no-songsterr	Standard capo 0			0	
Bob Dylan	Angel Flying Too Close to the Ground	no-songsterr	Standard capo 0			0	
Bob Dylan	Angelina	no-songsterr	Standard capo 0			0	
Bob Dylan	Answer Me	no-songsterr	Standard capo 0			0	
Bob Dylan	Answerphone Message	no-songsterr	Standard capo 0			0	
Bob Dylan	Any Way You Want Me	no-songsterr	Standard capo 0			0	
Bob Dylan	Apple Suckling Tree	no-songsterr	Standard capo 0			0	
Bob Dylan	Are You Ready?	no-songsterr	Standard capo 0			0	
Bob Dylan	Arthur McBride	no-songsterr	Standard capo 0			0	
Bob Dylan	As I Went Out One Morning	match	Standard	E A D G B E	0,0,0,0,0,0	57	https://www.songsterr.com/a/wsa/x-tab-s371222
Bob Dylan	Baby, I'm in the Mood for You	no-songsterr	Standard capo 0			0	
Bob Dylan	Baby, Let Me Follow You Down	match	Standard	E A D G B E	0,0,0,0,0,0	327	https://www.songsterr.com/a/wsa/x-tab-s690915
Bob Dylan	Baby Please Don't Go	no-songsterr	Standard capo 0			0	
Bob Dylan	Baby, Stop Crying	no-songsterr	Standard capo 0			0	
Bob Dylan	Baby, Won't You Be My Baby?	no-songsterr	Standard capo 0			0	
Bob Dylan	Back Door Blues	no-songsterr	Standard capo 0			0	
Bob Dylan	Ballad For A Friend	no-songsterr	Standard capo 0			0	
Bob Dylan	Ballad in Plain D	match	Standard	E A D G B E	0,0,0,0,0,0	6	https://www.songsterr.com/a/wsa/x-tab-s371279
Bob Dylan	Ballad of a Thin Man	match	Standard	E A D G B E	0,0,0,0,0,0	622	https://www.songsterr.com/a/wsa/x-tab-s32125
Bob Dylan	Ballad Of Donald White	no-songsterr	Standard capo 0			0	
Bob Dylan	Ballad of Hollis Brown	no-songsterr	Standard capo 0			0	
Bob Dylan	Band Of The Hand (It's Hell Time, Man)	no-songsterr	Standard capo 0			0	
Bob Dylan	Barbara Allen	no-songsterr	Standard capo 0			0	
Bob Dylan	Be Careful of Stones That You Throw	no-songsterr	Standard capo 0			0	
Bob Dylan	Belle Isle	no-songsterr	Standard capo 0			0	
Bob Dylan	Beyond Here Lies Nothin'	match	Standard	E A D G B E	0,0,0,0,0,0	2	https://www.songsterr.com/a/wsa/x-tab-s410021
Bob Dylan	Big Yellow Taxi	no-songsterr	Standard capo 0			0	
Bob Dylan	Billy (Main Title Theme)	no-songsterr	Standard capo 0			0	
Bob Dylan	Billy	no-songsterr	Standard capo 0			0	
Bob Dylan	Black Cross (Hezekiah Jones)	no-songsterr	Standard capo 0			0	
Bob Dylan	Black Crow Blues	no-songsterr	Standard capo 0			0	
Bob Dylan	Black Diamond Bay	match	Standard	E A D G B E	0,0,0,0,0,0	48	https://www.songsterr.com/a/wsa/x-tab-s371432
Bob Dylan	Black Jack Davey	match	Standard	E A D G B E	0,0,0,0,0,0	66	https://www.songsterr.com/a/wsa/x-tab-s1487366
Bob Dylan	Black Muddy River	no-songsterr	Standard capo 0			0	
Bob Dylan	Blessed is the Name	no-songsterr	Standard capo 0			0	
Bob Dylan	Blind Willie McTell	MISMATCH	Standard	D# G# C# F# A# D#	-1,-1,-1,-1,-1,-1	602	https://www.songsterr.com/a/wsa/x-tab-s410024
Bob Dylan	Blood in My Eyes	no-songsterr	Standard capo 0			0	
Bob Dylan	Blowin' in the Wind	match	Standard	E A D G B E	0,0,0,0,0,0	20196	https://www.songsterr.com/a/wsa/x-tab-s144
Bob Dylan	Blue Bonnet Girl	no-songsterr	Standard capo 0			0	
Bob Dylan	Blue Moon	no-songsterr	Standard capo 0			0	
Bob Dylan	Bob Dylan's 115th Dream	match	Standard	E A D G B E	0,0,0,0,0,0	5	https://www.songsterr.com/a/wsa/x-tab-s371194
Bob Dylan	Bob Dylan's Blues	match	Standard	E A D G B E	0,0,0,0,0,0	0	https://www.songsterr.com/a/wsa/x-tab-s371198
Bob Dylan	Bob Dylan's Dream	no-songsterr	Standard capo 0			0	
Bob Dylan	Bob Dylan's New Orleans Rag	no-songsterr	Standard capo 0			0	
Bob Dylan	Bonnie Ship the Diamond	no-songsterr	Standard capo 0			0	
Bob Dylan	Boom Boom Mancini	no-songsterr	Standard capo 0			0	
Bob Dylan	Boots of Spanish Leather	match	Standard	E A D G B E	0,0,0,0,0,0	1983	https://www.songsterr.com/a/wsa/x-tab-s27205
Bob Dylan	Born in Time	no-songsterr	Standard capo 0			0	
Bob Dylan	Bound to Lose, Bound to Win	no-songsterr	Standard capo 0			0	
Bob Dylan	Broke Down Engine	match	Standard	E A D G B E	0,0,0,0,0,0	1	https://www.songsterr.com/a/wsa/x-tab-s3770093
Bob Dylan	Buckets of Rain	MISMATCH	Standard	E B E G# B E	0,2,2,1,0,0	8023	https://www.songsterr.com/a/wsa/x-tab-s27198
Bob Dylan	Bye And Bye	no-songsterr	Standard capo 0			0	
Bob Dylan	Call Letter Blues	no-songsterr	Standard capo 0			0	
Bob Dylan	Can't Help Falling in Love	no-songsterr	Standard capo 0			0	
Bob Dylan	Can't Wait	match	Standard	E A D G B E	0,0,0,0,0,0	0	https://www.songsterr.com/a/wsa/x-tab-s5030417
Bob Dylan	Can You Please Crawl Out Your Window?	no-songsterr	Standard capo 0			0	
Bob Dylan	Canadee-i-o	match	Standard	E A D G B E	0,0,0,0,0,0	1	https://www.songsterr.com/a/wsa/x-tab-s371445
Bob Dylan	Can’t Escape From You	no-songsterr	Standard capo 0			0	
Bob Dylan	Caribbean Wind	no-songsterr	Standard capo 0			0	
Bob Dylan	Carrying a Torch	no-songsterr	Standard capo 0			0	
Bob Dylan	Cat's in the Well	no-songsterr	Standard capo 0			0	
Bob Dylan	Catfish	no-songsterr	Standard capo 0			0	
Bob Dylan	Changing of the Guards	match	Standard	E A D G B E	0,0,0,0,0,0	21	https://www.songsterr.com/a/wsa/x-tab-s371201
Bob Dylan	Chimes of Freedom	match	Standard	E A D G B E	0,0,0,0,0,0	7	https://www.songsterr.com/a/wsa/x-tab-s371286
Bob Dylan	City of Gold	no-songsterr	Standard capo 0			0	
Bob Dylan	Clean-Cut Kid	no-songsterr	Standard capo 0			0	
Bob Dylan	Clothes Line Saga	no-songsterr	Standard capo 0			0	
Bob Dylan	Cold Irons Bound	match	Standard	E A D G B E	0,0,0,0,0,0	64	https://www.songsterr.com/a/wsa/x-tab-s371396
Bob Dylan	Coming From The Heart (The Road Is Long)	no-songsterr	Standard capo 0			0	
Bob Dylan	Confidential To Me	no-songsterr	Standard capo 0			0	
Bob Dylan	Copper Kettle	no-songsterr	Standard capo 0			0	
Bob Dylan	Corrina, Corrina	MISMATCH	Standard	D A D F# A D	-2,0,0,-1,-2,-2	1513	https://www.songsterr.com/a/wsa/x-tab-s410016
Bob Dylan	Country Pie	match	Standard	E A D G B E	0,0,0,0,0,0	176	https://www.songsterr.com/a/wsa/x-tab-s371271
Bob Dylan	Covenant Woman	no-songsterr	Standard capo 0			0	
Bob Dylan	Cover Down, Break Through	no-songsterr	Standard capo 0			0	
Bob Dylan	Crazy Love	no-songsterr	Standard capo 0			0	
Bob Dylan	Cross The Green Mountain	match	Standard	E A D G B E	0,0,0,0,0,0	0	https://www.songsterr.com/a/wsa/x-tab-s4492987
Bob Dylan	Cry Awhile	no-songsterr	Standard capo 0			0	
Bob Dylan	Cuban Missile Crisis	no-songsterr	Standard capo 0			0	
Bob Dylan	Cuckoo Is A Pretty Bird	no-songsterr	Standard capo 0			0	
Bob Dylan	Dark As A Dungeon	no-songsterr	Standard capo 0			0	
Bob Dylan	Dark Eyes	MISMATCH	Standard	D G C F A D	-2,-2,-2,-2,-2,-2	35	https://www.songsterr.com/a/wsa/x-tab-s371349
Bob Dylan	Day of the Locusts	match	Standard	E A D G B E	0,0,0,0,0,0	2	https://www.songsterr.com/a/wsa/x-tab-s3667726
Bob Dylan	Days of '49	match	Standard	E A D G B E	0,0,0,0,0,0	1	https://www.songsterr.com/a/wsa/x-tab-s1833708
Bob Dylan	Dead Man, Dead Man	no-songsterr	Standard capo 0			0	
Bob Dylan	Dear Landlord	no-songsterr	Standard capo 0			0	
Bob Dylan	Dear Mrs. Roosevelt	no-songsterr	Standard capo 0			0	
Bob Dylan	Death Is Not The End	no-songsterr	Standard capo 0			0	
Bob Dylan	Deep Ellem Blues	no-songsterr	Standard capo 0			0	
Bob Dylan	Delia	no-songsterr	Standard capo 0			0	
Bob Dylan	Deportee (Plane Wreck at Los Gatos)	no-songsterr	Standard capo 0			0	
Bob Dylan	Desolation Row	MISMATCH	Drop C	E A D G B E	4,2,2,2,2,2	185	https://www.songsterr.com/a/wsa/x-tab-s287930
Bob Dylan	Diamond Joe (M&A)	no-songsterr	Standard capo 0			0	
Bob Dylan	Diamond Joe	no-songsterr	Standard capo 0			0	
Bob Dylan	Dignity	MISMATCH	Standard	D# G# C# F# A# D#	-1,-1,-1,-1,-1,-1	0	https://www.songsterr.com/a/wsa/x-tab-s371399
Bob Dylan	Dink's Song	no-songsterr	Standard capo 0			0	
Bob Dylan	Dirge	match	Standard	E A D G B E	0,0,0,0,0,0	0	https://www.songsterr.com/a/wsa/x-tab-s371441
Bob Dylan	Dirt Road Blues	no-songsterr	Standard capo 0			0	
Bob Dylan	Dirty Lies	no-songsterr	Standard capo 0			0	
Bob Dylan	Disease of Conceit	match	Standard	E A D G B E	0,0,0,0,0,0	1	https://www.songsterr.com/a/wsa/x-tab-s371298
Bob Dylan	Dixie	no-songsterr	Standard capo 0			0	
Bob Dylan	Do Right to Me Baby	match	Standard	E A D G B E	0,0,0,0,0,0	0	https://www.songsterr.com/a/wsa/x-tab-s4755768
Bob Dylan	Don't Fall Apart on Me Tonight	match	Standard	E A D G B E	0,0,0,0,0,0	18	https://www.songsterr.com/a/wsa/x-tab-s1842743
Bob Dylan	Don't Pity Me	no-songsterr	Standard capo 0			0	
Bob Dylan	Don't Ya Tell Henry	no-songsterr	Standard capo 0			0	
Bob Dylan	Down Along the Cove	match	Standard	E A D G B E	0,0,0,0,0,0	6	https://www.songsterr.com/a/wsa/x-tab-s371272
Bob Dylan	Down in the Flood (Crash on the Levee)	no-songsterr	Standard capo 0			0	
Bob Dylan	Down the Highway	no-songsterr	Standard capo 0			0	
Bob Dylan	Dreamin' of You	no-songsterr	Standard capo 0			0	
Bob Dylan	Drifter's Escape	no-songsterr	Standard capo 0			0	
Bob Dylan	Driftin' Too Far from Shore	no-songsterr	Standard capo 0			0	
Bob Dylan	Duncan And Brady	no-songsterr	Standard capo 0			0	
Bob Dylan	Dusty Old Fairgrounds	no-songsterr	Standard capo 0			0	
Bob Dylan	Early Mornin' Rain	no-songsterr	Standard capo 0			0	
Bob Dylan	Eileen Aroon	no-songsterr	Standard capo 0			0	
Bob Dylan	Emotionally Yours	no-songsterr	Standard capo 0			0	
Bob Dylan	Enough is Enough	no-songsterr	Standard capo 0			0	
Bob Dylan	Eternal Circle	no-songsterr	Standard capo 0			0	
Bob Dylan	Every Grain of Sand	match	Standard	E A D G B E	0,0,0,0,0,0	189	https://www.songsterr.com/a/wsa/x-tab-s371328
Bob Dylan	Everything is Broken	match	Standard	E A D G B E	0,0,0,0,0,0	122	https://www.songsterr.com/a/wsa/x-tab-s371465
Bob Dylan	Farewell Angelina	match	Standard	E A D G B E	0,0,0,0,0,0	112	https://www.songsterr.com/a/wsa/x-tab-s371342
Bob Dylan	Farewell To The Gold	no-songsterr	Standard capo 0			0	
Bob Dylan	Farewell	no-songsterr	Standard capo 0			0	
Bob Dylan	Father of Night	no-songsterr	Standard capo 0			0	
Bob Dylan	Female Rambling Sailor	no-songsterr	Standard capo 0			0	
Bob Dylan	Fever	no-songsterr	Standard capo 0			0	
Bob Dylan	Fixin' to Die	match	Standard	E A D G B E	0,0,0,0,0,0	175	https://www.songsterr.com/a/wsa/x-tab-s690910
Bob Dylan	Floater (Too Much To Ask)	no-songsterr	Standard capo 0			0	
Bob Dylan	Foot Of Pride	no-songsterr	Standard capo 0			0	
Bob Dylan	Forever Young	MISMATCH	Standard	D# G# C# F# A# D#	-1,-1,-1,-1,-1,-1	382	https://www.songsterr.com/a/wsa/x-tab-s59506
Bob Dylan	Forgetful Heart	no-songsterr	Standard capo 0			0	
Bob Dylan	Four Strong Winds	no-songsterr	Standard capo 0			0	
Bob Dylan	Fourth Time Around	MISMATCH	Drop C	E A D G B E	4,2,2,2,2,2	207	https://www.songsterr.com/a/wsa/x-tab-s287925
Bob Dylan	Frankie & Albert	no-songsterr	Standard capo 0			0	
Bob Dylan	Freedom for the Stallion	no-songsterr	Standard capo 0			0	
Bob Dylan	Freight Train Blues	match	Standard	E A D G B E	0,0,0,0,0,0	13	https://www.songsterr.com/a/wsa/x-tab-s690920
Bob Dylan	Friend of the Devil	no-songsterr	Standard capo 0			0	
Bob Dylan	Froggie Went A-Courtin'	no-songsterr	Standard capo 0			0	
Bob Dylan	From a Buick 6	match	Standard	E A D G B E	0,0,0,0,0,0	36	https://www.songsterr.com/a/wsa/x-tab-s360374
Bob Dylan	George Jackson	no-songsterr	Standard capo 0			0	
Bob Dylan	Girl from the North Country	match	Standard	E A D G B E	0,0,0,0,0,0	966	https://www.songsterr.com/a/wsa/x-tab-s6672
Bob Dylan	Girl on the Green Briar Shore	no-songsterr	Standard capo 0			0	
Bob Dylan	Go 'way Little Boy	no-songsterr	Standard capo 0			0	
Bob Dylan	God Knows	no-songsterr	Standard capo 0			0	
Bob Dylan	Goin' to Acapulco	no-songsterr	Standard capo 0			0	
Bob Dylan	Going Down To New Orleans	no-songsterr	Standard capo 0			0	
Bob Dylan	Going, Going, Gone	no-songsterr	Standard capo 0			0	
Bob Dylan	Golden Loom	no-songsterr	Standard capo 0			0	
Bob Dylan	Golden Vanity	no-songsterr	Standard capo 0			0	
Bob Dylan	Gonna Change My Way of Thinking	no-songsterr	Standard capo 0			0	
Bob Dylan	Goodbye, Holly	no-songsterr	Standard capo 0			0	
Bob Dylan	Gospel Plow	match	Standard	E A D G B E	0,0,0,0,0,0	6	https://www.songsterr.com/a/wsa/x-tab-s690913
Bob Dylan	Got My Mind Made Up	no-songsterr	Standard capo 0			0	
Bob Dylan	Gotta Serve Somebody	match	Standard	E A D G B E	0,0,0,0,0,0	3854	https://www.songsterr.com/a/wsa/x-tab-s799528
Bob Dylan	Gotta Travel On	no-songsterr	Standard capo 0			0	
Bob Dylan	Guess I'm Doing Fine	no-songsterr	Standard capo 0			0	
Bob Dylan	Gypsy Lou	no-songsterr	Standard capo 0			0	
Bob Dylan	Had A Dream About You, Baby	no-songsterr	Standard capo 0			0	
Bob Dylan	Hallelujah	no-songsterr	Standard capo 0			0	
Bob Dylan	Handsome Molly	no-songsterr	Standard capo 0			0	
Bob Dylan	Handy Dandy	no-songsterr	Standard capo 0			0	
Bob Dylan	Hard Times in New York Town	no-songsterr	Standard capo 0			0	
Bob Dylan	Hard Times	no-songsterr	Standard capo 0			0	
Bob Dylan	Hard Travelin'	no-songsterr	Standard capo 0			0	
Bob Dylan	Hark The Herald Angels Sing	no-songsterr	Standard capo 0			0	
Bob Dylan	Hazel	no-songsterr	Standard capo 0			0	
Bob Dylan	He Was a Friend of Mine	match	Standard	E A D G B E	0,0,0,0,0,0	214	https://www.songsterr.com/a/wsa/x-tab-s287926
Bob Dylan	Heart of Mine	no-songsterr	Standard capo 0			0	
Bob Dylan	Heartland	no-songsterr	Standard capo 0			0	
Bob Dylan	Help Me Make It Through The Night	no-songsterr	Standard capo 0			0	
Bob Dylan	Hero Blues	no-songsterr	Standard capo 0			0	
Bob Dylan	Hey La La	no-songsterr	Standard capo 0			0	
Bob Dylan	Hiding Too Long	no-songsterr	Standard capo 0			0	
Bob Dylan	High Water (For Charlie Patton)	no-songsterr	Standard capo 0			0	
Bob Dylan	Highlands	match	Standard	E A D G B E	0,0,0,0,0,0	12	https://www.songsterr.com/a/wsa/x-tab-s371340
Bob Dylan	Highway 51	no-songsterr	Standard capo 0			0	
Bob Dylan	Highway 61 Revisited	match	Standard	E A D G B E	0,0,0,0,0,0	701	https://www.songsterr.com/a/wsa/x-tab-s32126
Bob Dylan	Hiram Hubbard	no-songsterr	Standard capo 0			0	
Bob Dylan	Honest With Me	no-songsterr	Standard capo 0			0	
Bob Dylan	Honey, Just Allow Me One More Chance	match	Standard	E A D G B E	0,0,0,0,0,0	60	https://www.songsterr.com/a/wsa/x-tab-s371450
Bob Dylan	House Carpenter	no-songsterr	Standard capo 0			0	
Bob Dylan	House of the Risin' Sun	match	Standard	E A D G B E	0,0,0,0,0,0	842	https://www.songsterr.com/a/wsa/x-tab-s690918
Bob Dylan	Huck's Tune	no-songsterr	Standard capo 0			0	
Bob Dylan	Hurricane	match	Standard	E A D G B E	0,0,0,0,0,0	5146	https://www.songsterr.com/a/wsa/x-tab-s27204
Bob Dylan	I Ain't Got No Home	no-songsterr	Standard capo 0			0	
Bob Dylan	I Am A Lonesome Hobo	match	Standard	E A D G B E	0,0,0,0,0,0	0	https://www.songsterr.com/a/wsa/x-tab-s371385
Bob Dylan	I Am The Man, Thomas	no-songsterr	Standard capo 0			0	
Bob Dylan	I and I	match	Standard	E A D G B E	0,0,0,0,0,0	15	https://www.songsterr.com/a/wsa/x-tab-s371447
Bob Dylan	I Believe in You	match	Standard	E A D G B E	0,0,0,0,0,0	10	https://www.songsterr.com/a/wsa/x-tab-s371220
Bob Dylan	I Can't Get You Off Of My Mind	no-songsterr	Standard capo 0			0	
Bob Dylan	I'd Hate To Be You On That Dreadful Day	no-songsterr	Standard capo 0			0	
Bob Dylan	I Don't Believe You (She Acts Like We Never Have Met)	no-songsterr	Standard capo 0			0	
Bob Dylan	I Don't Hurt Anymore	no-songsterr	Standard capo 0			0	
Bob Dylan	I Dreamed I Saw St. Augustine	match	Standard	E A D G B E	0,0,0,0,0,0	5	https://www.songsterr.com/a/wsa/x-tab-s371316
Bob Dylan	I Feel a Change Coming On	no-songsterr	Standard capo 0			0	
Bob Dylan	I Forgot More Than You'll Ever Know	no-songsterr	Standard capo 0			0	
Bob Dylan	I'll Be Around	no-songsterr	Standard capo 0			0	
Bob Dylan	I'll Be Your Baby Tonight	match	Standard	E A D G B E	0,0,0,0,0,0	444	https://www.songsterr.com/a/wsa/x-tab-s6673
Bob Dylan	I'll Keep It with Mine	match	Standard	E A D G B E	0,0,0,0,0,0	2	https://www.songsterr.com/a/wsa/x-tab-s371386
Bob Dylan	I'll Not Be A Stranger	no-songsterr	Standard capo 0			0	
Bob Dylan	I'll Remember You	no-songsterr	Standard capo 0			0	
Bob Dylan	I'm In The Mood For Love	no-songsterr	Standard capo 0			0	
Bob Dylan	I'm Movin' On	no-songsterr	Standard capo 0			0	
Bob Dylan	I'm Not Supposed To Care	no-songsterr	Standard capo 0			0	
Bob Dylan	I'm Not There (1956)	no-songsterr	Standard capo 0			0	
Bob Dylan	I'm Your Teenage Prayer	no-songsterr	Standard capo 0			0	
Bob Dylan	I Pity the Poor Immigrant	match	Standard	E A D G B E	0,0,0,0,0,0	0	https://www.songsterr.com/a/wsa/x-tab-s371255
Bob Dylan	I Rode Out One Morning	no-songsterr	Standard capo 0			0	
Bob Dylan	I Shall Be Free No. 10	match	Standard	E A D G B E	0,0,0,0,0,0	7	https://www.songsterr.com/a/wsa/x-tab-s1833702
Bob Dylan	I Shall Be Free	no-songsterr	Standard capo 0			0	
Bob Dylan	I Shall Be Released	match	Standard	E A D G B E	0,0,0,0,0,0	1470	https://www.songsterr.com/a/wsa/x-tab-s5366
Bob Dylan	I Threw It All Away	match	Standard	E A D G B E	0,0,0,0,0,0	85	https://www.songsterr.com/a/wsa/x-tab-s371217
Bob Dylan	I've Been All Around This World	no-songsterr	Standard capo 0			0	
Bob Dylan	I Wanna Be Your Lover	no-songsterr	Standard capo 0			0	
Bob Dylan	I Want You	match	Standard	E A D G B E	0,0,0,0,0,0	1089	https://www.songsterr.com/a/wsa/x-tab-s6372
Bob Dylan	I Was Young When I Left Home	MISMATCH	Standard	D G D G B D	-2,-2,0,0,0,-2	1249	https://www.songsterr.com/a/wsa/x-tab-s410022
Bob Dylan	I Will Love Him	no-songsterr	Standard capo 0			0	
Bob Dylan	I Will Sing	no-songsterr	Standard capo 0			0	
Bob Dylan	Idiot Wind	match	Standard	E A D G B E	0,0,0,0,0,0	78	https://www.songsterr.com/a/wsa/x-tab-s371172
Bob Dylan	If Dogs Run Free	no-songsterr	Standard capo 0			0	
Bob Dylan	If I Don't Be There By Morning	no-songsterr	Standard capo 0			0	
Bob Dylan	If Not for You	match	Standard	E A D G B E	0,0,0,0,0,0	88	https://www.songsterr.com/a/wsa/x-tab-s371226
Bob Dylan	If You Ever Go To Houston	no-songsterr	Standard capo 0			0	
Bob Dylan	If You Gotta Go, Go Now	no-songsterr	Standard capo 0			0	
Bob Dylan	If You See Her, Say Hello	MISMATCH	Open E	E A D G B E	0,-2,-2,-1,0,0	260	https://www.songsterr.com/a/wsa/x-tab-s371299
Bob Dylan	Important Words	no-songsterr	Standard capo 0			0	
Bob Dylan	In My Time of Dyin'	match	Standard	E A D G B E	0,0,0,0,0,0	42	https://www.songsterr.com/a/wsa/x-tab-s4820506
Bob Dylan	In Search of Little Sadie	no-songsterr	Standard capo 0			0	
Bob Dylan	In The Evening	no-songsterr	Standard capo 0			0	
Bob Dylan	In the Garden	no-songsterr	Standard capo 0			0	
Bob Dylan	In The Pines	no-songsterr	Standard capo 0			0	
Bob Dylan	In the Summertime	no-songsterr	Standard capo 0			0	
Bob Dylan	Is Your Love in Vain?	match	Standard	E A D G B E	0,0,0,0,0,0	5	https://www.songsterr.com/a/wsa/x-tab-s5556
Bob Dylan	Isis	match	Standard	E A D G B E	0,0,0,0,0,0	4	https://www.songsterr.com/a/wsa/x-tab-s3653632
Bob Dylan	It Ain't Me, Babe	match	Standard	E A D G B E	0,0,0,0,0,0	8633	https://www.songsterr.com/a/wsa/x-tab-s6429
Bob Dylan	It Hurts Me Too	no-songsterr	Standard capo 0			0	
Bob Dylan	It's All Over Now, Baby Blue	match	Standard	E A D G B E	0,0,0,0,0,0	912	https://www.songsterr.com/a/wsa/x-tab-s1632434
Bob Dylan	It's Alright, Ma (I'm Only Bleeding)	MISMATCH	Standard	D A D G B E	-2,0,0,0,0,0	134	https://www.songsterr.com/a/wsa/x-tab-s4469054
Bob Dylan	It's Hard To Be Blind	no-songsterr	Standard capo 0			0	
Bob Dylan	It Takes a Lot to Laugh, It Takes a Train to Cry	match	Standard	E A D G B E	0,0,0,0,0,0	238	https://www.songsterr.com/a/wsa/x-tab-s4295101
Bob Dylan	Jack-A-Roe	no-songsterr	Standard capo 0			0	
Bob Dylan	James Alley Blues	no-songsterr	Standard capo 0			0	
Bob Dylan	Jesus Met The Woman At The Well	no-songsterr	Standard capo 0			0	
Bob Dylan	Jet Pilot	no-songsterr	Standard capo 0			0	
Bob Dylan	Jim Jones	no-songsterr	Standard capo 0			0	
Bob Dylan	Joey	no-songsterr	Standard capo 0			0	
Bob Dylan	John Wesley Harding	match	Standard	E A D G B E	0,0,0,0,0,0	0	https://www.songsterr.com/a/wsa/x-tab-s371171
Bob Dylan	Jokerman	match	Standard	E A D G B E	0,0,0,0,0,0	335	https://www.songsterr.com/a/wsa/x-tab-s1632453
Bob Dylan	Jolene	no-songsterr	Standard capo 0			0	
Bob Dylan	Julius and Ethel	no-songsterr	Standard capo 0			0	
Bob Dylan	Just Like a Woman	match	Standard	E A D G B E	0,0,0,0,0,0	1124	https://www.songsterr.com/a/wsa/x-tab-s410020
Bob Dylan	Just Like Tom Thumb's Blues	match	Standard	E A D G B E	0,0,0,0,0,0	16	https://www.songsterr.com/a/wsa/x-tab-s371218
Bob Dylan	Kaatskill Serenade	no-songsterr	Standard capo 0			0	
Bob Dylan	Key to the Highway	no-songsterr	Standard capo 0			0	
Bob Dylan	Kindhearted Woman Blues	no-songsterr	Standard capo 0			0	
Bob Dylan	Kingsport Town	no-songsterr	Standard capo 0			0	
Bob Dylan	Knockin' on Heaven's Door	match	Standard	E A D G B E	0,0,0,0,0,0	76398	https://www.songsterr.com/a/wsa/x-tab-s69238
Bob Dylan	Lady of Carlisle	no-songsterr	Standard capo 0			0	
Bob Dylan	Lakes of Pontchartrain	no-songsterr	Standard capo 0			0	
Bob Dylan	Last Thoughts on Woody Guthrie	no-songsterr	Standard capo 0			0	
Bob Dylan	Lawyers, Guns and Money	no-songsterr	Standard capo 0			0	
Bob Dylan	Lay Down Your Weary Tune	MISMATCH	G D C B G D	E A D G B E	-3,-5,-10,-16,-20,-22	5	https://www.songsterr.com/a/wsa/x-tab-s371231
Bob Dylan	Lay, Lady, Lay	match	Standard	E A D G B E	0,0,0,0,0,0	1941	https://www.songsterr.com/a/wsa/x-tab-s27196
Bob Dylan	Legionnaire's Disease	no-songsterr	Standard capo 0			0	
Bob Dylan	Lenny Bruce	no-songsterr	Standard capo 0			0	
Bob Dylan	Leopard-Skin Pill-Box Hat	match	Standard	E A D G B E	0,0,0,0,0,0	133	https://www.songsterr.com/a/wsa/x-tab-s998993
Bob Dylan	Let It Be Me	no-songsterr	Standard capo 0			0	
Bob Dylan	Let Me Die in My Footsteps	no-songsterr	Standard capo 0			0	
Bob Dylan	Let's Begin	no-songsterr	Standard capo 0			0	
Bob Dylan	Let's Keep It Between Us	no-songsterr	Standard capo 0			0	
Bob Dylan	Let's Stick Together	no-songsterr	Standard capo 0			0	
Bob Dylan	License to Kill	match	Standard	E A D G B E	0,0,0,0,0,0	71	https://www.songsterr.com/a/wsa/x-tab-s371417
Bob Dylan	Life Is Hard	no-songsterr	Standard capo 0			0	
Bob Dylan	Like a Rolling Stone	MISMATCH	Drop C	E A D G B E	4,2,2,2,2,2	30856	https://www.songsterr.com/a/wsa/x-tab-s22345
Bob Dylan	Lily of the West	match	Standard	E A D G B E	0,0,0,0,0,0	72	https://www.songsterr.com/a/wsa/x-tab-s1632501
Bob Dylan	Lily, Rosemary and the Jack of Hearts	match	Standard	E A D G B E	0,0,0,0,0,0	6	https://www.songsterr.com/a/wsa/x-tab-s371454
Bob Dylan	Little Maggie	no-songsterr	Standard capo 0			0	
Bob Dylan	Little Moses	no-songsterr	Standard capo 0			0	
Bob Dylan	Little Sadie	no-songsterr	Standard capo 0			0	
Bob Dylan	Liverpool Gal	no-songsterr	Standard capo 0			0	
Bob Dylan	Living the Blues	no-songsterr	Standard capo 0			0	
Bob Dylan	Lo and Behold	no-songsterr	Standard capo 0			0	
Bob Dylan	Lone Pilgrim	no-songsterr	Standard capo 0			0	
Bob Dylan	Lonesome Day Blues	no-songsterr	Standard capo 0			0	
Bob Dylan	Lonesome River Edge	no-songsterr	Standard capo 0			0	
Bob Dylan	Lonesome Town	no-songsterr	Standard capo 0			0	
Bob Dylan	Lonesome Whistle Blues	no-songsterr	Standard capo 0			0	
Bob Dylan	Long Ago, Far Away	no-songsterr	Standard capo 0			0	
Bob Dylan	Long Black Veil	no-songsterr	Standard capo 0			0	
Bob Dylan	Long Time Gone	no-songsterr	Standard capo 0			0	
Bob Dylan	Long Time Man	no-songsterr	Standard capo 0			0	
Bob Dylan	Lord, Protect My Child	no-songsterr	Standard capo 0			0	
Bob Dylan	Lost Highway	no-songsterr	Standard capo 0			0	
Bob Dylan	Love Henry	no-songsterr	Standard capo 0			0	
Bob Dylan	Love Is Just A Four-Letter Word	no-songsterr	Standard capo 0			0	
Bob Dylan	Love Minus Zero/No Limit	no-songsterr	Standard capo 0			0	
Bob Dylan	Love Sick	no-songsterr	Standard capo 0			0	
Bob Dylan	Maggie's Farm	match	Standard	E A D G B E	0,0,0,0,0,0	1204	https://www.songsterr.com/a/wsa/x-tab-s410023
Bob Dylan	Make You Feel My Love	match	Standard	E A D G B E	0,0,0,0,0,0	2631	https://www.songsterr.com/a/wsa/x-tab-s32124
Bob Dylan	Mama, You Been on My Mind	match	Standard	E A D G B E	0,0,0,0,0,0	52	https://www.songsterr.com/a/wsa/x-tab-s371209
Bob Dylan	Man Gave Names to All the Animals	no-songsterr	Standard capo 0			0	
Bob Dylan	Man In The Long Black Coat	match	Standard	E A D G B E	0,0,0,0,0,0	197	https://www.songsterr.com/a/wsa/x-tab-s371319
Bob Dylan	Man of Constant Sorrow	match	Standard	E A D G B E	0,0,0,0,0,0	88	https://www.songsterr.com/a/wsa/x-tab-s690909
Bob Dylan	Man Of Peace	no-songsterr	Standard capo 0			0	
Bob Dylan	Man on the Street	no-songsterr	Standard capo 0			0	
Bob Dylan	Marchin to the City	no-songsterr	Standard capo 0			0	
Bob Dylan	Mary and the Soldier	no-songsterr	Standard capo 0			0	
Bob Dylan	Mary Ann	no-songsterr	Standard capo 0			0	
Bob Dylan	Mary Ann	no-songsterr	Standard capo 0			0	
Bob Dylan	Mary Of The Wild Moor	no-songsterr	Standard capo 0			0	
Bob Dylan	Masters of War	MISMATCH	Standard	D A D G B E	-2,0,0,0,0,0	1350	https://www.songsterr.com/a/wsa/x-tab-s371212
Bob Dylan	Maybe Someday	no-songsterr	Standard capo 0			0	
Bob Dylan	Meet Me in the Morning	match	Standard	E A D G B E	0,0,0,0,0,0	82	https://www.songsterr.com/a/wsa/x-tab-s3706886
Bob Dylan	Milk Cow Blues	no-songsterr	Standard capo 0			0	
Bob Dylan	Million Dollar Bash	no-songsterr	Standard capo 0			0	
Bob Dylan	Million Miles	no-songsterr	Standard capo 0			0	
Bob Dylan	Minstrel Boy	no-songsterr	Standard capo 0			0	
Bob Dylan	Miss the Mississippi and You	no-songsterr	Standard capo 0			0	
Bob Dylan	Mississippi	match	Standard	E A D G B E	0,0,0,0,0,0	94	https://www.songsterr.com/a/wsa/x-tab-s360371
Bob Dylan	Mixed Up Confusion	match	Standard	E A D G B E	0,0,0,0,0,0	0	https://www.songsterr.com/a/wsa/x-tab-s5416399
Bob Dylan	Moon River	no-songsterr	Standard capo 0			0	
Bob Dylan	Moonlight	match	Standard	E A D G B E	0,0,0,0,0,0	35	https://www.songsterr.com/a/wsa/x-tab-s27206
Bob Dylan	Moonshiner	match	Standard	E A D G B E	0,0,0,0,0,0	595	https://www.songsterr.com/a/wsa/x-tab-s371348
Bob Dylan	Most Likely You Go Your Way (and I'll Go Mine)	no-songsterr	Standard capo 0			0	
Bob Dylan	Most of the Time	match	Standard	E A D G B E	0,0,0,0,0,0	240	https://www.songsterr.com/a/wsa/x-tab-s371346
Bob Dylan	Motherless Children	no-songsterr	Standard capo 0			0	
Bob Dylan	Motorpsycho Nightmare	no-songsterr	Standard capo 0			0	
Bob Dylan	Mozambique	match	Standard	E A D G B E	0,0,0,0,0,0	65	https://www.songsterr.com/a/wsa/x-tab-s371410
Bob Dylan	Mr. Bojangles	no-songsterr	Standard capo 0			0	
Bob Dylan	Mr. Tambourine Man	match	Standard	E A D G B E	0,0,0,0,0,0	6989	https://www.songsterr.com/a/wsa/x-tab-s145
Bob Dylan	Mutineer	no-songsterr	Standard capo 0			0	
Bob Dylan	My Back Pages	match	Standard	E A D G B E	0,0,0,0,0,0	480	https://www.songsterr.com/a/wsa/x-tab-s5816
Bob Dylan	My Blue Eyed Jane	no-songsterr	Standard capo 0			0	
Bob Dylan	My Wife's Home Town	no-songsterr	Standard capo 0			0	
Bob Dylan	Naomi Wise	no-songsterr	Standard capo 0			0	
Bob Dylan	Nashville Skyline Rag	no-songsterr	Standard capo 0			0	
Bob Dylan	Need A Woman	no-songsterr	Standard capo 0			0	
Bob Dylan	Neighborhood Bully	no-songsterr	Standard capo 0			0	
Bob Dylan	Nettie Moore	no-songsterr	Standard capo 0			0	
Bob Dylan	Never Gonna Be the Same Again	no-songsterr	Standard capo 0			0	
Bob Dylan	Never Let Me Go	no-songsterr	Standard capo 0			0	
Bob Dylan	Never Say Goodbye	match	Standard	E A D G B E	0,0,0,0,0,0	6	https://www.songsterr.com/a/wsa/x-tab-s1245489
Bob Dylan	New Minglewood Blues	no-songsterr	Standard capo 0			0	
Bob Dylan	New Morning	match	Standard	E A D G B E	0,0,0,0,0,0	12	https://www.songsterr.com/a/wsa/x-tab-s371214
Bob Dylan	New Pony	no-songsterr	Standard capo 0			0	
Bob Dylan	Night After Night	no-songsterr	Standard capo 0			0	
Bob Dylan	Ninety Miles An Hour (Down A Dead End Street)	no-songsterr	Standard capo 0			0	
Bob Dylan	No More Auction Block	no-songsterr	Standard capo 0			0	
Bob Dylan	No More One More Time	no-songsterr	Standard capo 0			0	
Bob Dylan	No Time to Think	no-songsterr	Standard capo 0			0	
Bob Dylan	Nobody 'Cept You	no-songsterr	Standard capo 0			0	
Bob Dylan	North Country Blues	match	Standard	E A D G B E	0,0,0,0,0,0	110	https://www.songsterr.com/a/wsa/x-tab-s287985
Bob Dylan	Not Dark Yet	match	Standard	E A D G B E	0,0,0,0,0,0	94	https://www.songsterr.com/a/wsa/x-tab-s371254
Bob Dylan	Not Fade Away	no-songsterr	Standard capo 0			0	
Bob Dylan	Nothing was Delivered	no-songsterr	Standard capo 0			0	
Bob Dylan	Obviously Five Believers	match	Standard	E A D G B E	0,0,0,0,0,0	55	https://www.songsterr.com/a/wsa/x-tab-s287934
Bob Dylan	Odds and Ends	no-songsterr	Standard capo 0			0	
Bob Dylan	Oh, Babe, It Ain't No Lie	no-songsterr	Standard capo 0			0	
Bob Dylan	Oh, Sister	match	Standard	E A D G B E	0,0,0,0,0,0	33	https://www.songsterr.com/a/wsa/x-tab-s371372
Bob Dylan	Old Five And Dimer	no-songsterr	Standard capo 0			0	
Bob Dylan	Old Man	no-songsterr	Standard capo 0			0	
Bob Dylan	Old Rock 'n' Roller	no-songsterr	Standard capo 0			0	
Bob Dylan	On a Night Like This	no-songsterr	Standard capo 0			0	
Bob Dylan	On A Rainy Afternoon/Does She Need Me?/I Can't Leave Her Behind	no-songsterr	Standard capo 0			0	
Bob Dylan	On the Road Again	no-songsterr	Standard capo 0			0	
Bob Dylan	One Irish Rover	no-songsterr	Standard capo 0			0	
Bob Dylan	One Man's Loss	no-songsterr	Standard capo 0			0	
Bob Dylan	One More Cup of Coffee (Valley Below)	no-songsterr	Standard capo 0			0	
Bob Dylan	One More Night	match	Standard	E A D G B E	0,0,0,0,0,0	27	https://www.songsterr.com/a/wsa/x-tab-s371278
Bob Dylan	One More Weekend	no-songsterr	Standard capo 0			0	
Bob Dylan	One of Us Must Know (Sooner or Later)	no-songsterr	Standard capo 0			0	
Bob Dylan	One Single River (Song For Canada)	no-songsterr	Standard capo 0			0	
Bob Dylan	One Too Many Mornings	MISMATCH	Standard	E A C# E A C#	0,0,-1,-3,-2,-3	585	https://www.songsterr.com/a/wsa/x-tab-s59505
Bob Dylan	Only a Hobo	match	Standard	E A D G B E	0,0,0,0,0,0	3	https://www.songsterr.com/a/wsa/x-tab-s371239
Bob Dylan	Only a Pawn in Their Game	no-songsterr	Standard capo 0			0	
Bob Dylan	Open the Door, Homer	no-songsterr	Standard capo 0			0	
Bob Dylan	Outlaw Blues	match	Standard	E A D G B E	0,0,0,0,0,0	24	https://www.songsterr.com/a/wsa/x-tab-s371310
Bob Dylan	Oxford Town	MISMATCH	Standard	D A D F# A D	-2,0,0,-1,-2,-2	463	https://www.songsterr.com/a/wsa/x-tab-s83838
Bob Dylan	Pancho and Lefty	no-songsterr	Standard capo 0			0	
Bob Dylan	Pass Me Not, O Gentle Savior	no-songsterr	Standard capo 0			0	
Bob Dylan	Paths of Victory	no-songsterr	Standard capo 0			0	
Bob Dylan	Peace in the Valley	no-songsterr	Standard capo 0			0	
Bob Dylan	Peggy Day	no-songsterr	Standard capo 0			0	
Bob Dylan	People Get Ready	no-songsterr	Standard capo 0			0	
Bob Dylan	People Putting People Down	no-songsterr	Standard capo 0			0	
Bob Dylan	Percy's Song	no-songsterr	Standard capo 0			0	
Bob Dylan	Please, Mrs. Henry	no-songsterr	Standard capo 0			0	
Bob Dylan	Pledging My Time	no-songsterr	Standard capo 0			0	
Bob Dylan	Po' Boy	match	Standard	E A D G B E	0,0,0,0,0,0	1	https://www.songsterr.com/a/wsa/x-tab-s371323
Bob Dylan	Political World	match	Standard	E A D G B E	0,0,0,0,0,0	42	https://www.songsterr.com/a/wsa/x-tab-s2407118
Bob Dylan	Polly Vaughn	no-songsterr	Standard capo 0			0	
Bob Dylan	Poor Lazarus	no-songsterr	Standard capo 0			0	
Bob Dylan	Positively 4th Street	match	Standard	E A D G B E	0,0,0,0,0,0	276	https://www.songsterr.com/a/wsa/x-tab-s59504
Bob Dylan	Positively van Gogh	no-songsterr	Standard capo 0			0	
Bob Dylan	Precious Angel	match	Standard	E A D G B E	0,0,0,0,0,0	41	https://www.songsterr.com/a/wsa/x-tab-s371238
Bob Dylan	Precious Memories	no-songsterr	Standard capo 0			0	
Bob Dylan	Pressing On	no-songsterr	Standard capo 0			0	
Bob Dylan	Pretty Boy Floyd	no-songsterr	Standard capo 0			0	
Bob Dylan	Pretty Peggy-O	no-songsterr	Standard capo 0			0	
Bob Dylan	Property of Jesus	no-songsterr	Standard capo 0			0	
Bob Dylan	Queen Jane Approximately	match	Standard	E A D G B E	0,0,0,0,0,0	609	https://www.songsterr.com/a/wsa/x-tab-s371353
Bob Dylan	Quit Your Low Down Ways	no-songsterr	Standard capo 0			0	
Bob Dylan	Ragged & Dirty	no-songsterr	Standard capo 0			0	
Bob Dylan	Railroad Bill	match	Standard	E A D G B E	0,0,0,0,0,0	255	https://www.songsterr.com/a/wsa/x-tab-s899593
Bob Dylan	Railroad Boy	no-songsterr	Standard capo 0			0	
Bob Dylan	Rainy Day Women #12 & 35	match	Standard	E A D G B E	0,0,0,0,0,0	422	https://www.songsterr.com/a/wsa/x-tab-s6324
Bob Dylan	Ramblin' Down Through the World	no-songsterr	Standard capo 0			0	
Bob Dylan	Rambling, Gambling Willie	match	Standard	E A D G B E	0,0,0,0,0,0	0	https://www.songsterr.com/a/wsa/x-tab-s371402
Bob Dylan	Rank Strangers To Me	no-songsterr	Standard capo 0			0	
Bob Dylan	Red Cadillac and a Black Moustache	no-songsterr	Standard capo 0			0	
Bob Dylan	Red River Shore	no-songsterr	Standard capo 0			0	
Bob Dylan	Remember me (When the Candle Lights are Gleaming)	no-songsterr	Standard capo 0			0	
Bob Dylan	Repossession Blues	no-songsterr	Standard capo 0			0	
Bob Dylan	Restless Farewell	match	Standard	E A D G B E	0,0,0,0,0,0	6	https://www.songsterr.com/a/wsa/x-tab-s371341
Bob Dylan	Return To Me	no-songsterr	Standard capo 0			0	
Bob Dylan	Ring Them Bells	match	Standard	E A D G B E	0,0,0,0,0,0	0	https://www.songsterr.com/a/wsa/x-tab-s371369
Bob Dylan	Rise Again	no-songsterr	Standard capo 0			0	
Bob Dylan	Rita May	match	Standard	E A D G B E	0,0,0,0,0,0	2	https://www.songsterr.com/a/wsa/x-tab-s4240749
Bob Dylan	Rock Me Mama	no-songsterr	Standard capo 0			0	
Bob Dylan	Rock of Ages	no-songsterr	Standard capo 0			0	
Bob Dylan	Rock Salt and Nails	no-songsterr	Standard capo 0			0	
Bob Dylan	Rocks And Gravel	match	Standard	E A D G B E	0,0,0,0,0,0	297	https://www.songsterr.com/a/wsa/x-tab-s2332385
Bob Dylan	Roll On John	no-songsterr	Standard capo 0			0	
Bob Dylan	Romance in Durango	match	Standard	E A D G B E	0,0,0,0,0,0	10	https://www.songsterr.com/a/wsa/x-tab-s371351
Bob Dylan	Roving Blade (Newry Highwayman)	no-songsterr	Standard capo 0			0	
Bob Dylan	Roving Gambler	no-songsterr	Standard capo 0			0	
Bob Dylan	Sad-Eyed Lady of the Lowlands	match	Standard	E A D G B E	0,0,0,0,0,0	61	https://www.songsterr.com/a/wsa/x-tab-s371197
Bob Dylan	Sally Gal	no-songsterr	Standard capo 0			0	
Bob Dylan	Sally Sue Brown	no-songsterr	Standard capo 0			0	
Bob Dylan	Santa Fe	no-songsterr	Standard capo 0			0	
Bob Dylan	Sara	match	Standard	E A D G B E	0,0,0,0,0,0	319	https://www.songsterr.com/a/wsa/x-tab-s371401
Bob Dylan	Sarah Jane	no-songsterr	Standard capo 0			0	
Bob Dylan	Saved	match	Standard	E A D G B E	0,0,0,0,0,0	7	https://www.songsterr.com/a/wsa/x-tab-s2854453
Bob Dylan	Saving Grace	no-songsterr	Standard capo 0			0	
Bob Dylan	Searching For A Soldier's Grave	no-songsterr	Standard capo 0			0	
Bob Dylan	See That My Grave Is Kept Clean	match	Standard	E A D G B E	0,0,0,0,0,0	33	https://www.songsterr.com/a/wsa/x-tab-s690923
Bob Dylan	See You Later Allen Ginsberg	no-songsterr	Standard capo 0			0	
Bob Dylan	Seeing the Real You at Last	no-songsterr	Standard capo 0			0	
Bob Dylan	Señor (Tales Of Yankee Power)	no-songsterr	Standard capo 0			0	
Bob Dylan	Series of Dreams	match	Standard	E A D G B E	0,0,0,0,0,0	7	https://www.songsterr.com/a/wsa/x-tab-s371307
Bob Dylan	Seven Curses	no-songsterr	Standard capo 0			0	
Bob Dylan	Seven Days	no-songsterr	Standard capo 0			0	
Bob Dylan	Shake Shake Mama	no-songsterr	Standard capo 0			0	
Bob Dylan	Shake Sugaree	no-songsterr	Standard capo 0			0	
Bob Dylan	She Belongs to Me	MISMATCH	Open E	E A D G B E	0,-2,-2,-1,0,0	2500	https://www.songsterr.com/a/wsa/x-tab-s60338
Bob Dylan	She's Love Crazy	no-songsterr	Standard capo 0			0	
Bob Dylan	She's Your Lover Now	no-songsterr	Standard capo 0			0	
Bob Dylan	Shelter from the Storm	match	Standard	E A D G B E	0,0,0,0,0,0	338	https://www.songsterr.com/a/wsa/x-tab-s1632495
Bob Dylan	Shenandoah	no-songsterr	Standard capo 0			0	
Bob Dylan	Shooting Star	match	Standard	E A D G B E	0,0,0,0,0,0	18	https://www.songsterr.com/a/wsa/x-tab-s371420
Bob Dylan	Shot of Love	no-songsterr	Standard capo 0			0	
Bob Dylan	Sign Language	no-songsterr	Standard capo 0			0	
Bob Dylan	Sign on the Cross	no-songsterr	Standard capo 0			0	
Bob Dylan	Sign on the Window	match	Standard	E A D G B E	0,0,0,0,0,0	0	https://www.songsterr.com/a/wsa/x-tab-s371210
Bob Dylan	Silent Weekend	no-songsterr	Standard capo 0			0	
Bob Dylan	Silvio	match	Standard	E A D G B E	0,0,0,0,0,0	0	https://www.songsterr.com/a/wsa/x-tab-s371463
Bob Dylan	Simple Twist of Fate	match	Standard	E A D G B E	0,0,0,0,0,0	1584	https://www.songsterr.com/a/wsa/x-tab-s410017
Bob Dylan	Sittin' on a Barbed-Wire Fence	no-songsterr	Standard capo 0			0	
Bob Dylan	Sittin' on Top of the World	no-songsterr	Standard capo 0			0	
Bob Dylan	Sloppy Drunk	no-songsterr	Standard capo 0			0	
Bob Dylan	Slow Train	match	Standard	E A D G B E	0,0,0,0,0,0	580	https://www.songsterr.com/a/wsa/x-tab-s287976
Bob Dylan	Smokestack Lightning	no-songsterr	Standard capo 0			0	
Bob Dylan	Solid Rock	no-songsterr	Standard capo 0			0	
Bob Dylan	Something's Burning, Baby	no-songsterr	Standard capo 0			0	
Bob Dylan	Something There Is About You	match	Standard	E A D G B E	0,0,0,0,0,0	0	https://www.songsterr.com/a/wsa/x-tab-s371249
Bob Dylan	Song to Woody	match	Standard	E A D G B E	0,0,0,0,0,0	1423	https://www.songsterr.com/a/wsa/x-tab-s690921
Bob Dylan	Soon	no-songsterr	Standard capo 0			0	
Bob Dylan	Spanish Harlem Incident	no-songsterr	Standard capo 0			0	
Bob Dylan	Spanish is the Loving Tongue	no-songsterr	Standard capo 0			0	
Bob Dylan	Spirit on the Water	no-songsterr	Standard capo 0			0	
Bob Dylan	Stack A Lee	no-songsterr	Standard capo 0			0	
Bob Dylan	Stand By Me	no-songsterr	Standard capo 0			0	
Bob Dylan	Standing In The Doorway	match	Standard	E A D G B E	0,0,0,0,0,0	2	https://www.songsterr.com/a/wsa/x-tab-s371312
Bob Dylan	Standing On The Highway	no-songsterr	Standard capo 0			0	
Bob Dylan	Stealin'	no-songsterr	Standard capo 0			0	
Bob Dylan	Steel Bars	no-songsterr	Standard capo 0			0	
Bob Dylan	Step It Up And Go	no-songsterr	Standard capo 0			0	
Bob Dylan	Still in Town	no-songsterr	Standard capo 0			0	
Bob Dylan	Stone Walls and Steel Bars	no-songsterr	Standard capo 0			0	
Bob Dylan	Stuck Inside of Mobile with the Memphis Blues Again	match	Standard	E A D G B E	0,0,0,0,0,0	486	https://www.songsterr.com/a/wsa/x-tab-s969711
Bob Dylan	Subterranean Homesick Blues	match	Standard	E A D G B E	0,0,0,0,0,0	1756	https://www.songsterr.com/a/wsa/x-tab-s5283
Bob Dylan	Sugar Baby	no-songsterr	Standard capo 0			0	
Bob Dylan	Summer Days	match	Standard	E A D G B E	0,0,0,0,0,0	92	https://www.songsterr.com/a/wsa/x-tab-s410018
Bob Dylan	Suze (The Cough Song)	no-songsterr	Standard capo 0			0	
Bob Dylan	Sweetheart Like You	match	Standard	E A D G B E	0,0,0,0,0,0	1283	https://www.songsterr.com/a/wsa/x-tab-s371280
Bob Dylan	T.V. Talkin' Song	no-songsterr	Standard capo 0			0	
Bob Dylan	Take a Message to Mary	no-songsterr	Standard capo 0			0	
Bob Dylan	Take Me as I Am (Or Let Me Go)	no-songsterr	Standard capo 0			0	
Bob Dylan	Talkin' Devil	no-songsterr	Standard capo 0			0	
Bob Dylan	Talkin' Hava Negeilah Blues	no-songsterr	Standard capo 0			0	
Bob Dylan	Talkin' John Birch Paranoid Blues	no-songsterr	Standard capo 0			0	
Bob Dylan	Talkin' New York	match	Standard	E A D G B E	0,0,0,0,0,0	5	https://www.songsterr.com/a/wsa/x-tab-s371455
Bob Dylan	Talkin' World War III Blues	no-songsterr	Standard capo 0			0	
Bob Dylan	Talking Bear Mountain Picnic Massacre Blues	no-songsterr	Standard capo 0			0	
Bob Dylan	Tangled Up in Blue	MISMATCH	Open D	E A D G B E	2,0,0,1,2,2	5957	https://www.songsterr.com/a/wsa/x-tab-s22497
Bob Dylan	Tears of Rage	no-songsterr	Standard capo 0			0	
Bob Dylan	Telephone Wire	no-songsterr	Standard capo 0			0	
Bob Dylan	Tell Me, Momma	no-songsterr	Standard capo 0			0	
Bob Dylan	Tell Me That It Isn't True	no-songsterr	Standard capo 0			0	
Bob Dylan	Tell Me	no-songsterr	Standard capo 0			0	
Bob Dylan	Tell Ol' Bill	no-songsterr	Standard capo 0			0	
Bob Dylan	Temporary Like Achilles	match	Standard	E A D G B E	0,0,0,0,0,0	8	https://www.songsterr.com/a/wsa/x-tab-s371443
Bob Dylan	Thank God	no-songsterr	Standard capo 0			0	
Bob Dylan	That Lucky Old Sun	no-songsterr	Standard capo 0			0	
Bob Dylan	The Ballad of Frankie Lee and Judas Priest	match	Standard	E A D G B E	0,0,0,0,0,0	1	https://www.songsterr.com/a/wsa/x-tab-s287990
Bob Dylan	The Ballad of Ira Hayes	no-songsterr	Standard capo 0			0	
Bob Dylan	The Banks of the Royal Canal	no-songsterr	Standard capo 0			0	
Bob Dylan	The Boxer	no-songsterr	Standard capo 0			0	
Bob Dylan	The Death of Emmett Till	match	Standard	E A D G B E	0,0,0,0,0,0	1	https://www.songsterr.com/a/wsa/x-tab-s4495664
Bob Dylan	The End Of The Innocence	no-songsterr	Standard capo 0			0	
Bob Dylan	The French Girl	no-songsterr	Standard capo 0			0	
Bob Dylan	The Grand Coulee Dam	no-songsterr	Standard capo 0			0	
Bob Dylan	The Groom's Still Waiting at the Altar	match	Standard	E A D G B E	0,0,0,0,0,0	0	https://www.songsterr.com/a/wsa/x-tab-s371384
Bob Dylan	The Harder They Come	no-songsterr	Standard capo 0			0	
Bob Dylan	The Lady Came From Baltimore	no-songsterr	Standard capo 0			0	
Bob Dylan	The Lonesome Death of Hattie Carroll	match	Standard	E A D G B E	0,0,0,0,0,0	526	https://www.songsterr.com/a/wsa/x-tab-s59502
Bob Dylan	The Lonesome River	no-songsterr	Standard capo 0			0	
Bob Dylan	The Man in Me	match	Standard	E A D G B E	0,0,0,0,0,0	765	https://www.songsterr.com/a/wsa/x-tab-s1632446
Bob Dylan	The Times They Are A-Changin'	match	Standard	E A D G B E	0,0,0,0,0,0	9454	https://www.songsterr.com/a/wsa/x-tab-s62942
Bob Dylan	The Times We've Known	no-songsterr	Standard capo 0			0	
Bob Dylan	The Two Sisters	no-songsterr	Standard capo 0			0	
Bob Dylan	The Usual	no-songsterr	Standard capo 0			0	
Bob Dylan	The Water Is Wide	no-songsterr	Standard capo 0			0	
Bob Dylan	The Wicked Messenger	no-songsterr	Standard capo 0			0	
Bob Dylan	They Killed Him	no-songsterr	Standard capo 0			0	
Bob Dylan	Thief On The Cross	no-songsterr	Standard capo 0			0	
Bob Dylan	Things Have Changed	match	Standard	E A D G B E	0,0,0,0,0,0	209	https://www.songsterr.com/a/wsa/x-tab-s1632480
Bob Dylan	This Dream of You	no-songsterr	Standard capo 0			0	
Bob Dylan	This Was My Love	no-songsterr	Standard capo 0			0	
Bob Dylan	This Wheel's on Fire	match	Standard	E A D G B E	0,0,0,0,0,0	327	https://www.songsterr.com/a/wsa/x-tab-s410025
Bob Dylan	This World Can't Stand Long	no-songsterr	Standard capo 0			0	
Bob Dylan	Three Angels	no-songsterr	Standard capo 0			0	
Bob Dylan	Thunder on the Mountain	match	Standard	E A D G B E	0,0,0,0,0,0	501	https://www.songsterr.com/a/wsa/x-tab-s1632489
Bob Dylan	Tight Connection to My Heart (Has Anybody Seen My Love) / Someone Got A Hold of My Heart	no-songsterr	Standard capo 0			0	
Bob Dylan	'Til I Fell in Love with You	no-songsterr	Standard capo 0			0	
Bob Dylan	Till I Get It Right	no-songsterr	Standard capo 0			0	
Bob Dylan	Time Passes Slowly	no-songsterr	Standard capo 0			0	
Bob Dylan	Tiny Montgomery	no-songsterr	Standard capo 0			0	
Bob Dylan	To Be Alone with You	match	Standard	E A D G B E	0,0,0,0,0,0	5	https://www.songsterr.com/a/wsa/x-tab-s371336
Bob Dylan	To Fall In Love With You	no-songsterr	Standard capo 0			0	
Bob Dylan	To Ramona	match	Standard	E A D G B E	0,0,0,0,0,0	6	https://www.songsterr.com/a/wsa/x-tab-s4361315
Bob Dylan	Tombstone Blues	MISMATCH	Drop D	E A D G B E	2,0,0,0,0,0	1594	https://www.songsterr.com/a/wsa/x-tab-s410026
Bob Dylan	Tomorrow is a Long Time	match	Standard	E A D G B E	0,0,0,0,0,0	1118	https://www.songsterr.com/a/wsa/x-tab-s287919
Bob Dylan	Tomorrow Night	no-songsterr	Standard capo 0			0	
Bob Dylan	Tonight I'll Be Staying Here With You	match	Standard	E A D G B E	0,0,0,0,0,0	163	https://www.songsterr.com/a/wsa/x-tab-s371403
Bob Dylan	Too Much of Nothing	match	Standard	E A D G B E	0,0,0,0,0,0	10	https://www.songsterr.com/a/wsa/x-tab-s410019
Bob Dylan	Tough Mama	no-songsterr	Standard capo 0			0	
Bob Dylan	Trail of the Buffalo	no-songsterr	Standard capo 0			0	
Bob Dylan	Train of Love	no-songsterr	Standard capo 0			0	
Bob Dylan	Trouble In Mind	no-songsterr	Standard capo 0			0	
Bob Dylan	Trouble	no-songsterr	Standard capo 0			0	
Bob Dylan	Troubled and I don't Know Why	no-songsterr	Standard capo 0			0	
Bob Dylan	True Love Tends to Forget	no-songsterr	Standard capo 0			0	
Bob Dylan	Trust Yourself	no-songsterr	Standard capo 0			0	
Bob Dylan	Try Me	no-songsterr	Standard capo 0			0	
Bob Dylan	Tryin' To Get To Heaven	match	Standard	E A D G B E	0,0,0,0,0,0	0	https://www.songsterr.com/a/wsa/x-tab-s2553381
Bob Dylan	Tweedle Dee And Tweedle Dum	no-songsterr	Standard capo 0			0	
Bob Dylan	Two Soldiers	no-songsterr	Standard capo 0			0	
Bob Dylan	Two Trains Runnin'	no-songsterr	Standard capo 0			0	
Bob Dylan	Ugliest Girl In The World	no-songsterr	Standard capo 0			0	
Bob Dylan	Unbelievable	no-songsterr	Standard capo 0			0	
Bob Dylan	Under the Red Sky	no-songsterr	Standard capo 0			0	
Bob Dylan	Under Your Spell	no-songsterr	Standard capo 0			0	
Bob Dylan	Union Sundown	no-songsterr	Standard capo 0			0	
Bob Dylan	Up to Me	match	Standard	E A D G B E	0,0,0,0,0,0	10	https://www.songsterr.com/a/wsa/x-tab-s371329
Bob Dylan	Vincent Van Gogh	no-songsterr	Standard capo 0			0	
Bob Dylan	Viola Lee Blues	no-songsterr	Standard capo 0			0	
Bob Dylan	Visions of Johanna	match	Standard	E A D G B E	0,0,0,0,0,0	141	https://www.songsterr.com/a/wsa/x-tab-s371398
Bob Dylan	Voice From On High/I Hear A Voice Calling	no-songsterr	Standard capo 0			0	
Bob Dylan	Vomit Express	no-songsterr	Standard capo 0			0	
Bob Dylan	Wagoner's Lad	no-songsterr	Standard capo 0			0	
Bob Dylan	Wait For The Light To Shine	no-songsterr	Standard capo 0			0	
Bob Dylan	Waitin' For You	no-songsterr	Standard capo 0			0	
Bob Dylan	Walkin' Down the Line	no-songsterr	Standard capo 0			0	
Bob Dylan	Wallflower	match	Standard	E A D G B E	0,0,0,0,0,0	0	https://www.songsterr.com/a/wsa/x-tab-s371430
Bob Dylan	Walls of Red Wing	no-songsterr	Standard capo 0			0	
Bob Dylan	Waltzing With Sin	no-songsterr	Standard capo 0			0	
Bob Dylan	Wanted Man	no-songsterr	Standard capo 0			0	
Bob Dylan	Watching the River Flow	match	Standard	E A D G B E	0,0,0,0,0,0	90	https://www.songsterr.com/a/wsa/x-tab-s287984
Bob Dylan	Watered-Down Love	no-songsterr	Standard capo 0			0	
Bob Dylan	We Better Talk This Over	no-songsterr	Standard capo 0			0	
Bob Dylan	We Had It All	no-songsterr	Standard capo 0			0	
Bob Dylan	We Just Disagree	no-songsterr	Standard capo 0			0	
Bob Dylan	We Three (My Echo, My Shadow and Me)	no-songsterr	Standard capo 0			0	
Bob Dylan	Wedding Song	no-songsterr	Standard capo 0			0	
Bob Dylan	Weeping Willow Blues (Blind Boy Fuller's version)	no-songsterr	Standard capo 0			0	
Bob Dylan	Weeping Willow	no-songsterr	Standard capo 0			0	
Bob Dylan	Went to See the Gypsy	match	Standard	E A D G B E	0,0,0,0,0,0	3	https://www.songsterr.com/a/wsa/x-tab-s4388559
Bob Dylan	West Texas	no-songsterr	Standard capo 0			0	
Bob Dylan	What Can I Do For You?	no-songsterr	Standard capo 0			0	
Bob Dylan	What Good Am I?	match	Standard	E A D G B E	0,0,0,0,0,0	1	https://www.songsterr.com/a/wsa/x-tab-s1810838
Bob Dylan	What Kind of Friend Is This?	no-songsterr	Standard capo 0			0	
Bob Dylan	What Was It You Wanted?	match	Standard	E A D G B E	0,0,0,0,0,0	9	https://www.songsterr.com/a/wsa/x-tab-s371392
Bob Dylan	Whatcha Gonna Do?	no-songsterr	Standard capo 0			0	
Bob Dylan	When Did You Leave Heaven?	no-songsterr	Standard capo 0			0	
Bob Dylan	When First Unto This Country	no-songsterr	Standard capo 0			0	
Bob Dylan	When He Returns	no-songsterr	Standard capo 0			0	
Bob Dylan	When I Paint My Masterpiece	match	Standard	E A D G B E	0,0,0,0,0,0	31	https://www.songsterr.com/a/wsa/x-tab-s3138422
Bob Dylan	When The Night Comes Falling From The Sky	no-songsterr	Standard capo 0			0	
Bob Dylan	When You Gonna Wake Up?	no-songsterr	Standard capo 0			0	
Bob Dylan	Where Are You Tonight? (Journey Through Dark Heat)	no-songsterr	Standard capo 0			0	
Bob Dylan	Where Teardrops Fall	match	Standard	E A D G B E	0,0,0,0,0,0	20	https://www.songsterr.com/a/wsa/x-tab-s1810864
Bob Dylan	White Dove	no-songsterr	Standard capo 0			0	
Bob Dylan	Who Killed Davey Moore?	no-songsterr	Standard capo 0			0	
Bob Dylan	Why Do I Have To Choose?	no-songsterr	Standard capo 0			0	
Bob Dylan	Wichita Blues	no-songsterr	Standard capo 0			0	
Bob Dylan	Wieviele Straen	no-songsterr	Standard capo 0			0	
Bob Dylan	Wiggle Wiggle	no-songsterr	Standard capo 0			0	
Bob Dylan	Wigwam	match	Standard	E A D G B E	0,0,0,0,0,0	2	https://www.songsterr.com/a/wsa/x-tab-s371236
Bob Dylan	Wild Mountain Thyme	no-songsterr	Standard capo 0			0	
Bob Dylan	Willin'	no-songsterr	Standard capo 0			0	
Bob Dylan	Winterlude	no-songsterr	Standard capo 0			0	
Bob Dylan	With God on Our Side	match	Standard	E A D G B E	0,0,0,0,0,0	43	https://www.songsterr.com/a/wsa/x-tab-s371284
Bob Dylan	Workingman's Blues #2	no-songsterr	Standard capo 0			0	
Bob Dylan	World Gone Wrong	no-songsterr	Standard capo 0			0	
Bob Dylan	Worried Blues	no-songsterr	Standard capo 0			0	
Bob Dylan	Ye Shall Be Changed	no-songsterr	Standard capo 0			0	
Bob Dylan	Yea, Heavy and a bottle of bread	no-songsterr	Standard capo 0			0	
Bob Dylan	Yonder Comes Sin	no-songsterr	Standard capo 0			0	
Bob Dylan	You Ain't Goin' Nowhere	match	Standard	E A D G B E	0,0,0,0,0,0	66	https://www.songsterr.com/a/wsa/x-tab-s371383
Bob Dylan	You Angel You	match	Standard	E A D G B E	0,0,0,0,0,0	2	https://www.songsterr.com/a/wsa/x-tab-s371289
Bob Dylan	You Belong To Me	match	Standard	E A D G B E	0,0,0,0,0,0	2181	https://www.songsterr.com/a/wsa/x-tab-s593328
Bob Dylan	You Changed My Life	no-songsterr	Standard capo 0			0	
Bob Dylan	You Don't Know Me	no-songsterr	Standard capo 0			0	
Bob Dylan	You Gotta Quit Kicking My Dog Around	no-songsterr	Standard capo 0			0	
Bob Dylan	You're a Big Girl Now	MISMATCH	Open E	E A D G B E	0,-2,-2,-1,0,0	184	https://www.songsterr.com/a/wsa/x-tab-s59501
Bob Dylan	You're Gonna Make Me Lonesome When You Go	no-songsterr	Standard capo 0			0	
Bob Dylan	You're Gonna Quit Me, Baby	no-songsterr	Standard capo 0			0	
Bob Dylan	You're No Good	match	Standard	E A D G B E	0,0,0,0,0,0	59	https://www.songsterr.com/a/wsa/x-tab-s690906
Bob Dylan	You're Too Late	no-songsterr	Standard capo 0			0	
Bob Dylan	You Wanna Ramble	no-songsterr	Standard capo 0			0	
Bob Dylan	Young But Daily Growin'	no-songsterr	Standard capo 0			0	
Bonnie Prince Billy	2-15	no-songsterr	Standard capo 0			0	
Bonnie Prince Billy	A King At Night	no-songsterr	Standard capo 0			0	
Bonnie Prince Billy	A Minor Place	no-songsterr	Standard capo 0			0	
Bonnie Prince Billy	After I Made Love To You	no-songsterr	Standard capo 0			0	
Bonnie Prince Billy	Aint You Wealthy Aint You Wise	no-songsterr	Standard capo 0			0	
Bonnie Prince Billy	Another Day Full Of Dread	no-songsterr	Standard capo 0			0	
Bonnie Prince Billy	Apocalypse No	no-songsterr	Standard capo 0			0	
Bonnie Prince Billy	Bad Actor	no-songsterr	Standard capo 0			0	
Bonnie Prince Billy	Beast For Thee	no-songsterr	E A D G B D capo 0			0	
Bonnie Prince Billy	Behold Be Held	no-songsterr	Standard capo 0			0	
Bonnie Prince Billy	Beware Your Only Friend	no-songsterr	Standard capo 0			0	
Bonnie Prince Billy	Big Friday	no-songsterr	Standard capo 0			0	
Bonnie Prince Billy	Black Captain	no-songsterr	D G A F B D capo 0			0	
Bonnie Prince Billy	Black	no-songsterr	Standard capo 0			0	
Bonnie Prince Billy	Blood Embrace	no-songsterr	Standard capo 0			0	
Bonnie Prince Billy	Blueberry Jam	no-songsterr	Standard capo 0			0	
Bonnie Prince Billy	Boise Idaho	no-songsterr	Standard capo 0			0	
Bonnie Prince Billy	Break Of Day	no-songsterr	Standard capo 0			0	
Bonnie Prince Billy	Christmas Eve Can Kill You	no-songsterr	Standard capo 0			0	
Bonnie Prince Billy	Cold And Wet	no-songsterr	Standard capo 0			0	
Bonnie Prince Billy	Cursed Sleep	no-songsterr	Standard capo 0			0	
Bonnie Prince Billy	Cycles	no-songsterr	Standard capo 0			0	
Bonnie Prince Billy	Death To Everyone	no-songsterr	Standard capo 0			0	
Bonnie Prince Billy	Dream Awhile	no-songsterr	Standard capo 0			0	
Bonnie Prince Billy	Ease Down The Road	no-songsterr	Standard capo 0			0	
Bonnie Prince Billy	Easy Does It	no-songsterr	Standard capo 0			0	
Bonnie Prince Billy	Ebb Tide	no-songsterr	E A D F# B D capo 0			0	
Bonnie Prince Billy	Far From Over	no-songsterr	Standard capo 0			0	
Bonnie Prince Billy	For Every Field Theres A Mole	no-songsterr	Standard capo 0			0	
Bonnie Prince Billy	Goodbye Old Stepstone	no-songsterr	Standard capo 0			0	
Bonnie Prince Billy	Grand Dark Feeling Of Emptiness	no-songsterr	Standard capo 0			0	
Bonnie Prince Billy	Hard Life	no-songsterr	Standard capo 0			0	
Bonnie Prince Billy	Horses	no-songsterr	Standard capo 0			0	
Bonnie Prince Billy	I Am A Cinematographer	no-songsterr	Standard capo 0			0	
Bonnie Prince Billy	I Am Drinking Again	no-songsterr	Standard capo 0			0	
Bonnie Prince Billy	I Am Goodbye	no-songsterr	Standard capo 0			0	
Bonnie Prince Billy	I Called You Back	no-songsterr	Standard capo 0			0	
Bonnie Prince Billy	I Came To Hear The Music	no-songsterr	Standard capo 0			0	
Bonnie Prince Billy	I See A Darkness	match	Standard	E A D G B E	0,0,0,0,0,0	22	https://www.songsterr.com/a/wsa/x-tab-s2179601
Bonnie Prince Billy	I Send My Love To You	no-songsterr	Standard capo 0			0	
Bonnie Prince Billy	If I Had The World To Give	no-songsterr	Standard capo 0			0	
Bonnie Prince Billy	In Good Faith	no-songsterr	Standard capo 0			0	
Bonnie Prince Billy	Is My Living In Vain	no-songsterr	Standard capo 0			0	
Bonnie Prince Billy	Jolly One	no-songsterr	Standard capo 0			0	
Bonnie Prince Billy	Just To See My Holly Home	no-songsterr	Standard capo 0			0	
Bonnie Prince Billy	Knockturne	no-songsterr	Standard capo 0			0	
Bonnie Prince Billy	Lay And Love	no-songsterr	Standard capo 0			0	
Bonnie Prince Billy	Like It Or Not	no-songsterr	Standard capo 0			0	
Bonnie Prince Billy	London May	no-songsterr	Standard capo 0			0	
Bonnie Prince Billy	Look Backward On Your Future Look Forward To Your Past	no-songsterr	Standard capo 0			0	
Bonnie Prince Billy	Love Comes To Me	no-songsterr	Standard capo 0			0	
Bonnie Prince Billy	Madeleine Mary	no-songsterr	Standard capo 0			0	
Bonnie Prince Billy	Mama Mama	no-songsterr	Standard capo 0			0	
Bonnie Prince Billy	Master And Everyone	no-songsterr	Standard capo 0			0	
Bonnie Prince Billy	Maundering	no-songsterr	Standard capo 0			0	
Bonnie Prince Billy	May It Always Be	no-songsterr	Standard capo 0			0	
Bonnie Prince Billy	My Body Is My Own	no-songsterr	Standard capo 0			0	
Bonnie Prince Billy	My Old Pal	no-songsterr	Standard capo 0			0	
Bonnie Prince Billy	New Memory Box	no-songsterr	Standard capo 0			0	
Bonnie Prince Billy	New Partner	no-songsterr	Standard capo 0			0	
Bonnie Prince Billy	No Bad News	no-songsterr	Standard capo 0			0	
Bonnie Prince Billy	Nomadic Revery - All Around	no-songsterr	Standard capo 0			0	
Bonnie Prince Billy	Ohio River Boat Song	no-songsterr	Standard capo 0			0	
Bonnie Prince Billy	One Of These Days Im Gonna Spend The Whole Night With You	no-songsterr	Standard capo 0			0	
Bonnie Prince Billy	One With The Birds	no-songsterr	Standard capo 0			0	
Bonnie Prince Billy	Only Someone Running	no-songsterr	Standard capo 0			0	
Bonnie Prince Billy	Our Home	no-songsterr	Standard capo 0			0	
Bonnie Prince Billy	Quail And Dumplings	no-songsterr	Drop D capo 0			0	
Bonnie Prince Billy	Raining In Darling	no-songsterr	Standard capo 0			0	
Bonnie Prince Billy	Rider	no-songsterr	Standard capo 0			0	
Bonnie Prince Billy	Ruben And Cherise	no-songsterr	F C A# F C A# capo 0			0	
Bonnie Prince Billy	Sheep	no-songsterr	Standard capo 0			0	
Bonnie Prince Billy	So Everyone	no-songsterr	Standard capo 0			0	
Bonnie Prince Billy	Squid Eye	no-songsterr	Standard capo 0			0	
Bonnie Prince Billy	Strange Form Of Life	no-songsterr	Standard capo 0			0	
Bonnie Prince Billy	Strange Trouble	no-songsterr	Standard capo 0			0	
Bonnie Prince Billy	The Dragon Song	no-songsterr	Standard capo 0			0	
Bonnie Prince Billy	The Seedling	no-songsterr	Standard capo 0			0	
Bonnie Prince Billy	The Sounds Are Always Begging	no-songsterr	Open E capo 0			0	
Bonnie Prince Billy	The Waters Fine	no-songsterr	Standard capo 0			0	
Bonnie Prince Billy	The Way	no-songsterr	Standard capo 0			0	
Bonnie Prince Billy	The Worlds Greatest	no-songsterr	Standard capo 0			0	
Bonnie Prince Billy	This Is Far From Over	no-songsterr	Standard capo 0			0	
Bonnie Prince Billy	Three Questions	no-songsterr	Standard capo 0			0	
Bonnie Prince Billy	Today I Was An Evil One	no-songsterr	Standard capo 0			0	
Bonnie Prince Billy	Tonight With The Dogs Im Sleeping	no-songsterr	Standard capo 0			0	
Bonnie Prince Billy	Turned To Dust Rolling On	no-songsterr	Standard capo 0			0	
Bonnie Prince Billy	Viva Ultra	no-songsterr	Standard capo 0			0	
Bonnie Prince Billy	Wai	no-songsterr	Standard capo 0			0	
Bonnie Prince Billy	Wallins Creek Girls	no-songsterr	Standard capo 0			0	
Bonnie Prince Billy	Whipped	no-songsterr	Standard capo 0			0	
Bonnie Prince Billy	Willow Pine And Oak	no-songsterr	Standard capo 0			0	
Bonnie Prince Billy	Wolf Among Wolves	no-songsterr	Standard capo 0			0	
Bonnie Prince Billy	You Cant Hurt Me Now	no-songsterr	Standard capo 0			0	
Bonnie Prince Billy	You Remind Me Of Something	no-songsterr	Standard capo 0			0	
Bonnie Prince Billy	You Want That Picture	no-songsterr	Standard capo 0			0	
Buck Meek	Can I Mend It	no-songsterr	Standard capo 0			0	
Buck Meek	Candle	no-songsterr	Standard capo 0			0	
Buck Meek	Cannonball Pt 2	no-songsterr	Standard capo 2			0	
Buck Meek	Cannonball	no-songsterr	Standard capo 2			0	
Buck Meek	Demon	no-songsterr	Standard capo 0			0	
Buck Meek	Didnt Know You Then	no-songsterr	Standard capo 0			0	
Buck Meek	Dream Daughter	no-songsterr	Standard capo 4			0	
Buck Meek	Exit 7 Roses	no-songsterr	Standard capo 4			0	
Buck Meek	Fool Me	no-songsterr	Standard capo 0			0	
Buck Meek	Gasoline	match	Standard	E A D G B E	0,0,0,0,0,0	6	https://www.songsterr.com/a/wsa/x-tab-s4406900
Buck Meek	God Knows Why	no-songsterr	Standard capo 2			0	
Buck Meek	Halo Light	no-songsterr	Standard capo 1			0	
Buck Meek	Haunted Mountain	no-songsterr	Standard capo 4			0	
Buck Meek	Joe By The Book	no-songsterr	Standard capo 7			0	
Buck Meek	Lagrimas	no-songsterr	Standard capo 0			0	
Buck Meek	Lullabies	no-songsterr	Standard capo 0			0	
Buck Meek	Paradise	no-songsterr	Standard capo 0			0	
Buck Meek	Pareidolia	no-songsterr	Standard capo 1			0	
Buck Meek	Pocketknife	no-songsterr	Standard capo 0			0	
Buck Meek	Roll Back Your Clocks	no-songsterr	Standard capo 2			0	
Buck Meek	Sam Bridges	no-songsterr	Standard capo 8			0	
Buck Meek	Second Sight	no-songsterr	Standard capo 0			0	
Buck Meek	The Undae Dunes	no-songsterr	Standard capo 1			0	
Buck Meek	Two Moons	no-songsterr	Standard capo 5			0	
Buck Meek	Two Saviours	no-songsterr	Standard capo 2			0	
Cass McCombs	Aeon Of Aquarius Blues	no-songsterr	Standard capo 0			0	
Cass McCombs	Angel Blood	no-songsterr	Standard capo 0			0	
Cass McCombs	Belong To Heaven	no-songsterr	Standard capo 0			0	
Cass McCombs	Big Wheel	no-songsterr	Drop D capo 0			0	
Cass McCombs	Brighter	match	Standard	E A D G B E	0,0,0,0,0,0	97	https://www.songsterr.com/a/wsa/x-tab-s1320053
Cass McCombs	Bum Bum Bum	no-songsterr	Standard capo 0			0	
Cass McCombs	City Of Brotherly Love	no-songsterr	Standard capo 0			0	
Cass McCombs	Confidence Man	no-songsterr	Standard capo 0			0	
Cass McCombs	County Line	match	Standard	E A D G B E	0,0,0,0,0,0	1	https://www.songsterr.com/a/wsa/x-tab-s172706
Cass McCombs	Cuckoo	no-songsterr	Standard capo 0			0	
Cass McCombs	Dealing	no-songsterr	Standard capo 0			0	
Cass McCombs	Dont Vote	no-songsterr	Standard capo 0			0	
Cass McCombs	Dreams Come True Girl	no-songsterr	Standard capo 0			0	
Cass McCombs	Empty Promises	no-songsterr	Standard capo 0			0	
Cass McCombs	Harmonia	no-songsterr	Standard capo 0			0	
Cass McCombs	Home At Last	no-songsterr	Standard capo 0			0	
Cass McCombs	I Cannot Lie	no-songsterr	Standard capo 0			0	
Cass McCombs	I Never Dream About Trains	no-songsterr	Standard capo 0			0	
Cass McCombs	I Went To The Hospital	no-songsterr	Standard capo 0			0	
Cass McCombs	Im Not Ashamed	no-songsterr	Standard capo 0			0	
Cass McCombs	Jonesy Boy	no-songsterr	Standard capo 0			0	
Cass McCombs	Karaoke	no-songsterr	Standard capo 0			0	
Cass McCombs	Laughter Is The Best Medicine	no-songsterr	Standard capo 0			0	
Cass McCombs	Love Thine Enemy	no-songsterr	Standard capo 0			0	
Cass McCombs	Medusas Outhouse	no-songsterr	Standard capo 0			0	
Cass McCombs	Meet Me Here At Dawn	no-songsterr	Standard capo 0			0	
Cass McCombs	Memorys Stain	no-songsterr	Standard capo 0			0	
Cass McCombs	Missionary Bell	no-songsterr	Standard capo 0			0	
Cass McCombs	Morning Shadows	no-songsterr	Standard capo 0			0	
Cass McCombs	Morning Star	no-songsterr	Standard capo 0			0	
Cass McCombs	My Pilgrim Dear	no-songsterr	Standard capo 0			0	
Cass McCombs	My Sister My Spouse	no-songsterr	Standard capo 0			0	
Cass McCombs	New Earth	no-songsterr	Standard capo 0			0	
Cass McCombs	Nobodys Nixon	no-songsterr	Standard capo 0			0	
Cass McCombs	Not The Way	no-songsterr	Standard capo 0			0	
Cass McCombs	Opium Flower	no-songsterr	Standard capo 0			0	
Cass McCombs	Opposite House	no-songsterr	Standard capo 0			0	
Cass McCombs	Peace	no-songsterr	Standard capo 0			0	
Cass McCombs	Petrified Forest	no-songsterr	Standard capo 0			0	
Cass McCombs	Robin Egg Blue	no-songsterr	Standard capo 0			0	
Cass McCombs	She Still Suffering	no-songsterr	Standard capo 0			0	
Cass McCombs	Shes Still Suffering	no-songsterr	Standard capo 0			0	
Cass McCombs	Sleeping Volcanoes	no-songsterr	Standard capo 0			0	
Cass McCombs	Sooner Cheat Death Than Fool Love	no-songsterr	Standard capo 0			0	
Cass McCombs	Sweet Lucy	no-songsterr	Standard capo 0			0	
Cass McCombs	Thats That	no-songsterr	Standard capo 0			0	
Cass McCombs	The Executioners Song	no-songsterr	Standard capo 0			0	
Cass McCombs	The Great Pixley Train Robbery	no-songsterr	Standard capo 0			0	
Cass McCombs	The Same Thing	no-songsterr	Standard capo 0			0	
Cass McCombs	There Can Be Only One	no-songsterr	Standard capo 0			0	
Cass McCombs	Tying Up Loose Ends	no-songsterr	Standard capo 0			0	
Cass McCombs	Unproud Warrior	no-songsterr	Standard capo 0			0	
Cass McCombs	What Isnt Nature	no-songsterr	Standard capo 0			0	
Cass McCombs	Windfall	no-songsterr	Standard capo 0			0	
Cass McCombs	You Saved My Life	no-songsterr	Standard capo 0			0	
Elliott Smith	2:45 am	match	Standard	E A D G B E	0,0,0,0,0,0	11418	https://www.songsterr.com/a/wsa/x-tab-s18022
Elliott Smith	a distorted reality is now a necessity to be free	MISMATCH	D Standard	E A D G B E	2,2,2,2,2,2	248	https://www.songsterr.com/a/wsa/x-tab-s1076857
Elliott Smith	a living will	match	Standard	E A D G B E	0,0,0,0,0,0	159	https://www.songsterr.com/a/wsa/x-tab-s914317
Elliott Smith	a passing feeling	no-songsterr	Eb Standard capo 0			0	
Elliott Smith	a question mark	MISMATCH	D Standard	E A D G B E	2,2,2,2,2,2	283	https://www.songsterr.com/a/wsa/x-tab-s805397
Elliott Smith	alameda	match	D Standard	D G C F A D	0,0,0,0,0,0	19122	https://www.songsterr.com/a/wsa/x-tab-s18401
Elliott Smith	alphabet town	MISMATCH	D Standard	E A D G B E	2,2,2,2,2,2	238	https://www.songsterr.com/a/wsa/x-tab-s706036
Elliott Smith	amanda cecilia	no-songsterr	D Standard capo 0			0	
Elliott Smith	amity	MISMATCH	D Standard	E A D G B E	2,2,2,2,2,2	254	https://www.songsterr.com/a/wsa/x-tab-s862759
Elliott Smith	angel in the snow	match	D Standard	D G C F A D	0,0,0,0,0,0	6228	https://www.songsterr.com/a/wsa/x-tab-s802648
Elliott Smith	angeles	MISMATCH	D Standard	E A D G B E	2,2,2,2,2,2	77264	https://www.songsterr.com/a/wsa/x-tab-s18185
Elliott Smith	antonio carlos jobim	no-songsterr	D Standard capo 0			0	
Elliott Smith	baby britain	MISMATCH	D Standard	E A D G B E	2,2,2,2,2,2	370	https://www.songsterr.com/a/wsa/x-tab-s410475
Elliott Smith	ballad of big nothing	MISMATCH	D Standard	C G C E C E	-2,0,0,-1,3,2	20107	https://www.songsterr.com/a/wsa/x-tab-s17351
Elliott Smith	because	no-songsterr	D Standard capo 0			0	
Elliott Smith	between the bars (orchestral)	no-songsterr	D Standard capo 0			0	
Elliott Smith	between the bars	match	D Standard	D G C F A D	0,0,0,0,0,0	36213	https://www.songsterr.com/a/wsa/x-tab-s33917
Elliott Smith	big decision	MISMATCH	D Standard	E A D G B E	2,2,2,2,2,2	158	https://www.songsterr.com/a/wsa/x-tab-s880245
Elliott Smith	bled white	MISMATCH	Eb Standard	E A D G B E	1,1,1,1,1,1	2805	https://www.songsterr.com/a/wsa/x-tab-s67928
Elliott Smith	blue highway	no-songsterr	D Standard capo 0			0	
Elliott Smith	busted lip	no-songsterr	D Standard capo 0			0	
Elliott Smith	can't make a sound	MISMATCH	D Standard	E A D G B E	2,2,2,2,2,2	911	https://www.songsterr.com/a/wsa/x-tab-s861084
Elliott Smith	car	no-songsterr	D Standard capo 0			0	
Elliott Smith	chelsea girls	no-songsterr	D Standard capo 0			0	
Elliott Smith	clementine	MISMATCH	D Standard	C G C E A D	-2,0,0,-1,0,0	85842	https://www.songsterr.com/a/wsa/x-tab-s410476
Elliott Smith	collect to nyc	no-songsterr	D Standard capo 0			0	
Elliott Smith	color bars	match	D Standard	D G C F A D	0,0,0,0,0,0	60	https://www.songsterr.com/a/wsa/x-tab-s410488
Elliott Smith	come out now	no-songsterr	D Standard capo 0			0	
Elliott Smith	come to me	no-songsterr	D Standard capo 1			0	
Elliott Smith	coming up roses	MISMATCH	Eb Standard	D G C F A D	-1,-1,-1,-1,-1,-1	2736	https://www.songsterr.com/a/wsa/x-tab-s802574
Elliott Smith	condor ave	MISMATCH	D Standard	E A D G B E	2,2,2,2,2,2	1649	https://www.songsterr.com/a/wsa/x-tab-s990721
Elliott Smith	cupid's trick	MISMATCH	D Standard	E A D G B E	2,2,2,2,2,2	835	https://www.songsterr.com/a/wsa/x-tab-s788576
Elliott Smith	dancing on the highway	MISMATCH	D Standard	E A D G B E	2,2,2,2,2,2	4	https://www.songsterr.com/a/wsa/x-tab-s183324
Elliott Smith	dead air	no-songsterr	D Standard capo 0			0	
Elliott Smith	division day	MISMATCH	Drop C	E A D G B E	4,2,2,2,2,2	19	https://www.songsterr.com/a/wsa/x-tab-s183337
Elliott Smith	don't go down	match	Standard	E A D G B E	0,0,0,0,0,0	276	https://www.songsterr.com/a/wsa/x-tab-s1086555
Elliott Smith	drive all over town	MISMATCH	D Standard	E A D G B D	2,2,2,2,2,0	120	https://www.songsterr.com/a/wsa/x-tab-s410479
Elliott Smith	eagle eye	no-songsterr	D Standard capo 0			0	
Elliott Smith	easy way out	MISMATCH	D Standard	D# G# C# F# A# D#	1,1,1,1,1,1	10	https://www.songsterr.com/a/wsa/x-tab-s192186
Elliott Smith	everybody cares, everybody understands	MISMATCH	D Standard	E A D G B E	2,2,2,2,2,2	739	https://www.songsterr.com/a/wsa/x-tab-s848262
Elliott Smith	everything means nothing to me	MISMATCH	D Standard	E A D G B E	2,2,2,2,2,2	146	https://www.songsterr.com/a/wsa/x-tab-s183303
Elliott Smith	everything reminds me of her	MISMATCH	Drop D	D G C F A D	0,-2,-2,-2,-2,-2	22408	https://www.songsterr.com/a/wsa/x-tab-s410484
Elliott Smith	figure 8	no-songsterr	D Standard capo 0			0	
Elliott Smith	flowers for charlie	match	Standard	E A D G B E	0,0,0,0,0,0	73	https://www.songsterr.com/a/wsa/x-tab-s914594
Elliott Smith	fond farewell	MISMATCH	D Standard	E A D G B E	2,2,2,2,2,2	75	https://www.songsterr.com/a/wsa/x-tab-s183310
Elliott Smith	for no one	no-songsterr	D Standard capo 0			0	
Elliott Smith	get lucky	no-songsterr	D Standard capo 0			0	
Elliott Smith	give me love (give me peace on earth)	no-songsterr	Eb Standard capo 0			0	
Elliott Smith	going nowhere	match	D Standard	D G C F A D	0,0,0,0,0,0	577	https://www.songsterr.com/a/wsa/x-tab-s979784
Elliott Smith	good to go	no-songsterr	D Standard capo 0			0	
Elliott Smith	happiness	no-songsterr	D Standard capo 0			0	
Elliott Smith	harvest moon	no-songsterr	D Standard capo 0			0	
Elliott Smith	holiday	no-songsterr	Standard capo 0			0	
Elliott Smith	how to take a fall	MISMATCH	D Standard capo 3	E A D G B E	-1,-1,-1,-1,-1,-1	22	https://www.songsterr.com/a/wsa/x-tab-s802717
Elliott Smith	i better be quiet now	MISMATCH	D Standard	E A D G B E	2,2,2,2,2,2	844	https://www.songsterr.com/a/wsa/x-tab-s183299
Elliott Smith	i can't answer you anymore	MISMATCH	D Standard	E A D G B E	2,2,2,2,2,2	131	https://www.songsterr.com/a/wsa/x-tab-s802575
Elliott Smith	i didn't understand	MISMATCH	D Standard	E A D G B E	2,2,2,2,2,2	655	https://www.songsterr.com/a/wsa/x-tab-s33919
Elliott Smith	i don't think i'm ever gonna figure it out	MISMATCH	D Standard	E A D G B E	2,2,2,2,2,2	4626	https://www.songsterr.com/a/wsa/x-tab-s529603
Elliott Smith	i figured you out	match	D Standard	D G C F A D	0,0,0,0,0,0	122	https://www.songsterr.com/a/wsa/x-tab-s183306
Elliott Smith	i'm doing ok, pretty good	no-songsterr	D Standard capo 0			0	
Elliott Smith	idler	no-songsterr	Standard capo 0			0	
Elliott Smith	in the lost and found (honky bach)	no-songsterr	D Standard capo 0			0	
Elliott Smith	independence day	MISMATCH	D Standard	E A D G B E	2,2,2,2,2,2	2099	https://www.songsterr.com/a/wsa/x-tab-s797167
Elliott Smith	isn't it a pity	no-songsterr	D Standard capo 0			0	
Elliott Smith	jealous guy	no-songsterr	D Standard capo 0			0	
Elliott Smith	junk bond trader	MISMATCH	D Standard	E A D G B E	2,2,2,2,2,2	1009	https://www.songsterr.com/a/wsa/x-tab-s846143
Elliott Smith	king's crossing	MISMATCH	D Standard	E A D G B E	2,2,2,2,2,2	16	https://www.songsterr.com/a/wsa/x-tab-s410478
Elliott Smith	kiwi maddog 20/20	MISMATCH	D Standard	E A D G B E	2,2,2,2,2,2	1398	https://www.songsterr.com/a/wsa/x-tab-s410474
Elliott Smith	la	MISMATCH	D Standard	E A D G B E	2,2,2,2,2,2	12129	https://www.songsterr.com/a/wsa/x-tab-s59811
Elliott Smith	last call	MISMATCH	D Standard	D# G# C# F# A# D#	1,1,1,1,1,1	695	https://www.songsterr.com/a/wsa/x-tab-s192185
Elliott Smith	let's get lost	match	Standard	E A D G B E	0,0,0,0,0,0	987	https://www.songsterr.com/a/wsa/x-tab-s169
Elliott Smith	low-flying jets	no-songsterr	Open G capo 0			0	
Elliott Smith	lowlife	no-songsterr	D Standard capo 0			0	
Elliott Smith	memory lane	MISMATCH	D Standard	E A D G B E	2,2,2,2,2,2	3141	https://www.songsterr.com/a/wsa/x-tab-s198
Elliott Smith	miss misery	match	Standard	E A D G B E	0,0,0,0,0,0	10534	https://www.songsterr.com/a/wsa/x-tab-s18433
Elliott Smith	needle in the hay	match	Standard	E A D G B E	0,0,0,0,0,0	33527	https://www.songsterr.com/a/wsa/x-tab-s8726
Elliott Smith	nightime	no-songsterr	Standard capo 0			0	
Elliott Smith	no confidence man	MISMATCH	D Standard	E A D G B E	2,2,2,2,2,2	13	https://www.songsterr.com/a/wsa/x-tab-s4229625
Elliott Smith	no name #1	match	Standard	E A D G B E	0,0,0,0,0,0	513	https://www.songsterr.com/a/wsa/x-tab-s908043
Elliott Smith	no name #2	match	Standard	E A D G B E	0,0,0,0,0,0	583	https://www.songsterr.com/a/wsa/x-tab-s908053
Elliott Smith	no name #3	match	Standard	E A D G B E	0,0,0,0,0,0	620	https://www.songsterr.com/a/wsa/x-tab-s183328
Elliott Smith	no name #4	MISMATCH	D Standard	E A D G B E	2,2,2,2,2,2	115	https://www.songsterr.com/a/wsa/x-tab-s908044
Elliott Smith	no name #6	match	D Standard	D G C F A D	0,0,0,0,0,0	12	https://www.songsterr.com/a/wsa/x-tab-s908047
Elliott Smith	no name no. 5	MISMATCH	D Standard	C G C F A D	-2,0,0,0,0,0	979	https://www.songsterr.com/a/wsa/x-tab-s846091
Elliott Smith	our thing	MISMATCH	D Standard	E A D G B E	2,2,2,2,2,2	3	https://www.songsterr.com/a/wsa/x-tab-s4724799
Elliott Smith	pictures of me	match	D Standard	D G C F A D	0,0,0,0,0,0	1389	https://www.songsterr.com/a/wsa/x-tab-s18226
Elliott Smith	pitseleh	match	Standard	E A D G B E	0,0,0,0,0,0	4087	https://www.songsterr.com/a/wsa/x-tab-s18261
Elliott Smith	plainclothes man	no-songsterr	D Standard capo 0			0	
Elliott Smith	pop in g	no-songsterr	D Standard capo 0			0	
Elliott Smith	pretty mary k	no-songsterr	D Standard capo 0			0	
Elliott Smith	punch and judy	MISMATCH	Standard	D G C F A D	-2,-2,-2,-2,-2,-2	1042	https://www.songsterr.com/a/wsa/x-tab-s18038
Elliott Smith	rest my head against the wall	no-songsterr	D Standard capo 0			0	
Elliott Smith	riot coming	match	D Standard	D G C F A D	0,0,0,0,0,0	18	https://www.songsterr.com/a/wsa/x-tab-s2955496
Elliott Smith	roman candle	MISMATCH	D Standard	E A D G B E	2,2,2,2,2,2	4839	https://www.songsterr.com/a/wsa/x-tab-s18468
Elliott Smith	rose parade	MISMATCH	D Standard	E A D G B E	2,2,2,2,2,2	3111	https://www.songsterr.com/a/wsa/x-tab-s17911
Elliott Smith	satellite	match	Double Drop D	D A D G B D	0,0,0,0,0,0	2146	https://www.songsterr.com/a/wsa/x-tab-s410486
Elliott Smith	say yes	match	D Standard	D G C F A D	0,0,0,0,0,0	33181	https://www.songsterr.com/a/wsa/x-tab-s18271
Elliott Smith	see you later	no-songsterr	C G C E G C capo 0			0	
Elliott Smith	shooting star	MISMATCH	D Standard	E A D G B E	2,2,2,2,2,2	316	https://www.songsterr.com/a/wsa/x-tab-s1433039
Elliott Smith	single file	MISMATCH	Eb Standard	D G C F A D	-1,-1,-1,-1,-1,-1	63	https://www.songsterr.com/a/wsa/x-tab-s3631222
Elliott Smith	some song	MISMATCH	D Standard	D# G# C# F# A# D#	1,1,1,1,1,1	252	https://www.songsterr.com/a/wsa/x-tab-s652403
Elliott Smith	somebody that i used to know	MISMATCH	D Standard	E A D G B E	2,2,2,2,2,2	11831	https://www.songsterr.com/a/wsa/x-tab-s403820
Elliott Smith	son of sam (acoustic)	match	D Standard	D G C F A D	0,0,0,0,0,0	1172	https://www.songsterr.com/a/wsa/x-tab-s18552
Elliott Smith	son of sam	MISMATCH	Eb Standard	D G C F A D	-1,-1,-1,-1,-1,-1	1172	https://www.songsterr.com/a/wsa/x-tab-s18552
Elliott Smith	southern belle	match	D Standard	D G C F A D	0,0,0,0,0,0	3351	https://www.songsterr.com/a/wsa/x-tab-s33914
Elliott Smith	speed trials	MISMATCH	Standard	C G C E G C	-4,-2,-2,-3,-4,-4	7018	https://www.songsterr.com/a/wsa/x-tab-s59812
Elliott Smith	st. ides heaven	match	D Standard	D G C F A D	0,0,0,0,0,0	4660	https://www.songsterr.com/a/wsa/x-tab-s410483
Elliott Smith	strung out again	MISMATCH	D Standard	E A D G B E	2,2,2,2,2,2	530	https://www.songsterr.com/a/wsa/x-tab-s183329
Elliott Smith	stupidity tries	MISMATCH	D Standard	E A D G B E	2,2,2,2,2,2	2005	https://www.songsterr.com/a/wsa/x-tab-s802577
Elliott Smith	sweet adeline	MISMATCH	D Standard	E A D G B E	2,2,2,2,2,2	2313	https://www.songsterr.com/a/wsa/x-tab-s18016
Elliott Smith	the biggest lie	MISMATCH	Standard	D G C F A D	-2,-2,-2,-2,-2,-2	3580	https://www.songsterr.com/a/wsa/x-tab-s1175691
Elliott Smith	the enemy is you	MISMATCH	D Standard	E A D G B E	2,2,2,2,2,2	277	https://www.songsterr.com/a/wsa/x-tab-s410482
Elliott Smith	the fix is in	no-songsterr	D Standard capo 0			0	
Elliott Smith	the white lady loves you more	match	D Standard	D G C F A D	0,0,0,0,0,0	1183	https://www.songsterr.com/a/wsa/x-tab-s1127303
Elliott Smith	thirteen	MISMATCH	Standard capo 3	D G C F A D	-5,-5,-5,-5,-5,-5	5217	https://www.songsterr.com/a/wsa/x-tab-s67930
Elliott Smith	tiny time machine	match	Standard	E A D G B E	0,0,0,0,0,0	0	https://www.songsterr.com/a/wsa/x-tab-s1089750
Elliott Smith	tomorrow tomorrow	MISMATCH	Eb Standard	D G C F A D	-1,-1,-1,-1,-1,-1	963	https://www.songsterr.com/a/wsa/x-tab-s897279
Elliott Smith	true love	MISMATCH	D Standard	E A D G B E	2,2,2,2,2,2	121	https://www.songsterr.com/a/wsa/x-tab-s794479
Elliott Smith	untitled (half right)	no-songsterr	D Standard capo 0			0	
Elliott Smith	wake	no-songsterr	Standard capo 0			0	
Elliott Smith	walk away renee	no-songsterr	D Standard capo 0			0	
Elliott Smith	waltz #1	MISMATCH	D Standard	D# G# C# F# A# D#	1,1,1,1,1,1	330	https://www.songsterr.com/a/wsa/x-tab-s867087
Elliott Smith	waltz #2 (xo)	no-songsterr	D Standard capo 0			0	
Elliott Smith	waterloo sunset	no-songsterr	Standard capo 0			0	
Elliott Smith	wouldn't mama be proud	MISMATCH	D Standard	E A D G B E	2,2,2,2,2,2	0	https://www.songsterr.com/a/wsa/x-tab-s183323
Father John Misty	A Bigger Paper Bag	MISMATCH	D Standard	E A D G B E	2,2,2,2,2,2	1	https://www.songsterr.com/a/wsa/x-tab-s1568159
Father John Misty	All Gods Country	no-songsterr	D Standard capo 0			0	
Father John Misty	Anthem	no-songsterr	A D A D capo 1			0	
Father John Misty	Baby Ride Easy	no-songsterr	Standard capo 0			0	
Father John Misty	Ballad Of The Dying Man	no-songsterr	D Standard capo 0			0	
Father John Misty	Being You	no-songsterr	A D A D capo 0			0	
Father John Misty	Bigger Paper Bag	no-songsterr	Eb Standard capo 0			0	
Father John Misty	Bird On The Wire	no-songsterr	D Standard capo 0			0	
Father John Misty	Birdie	no-songsterr	D Standard capo 0			0	
Father John Misty	Blank Space	no-songsterr	Standard capo 0			0	
Father John Misty	Bored In The Usa	no-songsterr	D Standard capo 0			0	
Father John Misty	Buddys Rendezvous	no-songsterr	Standard capo 0			0	
Father John Misty	Chateau Lobby 4 In C For Two Virgins	match	Standard	E A D G B E	0,0,0,0,0,0	28	https://www.songsterr.com/a/wsa/x-tab-s1907305
Father John Misty	Chloë	no-songsterr	A D A D capo 0			0	
Father John Misty	Date Night	string-count	A D A D	E A D G B E		0	https://www.songsterr.com/a/wsa/x-tab-s3083898
Father John Misty	Disappointing Diamonds Are The Rarest Of Them All	string-count	A D A D	E A D G B E		2	https://www.songsterr.com/a/wsa/x-tab-s3083901
Father John Misty	Everyman Needs A Companion	string-count	A D A D capo 1	E A D G B E		0	https://www.songsterr.com/a/wsa/x-tab-s185519
Father John Misty	Everything But Her Love	string-count	A D A D	E A D G B E		0	https://www.songsterr.com/a/wsa/x-tab-s3083937
Father John Misty	Everything Is Free	no-songsterr	A D A D capo 0			0	
Father John Misty	Fallin Rain	no-songsterr	A D A D capo 1			0	
Father John Misty	Funny Girl	no-songsterr	Standard capo 0			0	
Father John Misty	Funtimes In Babylon	no-songsterr	Standard capo 0			0	
Father John Misty	Generic Pop Song 3	no-songsterr	D Standard capo 0			0	
Father John Misty	Gods Favorite Customer	no-songsterr	Standard capo 0			0	
Father John Misty	Goodbye Mr Blue	no-songsterr	Standard capo 0			0	
Father John Misty	Hangout At The Gallows	string-count	A D A D	D G C F A D		0	https://www.songsterr.com/a/wsa/x-tab-s3083916
Father John Misty	Heart-Shaped Box	no-songsterr	D Standard capo 0			0	
Father John Misty	Hollywood Forever Cemetery Sings	string-count	A D A D capo 2	E A D G B E		421	https://www.songsterr.com/a/wsa/x-tab-s185514
Father John Misty	Holy Shit	no-songsterr	D Standard capo 0			0	
Father John Misty	I Guess Time Just Makes Fools Of Us All	match	Standard	E A D G B E	0,0,0,0,0,0	21	https://www.songsterr.com/a/wsa/x-tab-s1861205
Father John Misty	I Love You Honeybear	no-songsterr	D Standard capo 0			0	
Father John Misty	I Went To The Store One Day	no-songsterr	A D A D capo 0			0	
Father John Misty	Im Writing A Novel	MISMATCH	Standard capo 1	E A D G B E	-1,-1,-1,-1,-1,-1	17	https://www.songsterr.com/a/wsa/x-tab-s3070645
Father John Misty	In Twenty Years Or So	no-songsterr	D Standard capo 0			0	
Father John Misty	Josh Tillman And The Accidental Dose	string-count	A D A D	E A D G B E		3	https://www.songsterr.com/a/wsa/x-tab-s4054490
Father John Misty	Just Dumb Enough To Try	no-songsterr	A D A D capo 0			0	
Father John Misty	Kiss Me I Loved You	no-songsterr	A D A D capo 0			0	
Father John Misty	Leaving La	no-songsterr	D Standard capo 0			0	
Father John Misty	Mahashmashana	no-songsterr	Standard capo 0			0	
Father John Misty	Mental Health	no-songsterr	Standard capo 4			0	
Father John Misty	Mistys Nightmares 1 And 2	no-songsterr	Standard capo 0			0	
Father John Misty	Modern Man	no-songsterr	D Standard capo 0			0	
Father John Misty	Mr Tillman	MISMATCH	D Standard	E A D G B E	2,2,2,2,2,2	0	https://www.songsterr.com/a/wsa/x-tab-s3083928
Father John Misty	Nancy From Now On	MISMATCH	D Standard	D G D G B D	0,0,2,2,2,0	8	https://www.songsterr.com/a/wsa/x-tab-s185518
Father John Misty	Never Been A Woman	no-songsterr	D Standard capo 0			0	
Father John Misty	Nothing Good Ever Happens At The Goddamn Thirsty Crow	no-songsterr	Standard capo 0			0	
Father John Misty	Nothing Hurts Worse	no-songsterr	Standard capo 0			0	
Father John Misty	Now Im Learning To Love The War	no-songsterr	Standard capo 1			0	
Father John Misty	O I Long To Feel Your Arms Around Me	no-songsterr	A D A D capo 0			0	
Father John Misty	Olvidado Otro Momento	no-songsterr	A D A D capo 0			0	
Father John Misty	One Of Us Cannot Be Wrong	no-songsterr	Standard capo 0			0	
Father John Misty	Only A Fool	no-songsterr	A D A D capo 0			0	
Father John Misty	Only Son Of The Ladiesman	MISMATCH	Open G capo 1	E A D G B E	1,1,-1,-1,-1,1	0	https://www.songsterr.com/a/wsa/x-tab-s185516
Father John Misty	Please Dont Die	string-count	A D A D	D G C F A D		3	https://www.songsterr.com/a/wsa/x-tab-s3083913
Father John Misty	Prius Commercial Demo 1	no-songsterr	Standard capo 1			0	
Father John Misty	Pure Comedy	no-songsterr	A D A D capo 0			0	
Father John Misty	Q4	no-songsterr	A D A D capo 0			0	
Father John Misty	Real Love Baby	MISMATCH	D Standard	D A D G B E	0,2,2,2,2,2	1486	https://www.songsterr.com/a/wsa/x-tab-s473239
Father John Misty	Screamland	no-songsterr	A D A D capo 0			0	
Father John Misty	She Cleans Up	match	Standard	E A D G B E	0,0,0,0,0,0	3656	https://www.songsterr.com/a/wsa/x-tab-s2151825
Father John Misty	Smoochie	no-songsterr	D Standard capo 0			0	
Father John Misty	So Im Growing Old On Magic Mountain	no-songsterr	D Standard capo 0			0	
Father John Misty	Strange Encounter	no-songsterr	D Standard capo 4			0	
Father John Misty	Summers Gone	no-songsterr	Standard capo 0			0	
Father John Misty	Tee Pees 1-12	match	Standard	E A D G B E	0,0,0,0,0,0	0	https://www.songsterr.com/a/wsa/x-tab-s3083899
Father John Misty	The Ideal Husband	no-songsterr	D Standard capo 0			0	
Father John Misty	The Memo	no-songsterr	Standard capo 0			0	
Father John Misty	The Next 20Th Century	no-songsterr	A D A D capo 0			0	
Father John Misty	The Night Josh Tillman Came To Our Apartment	no-songsterr	D Standard capo 0			0	
Father John Misty	The Old Law	no-songsterr	A D A D capo 0			0	
Father John Misty	The Palace	no-songsterr	A D A D capo 0			0	
Father John Misty	The Payoff	MISMATCH	Standard capo 3	E A D G B E	-3,-3,-3,-3,-3,-3	1	https://www.songsterr.com/a/wsa/x-tab-s5224630
Father John Misty	The Songwriter	no-songsterr	A D A D capo 0			0	
Father John Misty	The Suburbs	no-songsterr	Standard capo 0			0	
Father John Misty	Things That Would Have Been Helpful To Know Before The Revolution	no-songsterr	Standard capo 0			0	
Father John Misty	This Is America	no-songsterr	A D A D capo 4			0	
Father John Misty	This Is Sally Hatchet	no-songsterr	Standard capo 0			0	
Father John Misty	To Find A Friend	no-songsterr	Standard capo 0			0	
Father John Misty	To R	no-songsterr	Drop D capo 0			0	
Father John Misty	To S	no-songsterr	A D A D capo 0			0	
Father John Misty	Total Entertainment Forever	no-songsterr	D Standard capo 0			0	
Father John Misty	Trouble	no-songsterr	A D A D capo 0			0	
Father John Misty	True Affection	no-songsterr	A D A D capo 0			0	
Father John Misty	Trumps Private Pilot	no-songsterr	A D A D capo 0			0	
Father John Misty	Two Wildly Different Perspectives	no-songsterr	Standard capo 0			0	
Father John Misty	We Could Be Strangers	no-songsterr	A D A D capo 1			0	
Father John Misty	Well You Can Do It Without Me	no-songsterr	Standard capo 0			0	
Father John Misty	Were Only People And Theres Not Much Anyone Can Do About That	no-songsterr	Standard capo 0			0	
Father John Misty	When The God Of Love Returns Therell Be Hell To Pay	no-songsterr	A D A D capo 0			0	
Father John Misty	When The God Of Love Returns	no-songsterr	A D A D capo 0			0	
Father John Misty	When Youre Smiling And Astride Me	no-songsterr	Standard capo 0			0	
Fleetwood Mac	Although The Sun Is Shining	no-songsterr	Standard capo 0			0	
Fleetwood Mac	Angel	no-songsterr	Standard capo 0			0	
Fleetwood Mac	As Long As You Follow	match	Standard	E A D G B E	0,0,0,0,0,0	2099	https://www.songsterr.com/a/wsa/x-tab-s68412
Fleetwood Mac	Beautiful Child	match	Standard	E A D G B E	0,0,0,0,0,0	60	https://www.songsterr.com/a/wsa/x-tab-s186131
Fleetwood Mac	Big Love	match	Standard	E A D G B E	0,0,0,0,0,0	94289	https://www.songsterr.com/a/wsa/x-tab-s35325
Fleetwood Mac	Black Magic Woman	match	Standard	E A D G B E	0,0,0,0,0,0	15210	https://www.songsterr.com/a/wsa/x-tab-s35322
Fleetwood Mac	Bleed To Love Her	MISMATCH	Standard	D# G# C# F# A# D#	-1,-1,-1,-1,-1,-1	5096	https://www.songsterr.com/a/wsa/x-tab-s417395
Fleetwood Mac	Blue Letter	match	Standard	E A D G B E	0,0,0,0,0,0	318	https://www.songsterr.com/a/wsa/x-tab-s186139
Fleetwood Mac	Brown Eyes	match	Standard	E A D G B E	0,0,0,0,0,0	85	https://www.songsterr.com/a/wsa/x-tab-s1163960
Fleetwood Mac	Closing My Eyes	match	Standard	E A D G B E	0,0,0,0,0,0	73	https://www.songsterr.com/a/wsa/x-tab-s186133
Fleetwood Mac	Crystal	match	Standard	E A D G B E	0,0,0,0,0,0	374	https://www.songsterr.com/a/wsa/x-tab-s186160
Fleetwood Mac	Dont Stop	match	Standard	E A D G B E	0,0,0,0,0,0	6252	https://www.songsterr.com/a/wsa/x-tab-s388613
Fleetwood Mac	Dragonfly	match	Standard	E A D G B E	0,0,0,0,0,0	1837	https://www.songsterr.com/a/wsa/x-tab-s35315
Fleetwood Mac	Dreams	match	Standard	E A D G B E	0,0,0,0,0,0	70321	https://www.songsterr.com/a/wsa/x-tab-s23726
Fleetwood Mac	Dust My Broom	no-songsterr	Standard capo 0			0	
Fleetwood Mac	Dust	match	Standard	E A D G B E	0,0,0,0,0,0	13	https://www.songsterr.com/a/wsa/x-tab-s3016785
Fleetwood Mac	Emerald Eyes	match	Standard	E A D G B E	0,0,0,0,0,0	787	https://www.songsterr.com/a/wsa/x-tab-s417397
Fleetwood Mac	Everywhere	match	Standard	E A D G B E	0,0,0,0,0,0	3656	https://www.songsterr.com/a/wsa/x-tab-s35321
Fleetwood Mac	Family Man	match	Standard	E A D G B E	0,0,0,0,0,0	372	https://www.songsterr.com/a/wsa/x-tab-s1164052
Fleetwood Mac	Fireflies	MISMATCH	Eb Standard	E A D G B E	1,1,1,1,1,1	11	https://www.songsterr.com/a/wsa/x-tab-s192786
Fleetwood Mac	Future Games	match	Standard	E A D G B E	0,0,0,0,0,0	291	https://www.songsterr.com/a/wsa/x-tab-s3418104
Fleetwood Mac	Go Insane	no-songsterr	Standard capo 0			0	
Fleetwood Mac	Go Your Own Way	match	Standard	E A D G B E	0,0,0,0,0,0	29862	https://www.songsterr.com/a/wsa/x-tab-s7365
Fleetwood Mac	Gold Dust Woman	MISMATCH	Drop D	D A D G B D	0,0,0,0,0,-2	14514	https://www.songsterr.com/a/wsa/x-tab-s417398
Fleetwood Mac	Gypsy	match	Standard	E A D G B E	0,0,0,0,0,0	3624	https://www.songsterr.com/a/wsa/x-tab-s35317
Fleetwood Mac	Hold Me	match	Standard	E A D G B E	0,0,0,0,0,0	500	https://www.songsterr.com/a/wsa/x-tab-s192785
Fleetwood Mac	Honey Hi	no-songsterr	Standard capo 0			0	
Fleetwood Mac	Hypnotized	match	Standard	E A D G B E	0,0,0,0,0,0	2155	https://www.songsterr.com/a/wsa/x-tab-s404527
Fleetwood Mac	I Dont Want To Know	match	Standard	E A D G B E	0,0,0,0,0,0	695	https://www.songsterr.com/a/wsa/x-tab-s2453218
Fleetwood Mac	I Know Im Not Wrong	no-songsterr	Standard capo 0			0	
Fleetwood Mac	I Loved Another Woman	match	Standard	E A D G B E	0,0,0,0,0,0	4270	https://www.songsterr.com/a/wsa/x-tab-s417400
Fleetwood Mac	Id Rather Go Blind	no-songsterr	Standard capo 0			0	
Fleetwood Mac	Im So Afraid	match	Standard	E A D G B E	0,0,0,0,0,0	2938	https://www.songsterr.com/a/wsa/x-tab-s7512
Fleetwood Mac	Jewel Eyed Judy	match	Standard	E A D G B E	0,0,0,0,0,0	336	https://www.songsterr.com/a/wsa/x-tab-s661706
Fleetwood Mac	Jumping At Shadows	match	Standard	E A D G B E	0,0,0,0,0,0	103	https://www.songsterr.com/a/wsa/x-tab-s186136
Fleetwood Mac	Landslide	match	Standard	E A D G B E	0,0,0,0,0,0	378973	https://www.songsterr.com/a/wsa/x-tab-s7537
Fleetwood Mac	Little Lies	match	Standard	E A D G B E	0,0,0,0,0,0	632	https://www.songsterr.com/a/wsa/x-tab-s68413
Fleetwood Mac	Love That Burns	match	Standard	E A D G B E	0,0,0,0,0,0	699	https://www.songsterr.com/a/wsa/x-tab-s1326362
Fleetwood Mac	Man Of The World	match	Standard	E A D G B E	0,0,0,0,0,0	8675	https://www.songsterr.com/a/wsa/x-tab-s7582
Fleetwood Mac	Monday Morning	match	Standard	E A D G B E	0,0,0,0,0,0	49	https://www.songsterr.com/a/wsa/x-tab-s192788
Fleetwood Mac	Mystified	match	Standard	E A D G B E	0,0,0,0,0,0	55	https://www.songsterr.com/a/wsa/x-tab-s186171
Fleetwood Mac	Need Your Love So Bad	match	Standard	E A D G B E	0,0,0,0,0,0	55324	https://www.songsterr.com/a/wsa/x-tab-s7468
Fleetwood Mac	Never Forget	match	Standard	E A D G B E	0,0,0,0,0,0	9	https://www.songsterr.com/a/wsa/x-tab-s1163988
Fleetwood Mac	Never Going Back Again	MISMATCH	Standard	D A D G B E	-2,0,0,0,0,0	6221	https://www.songsterr.com/a/wsa/x-tab-s2560871
Fleetwood Mac	Never Make Me Cry	match	Standard	E A D G B E	0,0,0,0,0,0	1	https://www.songsterr.com/a/wsa/x-tab-s186150
Fleetwood Mac	Not That Funny	match	Standard	E A D G B E	0,0,0,0,0,0	23	https://www.songsterr.com/a/wsa/x-tab-s2592353
Fleetwood Mac	Oh Daddy	MISMATCH	Standard	E A D G B D	0,0,0,0,0,-2	294	https://www.songsterr.com/a/wsa/x-tab-s417399
Fleetwood Mac	Oh Diane	match	Standard	E A D G B E	0,0,0,0,0,0	50	https://www.songsterr.com/a/wsa/x-tab-s186148
Fleetwood Mac	Over And Over	no-songsterr	Standard capo 0			0	
Fleetwood Mac	Over My Head	MISMATCH	Standard	D A D G B E	-2,0,0,0,0,0	278	https://www.songsterr.com/a/wsa/x-tab-s417396
Fleetwood Mac	Peacekeeper	match	Standard	E A D G B E	0,0,0,0,0,0	482	https://www.songsterr.com/a/wsa/x-tab-s417392
Fleetwood Mac	Planets Of The Universe	no-songsterr	Standard capo 0			0	
Fleetwood Mac	Prove Your Love	no-songsterr	Standard capo 0			0	
Fleetwood Mac	Rhiannon	match	Standard	E A D G B E	0,0,0,0,0,0	134264	https://www.songsterr.com/a/wsa/x-tab-s7426
Fleetwood Mac	Sands Of Time	no-songsterr	Standard capo 0			0	
Fleetwood Mac	Sara	match	Standard	E A D G B E	0,0,0,0,0,0	14928	https://www.songsterr.com/a/wsa/x-tab-s417401
Fleetwood Mac	Save Me A Place	no-songsterr	Standard capo 0			0	
Fleetwood Mac	Say Goodbye	match	Standard	E A D G B E	0,0,0,0,0,0	110	https://www.songsterr.com/a/wsa/x-tab-s1011812
Fleetwood Mac	Say You Love Me	match	Standard	E A D G B E	0,0,0,0,0,0	4246	https://www.songsterr.com/a/wsa/x-tab-s646342
Fleetwood Mac	Say You Will	match	Standard	E A D G B E	0,0,0,0,0,0	16	https://www.songsterr.com/a/wsa/x-tab-s192792
Fleetwood Mac	Second Hand News	match	Standard	E A D G B E	0,0,0,0,0,0	1103	https://www.songsterr.com/a/wsa/x-tab-s35327
Fleetwood Mac	Sentimental Lady	match	Standard	E A D G B E	0,0,0,0,0,0	307	https://www.songsterr.com/a/wsa/x-tab-s186170
Fleetwood Mac	Seven Wonders	match	Standard	E A D G B E	0,0,0,0,0,0	508	https://www.songsterr.com/a/wsa/x-tab-s735030
Fleetwood Mac	Shake Your Moneymaker	MISMATCH	Standard	E B E G# B E	0,2,2,1,0,0	787	https://www.songsterr.com/a/wsa/x-tab-s482818
Fleetwood Mac	Silver Springs	match	Standard	E A D G B E	0,0,0,0,0,0	13155	https://www.songsterr.com/a/wsa/x-tab-s785501
Fleetwood Mac	Sisters Of The Moon	match	Standard	E A D G B E	0,0,0,0,0,0	355	https://www.songsterr.com/a/wsa/x-tab-s186153
Fleetwood Mac	Songbird	match	Standard	E A D G B E	0,0,0,0,0,0	752	https://www.songsterr.com/a/wsa/x-tab-s7371
Fleetwood Mac	Steal Your Heart Away	no-songsterr	Standard capo 0			0	
Fleetwood Mac	Storms	MISMATCH	Standard	D A D G A D	-2,0,0,0,-2,-2	175	https://www.songsterr.com/a/wsa/x-tab-s186130
Fleetwood Mac	Sweet Girl	match	Standard	E A D G B E	0,0,0,0,0,0	71	https://www.songsterr.com/a/wsa/x-tab-s1802916
Fleetwood Mac	Thats All For Everyone	no-songsterr	Standard capo 0			0	
Fleetwood Mac	Thats Alright	match	Standard	E A D G B E	0,0,0,0,0,0	20	https://www.songsterr.com/a/wsa/x-tab-s186161
Fleetwood Mac	Thats Enough For Me	match	Standard	E A D G B E	0,0,0,0,0,0	1	https://www.songsterr.com/a/wsa/x-tab-s1163956
Fleetwood Mac	The Chain Demo	no-songsterr	Standard capo 0			0	
Fleetwood Mac	The Chain	MISMATCH	Drop D	D A D G B D	0,0,0,0,0,-2	179647	https://www.songsterr.com/a/wsa/x-tab-s7881
Fleetwood Mac	The Ledge	match	Standard	E A D G B E	0,0,0,0,0,0	61	https://www.songsterr.com/a/wsa/x-tab-s186165
Fleetwood Mac	Think About Me	no-songsterr	Standard capo 0			0	
Fleetwood Mac	Thrown Down	match	Standard	E A D G B E	0,0,0,0,0,0	6705	https://www.songsterr.com/a/wsa/x-tab-s1193431
Fleetwood Mac	Tusk	match	Standard	E A D G B E	0,0,0,0,0,0	3546	https://www.songsterr.com/a/wsa/x-tab-s35328
Fleetwood Mac	Walk A Thin Line	no-songsterr	Standard capo 0			0	
Fleetwood Mac	Warm Ways	no-songsterr	Standard capo 0			0	
Fleetwood Mac	What Makes You Think Youre The One	no-songsterr	Standard capo 0			0	
Fleetwood Mac	Why	match	Standard	E A D G B E	0,0,0,0,0,0	31	https://www.songsterr.com/a/wsa/x-tab-s1764696
Fleetwood Mac	Woman Of A 1000 Years	no-songsterr	Standard capo 0			0	
Fleetwood Mac	You Make Loving Fun	match	Standard	E A D G B E	0,0,0,0,0,0	3761	https://www.songsterr.com/a/wsa/x-tab-s417403
George Harrison	All Things Must Pass	match	Standard	E A D G B E	0,0,0,0,0,0	436	https://www.songsterr.com/a/wsa/x-tab-s375221
George Harrison	All Those Years Ago	match	Standard	E A D G B E	0,0,0,0,0,0	327	https://www.songsterr.com/a/wsa/x-tab-s70826
George Harrison	Any Road	match	Standard	E A D G B E	0,0,0,0,0,0	224	https://www.songsterr.com/a/wsa/x-tab-s356429
George Harrison	Apple Scruffs	match	Standard	E A D G B E	0,0,0,0,0,0	281	https://www.songsterr.com/a/wsa/x-tab-s356437
George Harrison	Art Of Dying	match	Standard	E A D G B E	0,0,0,0,0,0	866	https://www.songsterr.com/a/wsa/x-tab-s611457
George Harrison	Awaiting On You All	match	Standard	E A D G B E	0,0,0,0,0,0	220	https://www.songsterr.com/a/wsa/x-tab-s375224
George Harrison	Baby Don't Run Away	no-songsterr	Standard capo 0			0	
George Harrison	Badge	no-songsterr	Standard capo 0			0	
George Harrison	Baltimore Oriole	no-songsterr	Standard capo 0			0	
George Harrison	Bangla Desh	match	Standard	E A D G B E	0,0,0,0,0,0	1	https://www.songsterr.com/a/wsa/x-tab-s375258
George Harrison	Be Here Now	match	Standard	E A D G B E	0,0,0,0,0,0	112	https://www.songsterr.com/a/wsa/x-tab-s356440
George Harrison	Beautiful Girl	match	Standard	E A D G B E	0,0,0,0,0,0	43	https://www.songsterr.com/a/wsa/x-tab-s375222
George Harrison	Behind That Locked Door	match	Standard	E A D G B E	0,0,0,0,0,0	0	https://www.songsterr.com/a/wsa/x-tab-s5791266
George Harrison	Between The Devil And The Deep Blue Sea	match	Standard	E A D G B E	0,0,0,0,0,0	40	https://www.songsterr.com/a/wsa/x-tab-s375204
George Harrison	Beware Of Darkness	match	Standard	E A D G B E	0,0,0,0,0,0	3104	https://www.songsterr.com/a/wsa/x-tab-s356422
George Harrison	Blood From A Clone	no-songsterr	Standard capo 0			0	
George Harrison	Blow Away	match	Standard	E A D G B E	0,0,0,0,0,0	144	https://www.songsterr.com/a/wsa/x-tab-s356447
George Harrison	Brainwashed	match	Standard	E A D G B E	0,0,0,0,0,0	24	https://www.songsterr.com/a/wsa/x-tab-s375240
George Harrison	Breath Away From Heaven	match	Standard	E A D G B E	0,0,0,0,0,0	0	https://www.songsterr.com/a/wsa/x-tab-s375188
George Harrison	Cheer Down	match	Standard	E A D G B E	0,0,0,0,0,0	295	https://www.songsterr.com/a/wsa/x-tab-s449623
George Harrison	Circles	no-songsterr	Standard capo 0			0	
George Harrison	Cloud Nine	match	Standard	E A D G B E	0,0,0,0,0,0	128	https://www.songsterr.com/a/wsa/x-tab-s3768203
George Harrison	Cockamamie Business	no-songsterr	Standard capo 0			0	
George Harrison	Crackerbox Palace	MISMATCH	Standard	E A D G B E	12,12,12,12,0,0	1219	https://www.songsterr.com/a/wsa/x-tab-s416611
George Harrison	Dark Horse	match	Standard	E A D G B E	0,0,0,0,0,0	25	https://www.songsterr.com/a/wsa/x-tab-s416610
George Harrison	Dark Sweet Lady	match	Standard	E A D G B E	0,0,0,0,0,0	191	https://www.songsterr.com/a/wsa/x-tab-s375241
George Harrison	Dear One	match	Standard	E A D G B E	0,0,0,0,0,0	1	https://www.songsterr.com/a/wsa/x-tab-s375183
George Harrison	Deep Blue	match	Standard	E A D G B E	0,0,0,0,0,0	3	https://www.songsterr.com/a/wsa/x-tab-s3938550
George Harrison	Devil's Radio	match	Standard	E A D G B E	0,0,0,0,0,0	144	https://www.songsterr.com/a/wsa/x-tab-s375181
George Harrison	Ding Dong; Ding Dong	match	Standard	E A D G B E	0,0,0,0,0,0	8	https://www.songsterr.com/a/wsa/x-tab-s375203
George Harrison	Don't Let Me Wait Too Long	match	Standard	E A D G B E	0,0,0,0,0,0	40	https://www.songsterr.com/a/wsa/x-tab-s815304
George Harrison	Far East Man	match	Standard	E A D G B E	0,0,0,0,0,0	0	https://www.songsterr.com/a/wsa/x-tab-s4987320
George Harrison	Faster	match	Standard	E A D G B E	0,0,0,0,0,0	79	https://www.songsterr.com/a/wsa/x-tab-s375243
George Harrison	Fish On The Sand	match	Standard	E A D G B E	0,0,0,0,0,0	1116	https://www.songsterr.com/a/wsa/x-tab-s747948
George Harrison	Give Me Love (Give Me Peace On Earth)	match	Standard	E A D G B E	0,0,0,0,0,0	896	https://www.songsterr.com/a/wsa/x-tab-s769748
George Harrison	Got My Mind Set On You	match	Standard	E A D G B E	0,0,0,0,0,0	3213	https://www.songsterr.com/a/wsa/x-tab-s381041
George Harrison	Grey Cloudy Lies	no-songsterr	Standard capo 0			0	
George Harrison	Hear Me Lord	match	Standard	E A D G B E	0,0,0,0,0,0	480	https://www.songsterr.com/a/wsa/x-tab-s375180
George Harrison	Here Comes The Moon	match	Standard	E A D G B E	0,0,0,0,0,0	1305	https://www.songsterr.com/a/wsa/x-tab-s356435
George Harrison	Hong Kong Blues	match	Standard	E A D G B E	0,0,0,0,0,0	0	https://www.songsterr.com/a/wsa/x-tab-s5395909
George Harrison	Horse To The Water	no-songsterr	Standard capo 0			0	
George Harrison	I'd Have You Anytime	match	Standard	E A D G B E	0,0,0,0,0,0	11186	https://www.songsterr.com/a/wsa/x-tab-s598103
George Harrison	I Dig Love	match	Standard	E A D G B E	0,0,0,0,0,0	29	https://www.songsterr.com/a/wsa/x-tab-s375246
George Harrison	I Live For You	match	Standard	E A D G B E	0,0,0,0,0,0	1117	https://www.songsterr.com/a/wsa/x-tab-s769658
George Harrison	If You Believe	match	Standard	E A D G B E	0,0,0,0,0,0	1	https://www.songsterr.com/a/wsa/x-tab-s4522345
George Harrison	Isn't It A Pity	match	Standard	E A D G B E	0,0,0,0,0,0	5006	https://www.songsterr.com/a/wsa/x-tab-s36392
George Harrison	It's Johnny's Birthday	no-songsterr	Standard capo 0			0	
George Harrison	It's What You Value	no-songsterr	Standard capo 0			0	
George Harrison	Just For Today	match	Standard	E A D G B E	0,0,0,0,0,0	31	https://www.songsterr.com/a/wsa/x-tab-s375233
George Harrison	Learning How To Love You	match	Standard	E A D G B E	0,0,0,0,0,0	0	https://www.songsterr.com/a/wsa/x-tab-s375227
George Harrison	Let It Down	match	Standard	E A D G B E	0,0,0,0,0,0	76	https://www.songsterr.com/a/wsa/x-tab-s375251
George Harrison	Let It Roll (Ballad Of Sir Frankie Crisp)	no-songsterr	Standard capo 0			0	
George Harrison	Life Itself	match	Standard	E A D G B E	0,0,0,0,0,0	18	https://www.songsterr.com/a/wsa/x-tab-s375259
George Harrison	Living In The Material World	match	Standard	E A D G B E	0,0,0,0,0,0	28	https://www.songsterr.com/a/wsa/x-tab-s375195
George Harrison	Looking For My Life	match	Standard	E A D G B E	0,0,0,0,0,0	2	https://www.songsterr.com/a/wsa/x-tab-s3885813
George Harrison	Love Comes To Everyone	match	Standard	E A D G B E	0,0,0,0,0,0	408	https://www.songsterr.com/a/wsa/x-tab-s375212
George Harrison	My Sweet Lord	match	Standard	E A D G B E	0,0,0,0,0,0	36932	https://www.songsterr.com/a/wsa/x-tab-s36391
George Harrison	Mystical One	match	Standard	E A D G B E	0,0,0,0,0,0	31	https://www.songsterr.com/a/wsa/x-tab-s375176
George Harrison	Never Get Over You	match	Standard	E A D G B E	0,0,0,0,0,0	2	https://www.songsterr.com/a/wsa/x-tab-s3898129
George Harrison	Not Guilty	match	Standard	E A D G B E	0,0,0,0,0,0	141	https://www.songsterr.com/a/wsa/x-tab-s356430
George Harrison	P2 Vatican Blues (Last Saturday Night)	no-songsterr	Standard capo 0			0	
George Harrison	Pisces Fish	match	Standard	E A D G B E	0,0,0,0,0,0	7	https://www.songsterr.com/a/wsa/x-tab-s1115344
George Harrison	Poor Little Girl	no-songsterr	Standard capo 0			0	
George Harrison	Pure Smokey	match	Standard	E A D G B E	0,0,0,0,0,0	0	https://www.songsterr.com/a/wsa/x-tab-s375248
George Harrison	Really Love You	no-songsterr	Standard capo 0			0	
George Harrison	Rising Sun	match	Standard	E A D G B E	0,0,0,0,0,0	6	https://www.songsterr.com/a/wsa/x-tab-s375264
George Harrison	Rocking Chair In Hawaii	match	Standard	E A D G B E	0,0,0,0,0,0	1	https://www.songsterr.com/a/wsa/x-tab-s375270
George Harrison	Run Of The Mill	match	Standard	E A D G B E	0,0,0,0,0,0	500	https://www.songsterr.com/a/wsa/x-tab-s751842
George Harrison	Run So Far	match	Standard	E A D G B E	0,0,0,0,0,0	16	https://www.songsterr.com/a/wsa/x-tab-s3885977
George Harrison	Save The World	no-songsterr	Standard capo 0			0	
George Harrison	See Yourself	no-songsterr	Standard capo 0			0	
George Harrison	Simply Shady	match	Standard	E A D G B E	0,0,0,0,0,0	147	https://www.songsterr.com/a/wsa/x-tab-s375225
George Harrison	So Sad	no-songsterr	Standard capo 0			0	
George Harrison	Soft-Hearted Hana	match	Standard	E A D G B E	0,0,0,0,0,0	597	https://www.songsterr.com/a/wsa/x-tab-s375261
George Harrison	Someplace Else	match	Standard	E A D G B E	0,0,0,0,0,0	206	https://www.songsterr.com/a/wsa/x-tab-s3075961
George Harrison	Stuck Inside A Cloud	match	Standard	E A D G B E	0,0,0,0,0,0	149	https://www.songsterr.com/a/wsa/x-tab-s70827
George Harrison	Sue Me, Sue You Blues	match	Standard	E A D G B E	0,0,0,0,0,0	26	https://www.songsterr.com/a/wsa/x-tab-s815313
George Harrison	Teardrops	no-songsterr	Standard capo 0			0	
George Harrison	That Is All	match	Standard	E A D G B E	0,0,0,0,0,0	219	https://www.songsterr.com/a/wsa/x-tab-s815318
George Harrison	That's The Way It Goes	match	Standard	E A D G B E	0,0,0,0,0,0	0	https://www.songsterr.com/a/wsa/x-tab-s5482053
George Harrison	That's What It Takes	match	Standard	E A D G B E	0,0,0,0,0,0	283	https://www.songsterr.com/a/wsa/x-tab-s1678161
George Harrison	That Which I Have Lost	no-songsterr	Standard capo 0			0	
George Harrison	The Day The World Gets Round	match	Standard	E A D G B E	0,0,0,0,0,0	2	https://www.songsterr.com/a/wsa/x-tab-s5057924
George Harrison	The Light That Has Lighted The World	match	Standard	E A D G B E	0,0,0,0,0,0	263	https://www.songsterr.com/a/wsa/x-tab-s815327
George Harrison	The Lord Loves The One (That Loves The Lord)	no-songsterr	Standard capo 0			0	
George Harrison	This Guitar (Can't Keep From Crying)	no-songsterr	Standard capo 0			0	
George Harrison	This Is Love	match	Standard	E A D G B E	0,0,0,0,0,0	75	https://www.songsterr.com/a/wsa/x-tab-s2127693
George Harrison	This Song	MISMATCH	Standard	E A D G B E	12,12,12,0,0,0	10	https://www.songsterr.com/a/wsa/x-tab-s416612
George Harrison	Tired Of Midnight Blue	no-songsterr	Standard capo 0			0	
George Harrison	True Love	match	Standard	E A D G B E	0,0,0,0,0,0	18	https://www.songsterr.com/a/wsa/x-tab-s449667
George Harrison	Try Some Buy Some	match	Standard	E A D G B E	0,0,0,0,0,0	142	https://www.songsterr.com/a/wsa/x-tab-s815325
George Harrison	Unconsciousness Rules	match	Standard	E A D G B E	0,0,0,0,0,0	0	https://www.songsterr.com/a/wsa/x-tab-s4416755
George Harrison	Wah-Wah	match	Standard	E A D G B E	0,0,0,0,0,0	957	https://www.songsterr.com/a/wsa/x-tab-s391455
George Harrison	Wake Up My Love	no-songsterr	Standard capo 0			0	
George Harrison	What Is Life	match	Standard	E A D G B E	0,0,0,0,0,0	11935	https://www.songsterr.com/a/wsa/x-tab-s36395
George Harrison	When We Was Fab	match	Standard	E A D G B E	0,0,0,0,0,0	47	https://www.songsterr.com/a/wsa/x-tab-s416604
George Harrison	Who Can See It	match	Standard	E A D G B E	0,0,0,0,0,0	17	https://www.songsterr.com/a/wsa/x-tab-s815328
George Harrison	World Of Stone	no-songsterr	Standard capo 0			0	
George Harrison	Wreck Of The Hesperus	match	Standard	E A D G B E	0,0,0,0,0,0	30	https://www.songsterr.com/a/wsa/x-tab-s375244
George Harrison	Writing's On The Wall	no-songsterr	Standard capo 0			0	
George Harrison	You	match	Standard	E A D G B E	0,0,0,0,0,0	65	https://www.songsterr.com/a/wsa/x-tab-s375218
George Harrison	Your Love Is Forever	MISMATCH	Standard	D A D F# A D	-2,0,0,-1,-2,-2	765	https://www.songsterr.com/a/wsa/x-tab-s36393
Grizzly Bear	A Leader Always Carries A Stick	no-songsterr	Standard capo 0			0	
Grizzly Bear	A Simple Answer	MISMATCH	Standard	D# G# C# F# A# D#	-1,-1,-1,-1,-1,-1	0	https://www.songsterr.com/a/wsa/x-tab-s5856761
Grizzly Bear	About Face	no-songsterr	Standard capo 0			0	
Grizzly Bear	All We Ask	no-songsterr	Standard capo 0			0	
Grizzly Bear	Aquarian	no-songsterr	Standard capo 0			0	
Grizzly Bear	Central And Remote	no-songsterr	Standard capo 0			0	
Grizzly Bear	Cheerleader	match	Standard	E A D G B E	0,0,0,0,0,0	53	https://www.songsterr.com/a/wsa/x-tab-s44003
Grizzly Bear	Cut-Out	match	Standard	E A D G B E	0,0,0,0,0,0	0	https://www.songsterr.com/a/wsa/x-tab-s4821226
Grizzly Bear	Deep Blue Sea	match	Standard	E A D G B E	0,0,0,0,0,0	102	https://www.songsterr.com/a/wsa/x-tab-s70833
Grizzly Bear	Deep Sea Diver	no-songsterr	Standard capo 0			0	
Grizzly Bear	Dont Ask	match	Standard	E A D G B E	0,0,0,0,0,0	1	https://www.songsterr.com/a/wsa/x-tab-s194559
Grizzly Bear	Dory	no-songsterr	Drop D capo 0			0	
Grizzly Bear	Easier	match	Standard	E A D G B E	0,0,0,0,0,0	606	https://www.songsterr.com/a/wsa/x-tab-s70834
Grizzly Bear	Everyone I Know	no-songsterr	Standard capo 0			0	
Grizzly Bear	Fine For Now	match	Standard	E A D G B E	0,0,0,0,0,0	230	https://www.songsterr.com/a/wsa/x-tab-s70832
Grizzly Bear	Fix It	no-songsterr	Standard capo 0			0	
Grizzly Bear	Foreground	MISMATCH	Standard	D A D F# A D	-2,0,0,-1,-2,-2	20	https://www.songsterr.com/a/wsa/x-tab-s418362
Grizzly Bear	Four Cypresses	no-songsterr	Standard capo 0			0	
Grizzly Bear	Fragments	no-songsterr	Standard capo 0			0	
Grizzly Bear	Gun-Shy	no-songsterr	Standard capo 0			0	
Grizzly Bear	Half Gate	no-songsterr	Standard capo 0			0	
Grizzly Bear	He Hit Me	no-songsterr	Standard capo 0			0	
Grizzly Bear	Hold Still	no-songsterr	Standard capo 0			0	
Grizzly Bear	I Live With You	MISMATCH	Standard	D A D F# B D	-2,0,0,-1,0,-2	46	https://www.songsterr.com/a/wsa/x-tab-s70829
Grizzly Bear	Knife	match	Standard	E A D G B E	0,0,0,0,0,0	53	https://www.songsterr.com/a/wsa/x-tab-s36974
Grizzly Bear	La Duchess Anne	no-songsterr	Standard capo 0			0	
Grizzly Bear	Little Brother Acoustic Part 1	no-songsterr	Drop D capo 0			0	
Grizzly Bear	Little Brother Part 2	no-songsterr	Drop D capo 0			0	
Grizzly Bear	Little Brother	no-songsterr	Standard capo 0			0	
Grizzly Bear	Losing All Sense	no-songsterr	Standard capo 0			0	
Grizzly Bear	Lullabye	match	Standard	E A D G B E	0,0,0,0,0,0	16	https://www.songsterr.com/a/wsa/x-tab-s70831
Grizzly Bear	Mourning Sound	match	Standard	E A D G B E	0,0,0,0,0,0	252	https://www.songsterr.com/a/wsa/x-tab-s912373
Grizzly Bear	Neighbors	no-songsterr	Standard capo 0			0	
Grizzly Bear	On A Neck On A Spit	no-songsterr	Open G capo 0			0	
Grizzly Bear	Plans	no-songsterr	Standard capo 0			0	
Grizzly Bear	Ready Able	MISMATCH	Standard	D A D F# B D	-2,0,0,-1,0,-2	207	https://www.songsterr.com/a/wsa/x-tab-s59079
Grizzly Bear	Reprise	no-songsterr	Standard capo 0			0	
Grizzly Bear	Service Bell	no-songsterr	Standard capo 0			0	
Grizzly Bear	Shift	no-songsterr	Standard capo 0			0	
Grizzly Bear	Sky Took Hold	no-songsterr	Standard capo 0			0	
Grizzly Bear	Sleeping Ute	no-songsterr	Standard capo 0			0	
Grizzly Bear	Slow Life	no-songsterr	Standard capo 0			0	
Grizzly Bear	Smothering Green	no-songsterr	D G B G B D capo 0			0	
Grizzly Bear	Southern Point	MISMATCH	Standard	D A D F# B D	-2,0,0,-1,0,-2	959	https://www.songsterr.com/a/wsa/x-tab-s70830
Grizzly Bear	Speak In Rounds	no-songsterr	Drop D capo 0			0	
Grizzly Bear	Sun In Your Eyes	no-songsterr	Drop D capo 0			0	
Grizzly Bear	The Hunt	no-songsterr	Standard capo 0			0	
Grizzly Bear	This Song	no-songsterr	Standard capo 0			0	
Grizzly Bear	Three Rings	no-songsterr	Drop D capo 0			0	
Grizzly Bear	Two Weeks	no-songsterr	Standard capo 0			0	
Grizzly Bear	Wasted Acres	no-songsterr	Standard capo 0			0	
Grizzly Bear	Whats Wrong	no-songsterr	Standard capo 0			0	
Grizzly Bear	While You Wait For The Others	MISMATCH	Standard	D A D G B E	-2,0,0,0,0,0	307	https://www.songsterr.com/a/wsa/x-tab-s59286
Grizzly Bear	Will Calls Marfa	no-songsterr	Standard capo 0			0	
Grizzly Bear	Yet Again	match	Standard	E A D G B E	0,0,0,0,0,0	377	https://www.songsterr.com/a/wsa/x-tab-s194557
Grizzly Bear	You Always Hurt The One You Love	no-songsterr	G C E A capo 0			0	
Iron & Wine	A History Of Lovers	no-songsterr	Drop D capo 0			0	
Iron & Wine	All In Good Time	no-songsterr	Standard capo 0			0	
Iron & Wine	Anyones Game	no-songsterr	C# F# B E G# C# capo 0			0	
Iron & Wine	Belated Promise Ring	no-songsterr	Standard capo 0			0	
Iron & Wine	Big Burned Hand	no-songsterr	Standard capo 0			0	
Iron & Wine	Bird Stealing Bread	no-songsterr	Standard capo 0			0	
Iron & Wine	Boy With A Coin	no-songsterr	Standard capo 0			0	
Iron & Wine	Call It Dreaming	no-songsterr	Standard capo 0			0	
Iron & Wine	Call Your Boys	no-songsterr	Standard capo 0			0	
Iron & Wine	Calm On The Valley	no-songsterr	Standard capo 0			0	
Iron & Wine	Cinder And Smoke	match	Standard	E A D G B E	0,0,0,0,0,0	0	https://www.songsterr.com/a/wsa/x-tab-s5687055
Iron & Wine	Communion Cups And Someones Coat	no-songsterr	Standard capo 0			0	
Iron & Wine	Each Coming Night	no-songsterr	Standard capo 0			0	
Iron & Wine	Fever Dream	no-songsterr	Standard capo 0			0	
Iron & Wine	Flightless Bird American Mouth	match	Standard	E A D G B E	0,0,0,0,0,0	0	https://www.songsterr.com/a/wsa/x-tab-s2141981
Iron & Wine	Free Until They Cut Me Down	no-songsterr	Standard capo 0			0	
Iron & Wine	Freedom Hangs Like Heaven	no-songsterr	Standard capo 0			0	
Iron & Wine	God Made The Automobile	no-songsterr	Standard capo 0			0	
Iron & Wine	Jezebel	no-songsterr	Standard capo 0			0	
Iron & Wine	Joy	no-songsterr	Standard capo 0			0	
Iron & Wine	Lions Mane	no-songsterr	Standard capo 0			0	
Iron & Wine	Love And Some Verses	no-songsterr	Standard capo 0			0	
Iron & Wine	Love Vigilantes	no-songsterr	Standard capo 0			0	
Iron & Wine	Muddy Hymnal	no-songsterr	Standard capo 0			0	
Iron & Wine	My Ladys House	no-songsterr	Standard capo 0			0	
Iron & Wine	Naked As We Came	no-songsterr	Standard capo 0			0	
Iron & Wine	Our Light Miles	no-songsterr	Standard capo 0			0	
Iron & Wine	Pagan Angel And A Borrowed Car	no-songsterr	Standard capo 0			0	
Iron & Wine	Passing Afternoon	no-songsterr	Drop D capo 0			0	
Iron & Wine	Prison On Route 41	no-songsterr	Standard capo 0			0	
Iron & Wine	Resurrection Fern	no-songsterr	Standard capo 0			0	
Iron & Wine	Right For Sky	no-songsterr	Standard capo 0			0	
Iron & Wine	Sodom South Georgia	no-songsterr	Standard capo 0			0	
Iron & Wine	Such Great Heights	no-songsterr	Standard capo 0			0	
Iron & Wine	Sunset Soon Forgotten	no-songsterr	Standard capo 0			0	
Iron & Wine	The Trapeze Swinger	match	Standard	E A D G B E	0,0,0,0,0,0	22	https://www.songsterr.com/a/wsa/x-tab-s705983
Iron & Wine	This Must Be The Place	no-songsterr	Standard capo 0			0	
Iron & Wine	This Solemn Day	no-songsterr	Standard capo 0			0	
Iron & Wine	Thomas County Law	no-songsterr	DADGAD capo 0			0	
Iron & Wine	Time After Time	no-songsterr	Standard capo 0			0	
Iron & Wine	Tree By The River	no-songsterr	Standard capo 0			0	
Iron & Wine	Upward Over The Mountain	no-songsterr	Standard capo 0			0	
Iron & Wine	Waitin For A Superman	match	Drop D	D A D G B E	0,0,0,0,0,0	7	https://www.songsterr.com/a/wsa/x-tab-s3047011
Iron & Wine	We All Us Three Will Ride	no-songsterr	Standard capo 0			0	
Iron & Wine	Weary Memory	no-songsterr	Standard capo 0			0	
Jason Isbell	24 Frames	match	Standard	E A D G B E	0,0,0,0,0,0	483	https://www.songsterr.com/a/wsa/x-tab-s1996818
Jason Isbell	Bury Me	no-songsterr	Standard capo 0			0	
Jason Isbell	Cover Me Up	MISMATCH	Standard	D# A# D# G A# D#	-1,1,1,0,-1,-1	1156	https://www.songsterr.com/a/wsa/x-tab-s1049633
Jason Isbell	Crimson And Clay	no-songsterr	Standard capo 0			0	
Jason Isbell	Dont Be Tough	no-songsterr	Standard capo 0			0	
Jason Isbell	Dress Blues	no-songsterr	Standard capo 0			0	
Jason Isbell	Eileen	match	Standard	E A D G B E	0,0,0,0,0,0	110	https://www.songsterr.com/a/wsa/x-tab-s3201948
Jason Isbell	Elephant	match	Standard	E A D G B E	0,0,0,0,0,0	1112	https://www.songsterr.com/a/wsa/x-tab-s3201126
Jason Isbell	God Is A Working Man	no-songsterr	Standard capo 0			0	
Jason Isbell	Good While It Lasted	no-songsterr	Standard capo 0			0	
Jason Isbell	How To Forget	no-songsterr	Standard capo 0			0	
Jason Isbell	If I Needed You	no-songsterr	Standard capo 0			0	
Jason Isbell	If It Takes A Lifetime	no-songsterr	Standard capo 0			0	
Jason Isbell	Live Oak	match	Standard	E A D G B E	0,0,0,0,0,0	40	https://www.songsterr.com/a/wsa/x-tab-s1996186
Jason Isbell	New South Wales	no-songsterr	Drop D capo 0			0	
Jason Isbell	Ride To Roberts	MISMATCH	DADGAD	E B E A B E	2,2,2,2,2,2	1	https://www.songsterr.com/a/wsa/x-tab-s5599340
Jason Isbell	Something More Than Free	match	Standard	E A D G B E	0,0,0,0,0,0	293	https://www.songsterr.com/a/wsa/x-tab-s3652707
Jason Isbell	Souvenirs	no-songsterr	Standard capo 0			0	
Jason Isbell	Stockholm	no-songsterr	Standard capo 0			0	
Jason Isbell	Tecumseh Valley	no-songsterr	Standard capo 0			0	
Jason Isbell	The Devil Is My Running Mate	no-songsterr	Standard capo 0			0	
Jason Isbell	To A Band That I Loved	no-songsterr	Standard capo 0			0	
Jason Isbell	Traveling Alone	match	Standard	E A D G B E	0,0,0,0,0,0	677	https://www.songsterr.com/a/wsa/x-tab-s2726829
Jason Isbell	Wind Behind The Rain	no-songsterr	Standard capo 0			0	
Jason Molina	Alone With The Owl	match	Standard	E A D G B E	0,0,0,0,0,0	0	https://www.songsterr.com/a/wsa/x-tab-s5662031
Jason Molina	Dont This Look Like The Dark	no-songsterr	Standard capo 0			0	
Jason Molina	Everything Should Try Again	match	Standard	E A D G B E	0,0,0,0,0,0	0	https://www.songsterr.com/a/wsa/x-tab-s5662025
Jason Molina	Heart My Heart	no-songsterr	Standard capo 0			0	
Jason Molina	Its Easier Now	match	Standard	E A D G B E	0,0,0,0,0,0	0	https://www.songsterr.com/a/wsa/x-tab-s5662007
Jason Molina	Shadow Answers The Wall	no-songsterr	Standard capo 0			0	
Jason Molina	Song Of The Road	MISMATCH	Standard	D# G# C# F# A# D#	-1,-1,-1,-1,-1,-1	0	https://www.songsterr.com/a/wsa/x-tab-s5894132
Jessica Pratt	Back Baby	no-songsterr	Standard capo 0			0	
Jessica Pratt	Bushel Hyde	no-songsterr	Standard capo 0			0	
Jessica Pratt	Fare Thee Well	no-songsterr	Standard capo 0			0	
Jessica Pratt	Greycedes	no-songsterr	Standard capo 0			0	
Jessica Pratt	Life Is	no-songsterr	Standard capo 0			0	
Jessica Pratt	The Last Year	no-songsterr	Standard capo 0			0	
Jessica Pratt	World On A String	no-songsterr	Standard capo 0			0	
John Lennon	#9 Dream	match	Standard	E A D G B E	0,0,0,0,0,0	1873	https://www.songsterr.com/a/wsa/x-tab-s70221
John Lennon	A Case of the Blues	no-songsterr	Standard capo 0			0	
John Lennon	A Day In The Life	no-songsterr	Standard capo 0			0	
John Lennon	Across The Universe	no-songsterr	Standard capo 0			0	
John Lennon	Ain't She Sweet [jam]	no-songsterr	Standard capo 0			0	
John Lennon	Ain't That a Shame	match	Standard	E A D G B E	0,0,0,0,0,0	0	https://www.songsterr.com/a/wsa/x-tab-s5029158
John Lennon	Aisumasen (I'm Sorry)	no-songsterr	Standard capo 0			0	
John Lennon	Angel Baby	no-songsterr	Standard capo 0			0	
John Lennon	Angela	no-songsterr	Standard capo 0			0	
John Lennon	Ask Me Why	no-songsterr	Standard capo 0			0	
John Lennon	Attica State [live at the apollo, 1972]	no-songsterr	Standard capo 0			0	
John Lennon	Attica State	no-songsterr	Standard capo 0			0	
John Lennon	Baby I Don't Care [for Clock film]	no-songsterr	Standard capo 0			0	
John Lennon	Baby Please Don't Go [jam]	no-songsterr	Standard capo 0			0	
John Lennon	Ballad Of John And Yoko	no-songsterr	Standard capo 0			0	
John Lennon	Be-Bop-A-Lula	match	Standard	E A D G B E	0,0,0,0,0,0	89	https://www.songsterr.com/a/wsa/x-tab-s1377298
John Lennon	Be My Baby [outtake]	no-songsterr	Standard capo 0			0	
John Lennon	Beautiful Boy (Darling Boy)	match	Standard	E A D G B E	0,0,0,0,0,0	8189	https://www.songsterr.com/a/wsa/x-tab-s11665
John Lennon	Beautiful Boys [Yoko Ono]	no-songsterr	Standard capo 0			0	
John Lennon	Beef Jerky	match	Standard	E A D G B E	0,0,0,0,0,0	12	https://www.songsterr.com/a/wsa/x-tab-s1583972
John Lennon	Bless You	match	Standard	E A D G B E	0,0,0,0,0,0	210	https://www.songsterr.com/a/wsa/x-tab-s449619
John Lennon	Blue Suede Shoes [live in toronto, 1969]	no-songsterr	Standard capo 0			0	
John Lennon	Bony Moronie	match	Standard	E A D G B E	0,0,0,0,0,0	0	https://www.songsterr.com/a/wsa/x-tab-s3155704
John Lennon	Borrowed Time [anthology version]	no-songsterr	Standard capo 0			0	
John Lennon	Borrowed Time	match	Standard	E A D G B E	0,0,0,0,0,0	18	https://www.songsterr.com/a/wsa/x-tab-s204357
John Lennon	Bring It on Home to Me / Send Me Some Lovin'	match	Standard	E A D G B E	0,0,0,0,0,0	1184	https://www.songsterr.com/a/wsa/x-tab-s1022952
John Lennon	Bring On the Lucie (Freda Peeple)	no-songsterr	Standard capo 0			0	
John Lennon	Brown-Eyed Handsome Man	no-songsterr	Standard capo 0			0	
John Lennon	Call My Name	no-songsterr	Standard capo 0			0	
John Lennon	Cathy's Clown	no-songsterr	Standard capo 0			0	
John Lennon	Child Of Nature	no-songsterr	Standard capo 0			0	
John Lennon	Clean Up Time	no-songsterr	Standard capo 0			0	
John Lennon	Cold Turkey (live)	match	Standard	E A D G B E	0,0,0,0,0,0	1098	https://www.songsterr.com/a/wsa/x-tab-s39709
John Lennon	Cold Turkey	match	Standard	E A D G B E	0,0,0,0,0,0	1098	https://www.songsterr.com/a/wsa/x-tab-s39709
John Lennon	Come Together [live in nyc, 1972]	no-songsterr	Standard capo 0			0	
John Lennon	Cookin' (in the Kitchen of Love) [written for ringo starr]	no-songsterr	Standard capo 0			0	
John Lennon	Corrina, Corrina	no-songsterr	Standard capo 0			0	
John Lennon	Crippled Inside	match	Standard	E A D G B E	0,0,0,0,0,0	1806	https://www.songsterr.com/a/wsa/x-tab-s454034
John Lennon	Cry Baby Cry	no-songsterr	Standard capo 0			0	
John Lennon	Dear John	no-songsterr	Standard capo 0			0	
John Lennon	Dear Prudence	no-songsterr	Drop D capo 0			0	
John Lennon	Dear Yoko	match	Standard	E A D G B E	0,0,0,0,0,0	23	https://www.songsterr.com/a/wsa/x-tab-s748353
John Lennon	Dizzy Miss Lizzy [live in toronto, 1969]	no-songsterr	Standard capo 0			0	
John Lennon	Do the Oz [b-side of god save oz]	no-songsterr	Standard capo 0			0	
John Lennon	Do You Want To Dance	no-songsterr	Standard capo 0			0	
John Lennon	Do You Want To Know A Secret?	no-songsterr	Standard capo 0			0	
John Lennon	Doctor Robert	no-songsterr	Standard capo 0			0	
John Lennon	Don't Be Crazy	no-songsterr	Standard capo 0			0	
John Lennon	Don't Let Me Down	no-songsterr	Standard capo 0			0	
John Lennon	Dream Lover / Stay [jam]	no-songsterr	Standard capo 0			0	
John Lennon	Every Man Has a Woman Who Loves Him [Yoko Ono]	no-songsterr	Standard capo 0			0	
John Lennon	Every Man Has a Woman Who Loves Him	match	Standard	E A D G B E	0,0,0,0,0,0	0	https://www.songsterr.com/a/wsa/x-tab-s5021934
John Lennon	Everybody's Got Something to Hide Except For Me and My Monkey	no-songsterr	Standard capo 0			0	
John Lennon	Everybody's Talking, Nobody's Talking	no-songsterr	Standard capo 0			0	
John Lennon	Everyone Had a Hard Year	no-songsterr	Standard capo 0			0	
John Lennon	Fancy Me Chances	no-songsterr	Standard capo 0			0	
John Lennon	(Forgive Me) My Little Flower Princess	no-songsterr	Standard capo 0			0	
John Lennon	Free As A Bird [beatles version]	no-songsterr	Standard capo 0			0	
John Lennon	Free as a Bird	no-songsterr	Standard capo 0			0	
John Lennon	Get It Together [radio ad]	no-songsterr	Standard capo 0			0	
John Lennon	Gimme Some Truth	match	Standard	E A D G B E	0,0,0,0,0,0	1807	https://www.songsterr.com/a/wsa/x-tab-s453786
John Lennon	Girl	no-songsterr	Standard capo 0			0	
John Lennon	Give Peace a Chance	MISMATCH	Standard	D# G# C# F# A# D#	-1,-1,-1,-1,-1,-1	469	https://www.songsterr.com/a/wsa/x-tab-s11953
John Lennon	Glass Onion	no-songsterr	Standard capo 0			0	
John Lennon	God Save Oz	no-songsterr	Standard capo 0			0	
John Lennon	God	no-songsterr	Standard capo 0			0	
John Lennon	Going Down on Love	match	Standard	E A D G B E	0,0,0,0,0,0	0	https://www.songsterr.com/a/wsa/x-tab-s5155652
John Lennon	Gone From This Place	no-songsterr	Standard capo 0			0	
John Lennon	Good Morning, Good Morning	no-songsterr	Standard capo 0			0	
John Lennon	Goodnight Vienna [written for ringo starr]	no-songsterr	Standard capo 0			0	
John Lennon	Grow Old With Me	no-songsterr	Standard capo 0			0	
John Lennon	Happiness Is A Warm Gun	no-songsterr	Standard capo 0			0	
John Lennon	Happy Girl / I'll Make You Happy	no-songsterr	Standard capo 0			0	
John Lennon	Happy Xmas (War Is Over)	match	Standard	E A D G B E	0,0,0,0,0,0	2339	https://www.songsterr.com/a/wsa/x-tab-s473859
John Lennon	He Got the Blues	no-songsterr	Standard capo 0			0	
John Lennon	Heartbeat [for Clock film]	no-songsterr	Standard capo 0			0	
John Lennon	Hello Little Girl	no-songsterr	Standard capo 0			0	
John Lennon	Help Me to Help Myself	no-songsterr	Standard capo 0			0	
John Lennon	Help!	match	Standard	E A D G B E	0,0,0,0,0,0	4	https://www.songsterr.com/a/wsa/x-tab-s823827
John Lennon	Here We Go Again	no-songsterr	Standard capo 0			0	
John Lennon	Hold On	match	Standard	E A D G B E	0,0,0,0,0,0	2970	https://www.songsterr.com/a/wsa/x-tab-s730584
John Lennon	Honey Don't [for Clock film]	no-songsterr	Standard capo 0			0	
John Lennon	Hound Dog [live in nyc, 1972]	no-songsterr	Standard capo 0			0	
John Lennon	How Do You Sleep?	match	Standard	E A D G B E	0,0,0,0,0,0	1944	https://www.songsterr.com/a/wsa/x-tab-s496111
John Lennon	How?	no-songsterr	Standard capo 0			0	
John Lennon	Howling at the Moon	no-songsterr	Standard capo 0			0	
John Lennon	I Am The Walrus	no-songsterr	Standard capo 0			0	
John Lennon	I Call Your Name	no-songsterr	Standard capo 0			0	
John Lennon	I Don't Wanna Face It	match	Standard	E A D G B E	0,0,0,0,0,0	30	https://www.songsterr.com/a/wsa/x-tab-s999835
John Lennon	I Don't Want to Be a Soldier Mama I Don't Wanna Die	no-songsterr	Standard capo 0			0	
John Lennon	I Found Out	match	Standard	E A D G B E	0,0,0,0,0,0	362	https://www.songsterr.com/a/wsa/x-tab-s204409
John Lennon	I Know (I Know)	match	Standard	E A D G B E	0,0,0,0,0,0	571	https://www.songsterr.com/a/wsa/x-tab-s997384
John Lennon	I'm a Loser	no-songsterr	Standard capo 0			0	
John Lennon	I'm A Man	no-songsterr	Standard capo 0			0	
John Lennon	I'm Crazy	no-songsterr	Standard capo 0			0	
John Lennon	I'm Losing You	match	Standard	E A D G B E	0,0,0,0,0,0	588	https://www.songsterr.com/a/wsa/x-tab-s450637
John Lennon	I'm Only Sleeping	no-songsterr	Standard capo 0			0	
John Lennon	I'm So Tired	no-songsterr	Standard capo 0			0	
John Lennon	I'm Stepping Out	match	Standard	E A D G B E	0,0,0,0,0,0	31	https://www.songsterr.com/a/wsa/x-tab-s204414
John Lennon	I'm the Greatest [written for ringo starr]	no-songsterr	Standard capo 0			0	
John Lennon	I Promise	no-songsterr	Standard capo 0			0	
John Lennon	I Saw Her Standing There [live with elton john, 1974]	no-songsterr	Standard capo 0			0	
John Lennon	I Want To Hold Your Hand	no-songsterr	Standard capo 0			0	
John Lennon	I Watch Your Face	no-songsterr	Standard capo 0			0	
John Lennon	Illusions (Not for Love Nor Money)	no-songsterr	Standard capo 0			0	
John Lennon	Imagine [live at the apollo, 1971]	no-songsterr	Standard capo 0			0	
John Lennon	Imagine	match	Standard	E A D G B E	0,0,0,0,0,0	20678	https://www.songsterr.com/a/wsa/x-tab-s463056
John Lennon	In My Life	no-songsterr	Standard capo 0			0	
John Lennon	India	no-songsterr	Standard capo 0			0	
John Lennon	Instant Karma [live in nyc, 1972]	no-songsterr	Standard capo 0			0	
John Lennon	Instant Karma!	match	Standard	E A D G B E	0,0,0,0,0,0	953	https://www.songsterr.com/a/wsa/x-tab-s39703
John Lennon	Intuition	match	Standard	E A D G B E	0,0,0,0,0,0	97	https://www.songsterr.com/a/wsa/x-tab-s204355
John Lennon	Isolation	no-songsterr	Standard capo 0			0	
John Lennon	It's Real	no-songsterr	Standard capo 0			0	
John Lennon	It's So Hard [live in nyc, 1972]	no-songsterr	Standard capo 0			0	
John Lennon	It's So Hard	match	Standard	E A D G B E	0,0,0,0,0,0	1265	https://www.songsterr.com/a/wsa/x-tab-s454717
John Lennon	J.J.	no-songsterr	Standard capo 0			0	
John Lennon	Jealous Guy	match	Standard	E A D G B E	0,0,0,0,0,0	2103	https://www.songsterr.com/a/wsa/x-tab-s11627
John Lennon	John and Yoko's Happy Christmas Ditty [christmas disc]	no-songsterr	Standard capo 0			0	
John Lennon	John Henry	no-songsterr	Standard capo 0			0	
John Lennon	John Sinclair [live, 1972]	no-songsterr	Standard capo 0			0	
John Lennon	John Sinclair	match	Standard	E A D G B E	0,0,0,0,0,0	11	https://www.songsterr.com/a/wsa/x-tab-s204385
John Lennon	Julia	no-songsterr	Standard capo 0			0	
John Lennon	Just Because	no-songsterr	Standard capo 0			0	
John Lennon	Just Fun	no-songsterr	Standard capo 0			0	
John Lennon	Just Gotta Give Me Some Rock 'n' Roll / Shoeshine	no-songsterr	Standard capo 0			0	
John Lennon	(Just Like) Starting Over	match	Standard	E A D G B E	0,0,0,0,0,0	1210	https://www.songsterr.com/a/wsa/x-tab-s11882
John Lennon	Keep Right On to the End of the Road [radio ad]	no-songsterr	Standard capo 0			0	
John Lennon	Kiss Kiss Kiss [Yoko ono]	no-songsterr	Standard capo 0			0	
John Lennon	Kiss Kiss Kiss	no-songsterr	Standard capo 0			0	
John Lennon	Lend Me Your Comb [for Clock film]	no-songsterr	Standard capo 0			0	
John Lennon	Life Begins at 40	no-songsterr	Standard capo 0			0	
John Lennon	Long Lost John [jam]	no-songsterr	Standard capo 0			0	
John Lennon	Look at Me	match	Standard	E A D G B E	0,0,0,0,0,0	2660	https://www.songsterr.com/a/wsa/x-tab-s457371
John Lennon	Love Me Do	no-songsterr	Standard capo 0			0	
John Lennon	Love	match	Standard	E A D G B E	0,0,0,0,0,0	695	https://www.songsterr.com/a/wsa/x-tab-s190
John Lennon	Lucy in the Sky with Diamonds [live with elton john, 1974]	no-songsterr	Standard capo 0			0	
John Lennon	Lucy In The Sky With Diamonds	no-songsterr	Standard capo 0			0	
John Lennon	Maggie Mae	no-songsterr	Standard capo 0			0	
John Lennon	Mailman, Bring Me No More Blues [for Clock film]	no-songsterr	Standard capo 0			0	
John Lennon	Make Love Not War	no-songsterr	Standard capo 0			0	
John Lennon	Many Rivers To Cross	no-songsterr	Standard capo 0			0	
John Lennon	Maybe Baby [for Clock film]	no-songsterr	Standard capo 0			0	
John Lennon	Mean Mr. Mustard	no-songsterr	Standard capo 0			0	
John Lennon	Meat City	match	Standard	E A D G B E	0,0,0,0,0,0	6	https://www.songsterr.com/a/wsa/x-tab-s204395
John Lennon	Memories	no-songsterr	Standard capo 0			0	
John Lennon	Mind Games	match	Standard	E A D G B E	0,0,0,0,0,0	690	https://www.songsterr.com/a/wsa/x-tab-s39710
John Lennon	Mirror, Mirror On the Wall	no-songsterr	Standard capo 0			0	
John Lennon	Misery	no-songsterr	Standard capo 0			0	
John Lennon	Money (That's What I Want) [live in toronto, 1969]	no-songsterr	Standard capo 0			0	
John Lennon	Mother [live in nyc, 1972]	no-songsterr	Standard capo 0			0	
John Lennon	Mother	no-songsterr	Standard capo 0			0	
John Lennon	Move Over Ms. L. [b-side of stand by me]	no-songsterr	Standard capo 0			0	
John Lennon	Mr. Hyde's Gone (Don't Be Afraid)	no-songsterr	Standard capo 0			0	
John Lennon	Mucho Mungo	no-songsterr	Standard capo 0			0	
John Lennon	Music Hall Medley	no-songsterr	Standard capo 0			0	
John Lennon	My Life	no-songsterr	Standard capo 0			0	
John Lennon	My Mummy's Dead	match	Standard	E A D G B E	0,0,0,0,0,0	690	https://www.songsterr.com/a/wsa/x-tab-s189
John Lennon	New York City [live in nyc, 1972]	no-songsterr	Standard capo 0			0	
John Lennon	New York City	match	Standard	E A D G B E	0,0,0,0,0,0	185	https://www.songsterr.com/a/wsa/x-tab-s204367
John Lennon	Nobody Loves You (When You're Down And Out)	match	Standard	E A D G B E	0,0,0,0,0,0	610	https://www.songsterr.com/a/wsa/x-tab-s450684
John Lennon	Nobody Told Me	match	Standard	E A D G B E	0,0,0,0,0,0	1314	https://www.songsterr.com/a/wsa/x-tab-s70239
John Lennon	Not Fade Away [for Clock film]	no-songsterr	Standard capo 0			0	
John Lennon	Now and Then	no-songsterr	Standard capo 0			0	
John Lennon	Nowhere Man	no-songsterr	Standard capo 0			0	
John Lennon	Nutopian International Anthem	no-songsterr	Standard capo 0			0	
John Lennon	Oh My Love	match	Standard	E A D G B E	0,0,0,0,0,0	5747	https://www.songsterr.com/a/wsa/x-tab-s39711
John Lennon	Oh Yoko!	match	Standard	E A D G B E	0,0,0,0,0,0	450	https://www.songsterr.com/a/wsa/x-tab-s449490
John Lennon	Old Dirt Road	match	Standard	E A D G B E	0,0,0,0,0,0	22	https://www.songsterr.com/a/wsa/x-tab-s204394
John Lennon	One Day at a Time	no-songsterr	Standard capo 0			0	
John Lennon	One of the Boys	no-songsterr	Standard capo 0			0	
John Lennon	One World, One People	no-songsterr	Standard capo 0			0	
John Lennon	Only People	no-songsterr	Standard capo 0			0	
John Lennon	Only You (And You Alone) [guide track for ringo starr]	no-songsterr	Standard capo 0			0	
John Lennon	Out the Blue	match	Standard	E A D G B E	0,0,0,0,0,0	1277	https://www.songsterr.com/a/wsa/x-tab-s1003405
John Lennon	Pedro the Fisherman	no-songsterr	Standard capo 0			0	
John Lennon	Peggy Sue	no-songsterr	Standard capo 0			0	
John Lennon	People Get Ready / How	no-songsterr	Standard capo 0			0	
John Lennon	People	no-songsterr	Standard capo 0			0	
John Lennon	Pill	no-songsterr	Standard capo 0			0	
John Lennon	Please Please Me	no-songsterr	Standard capo 0			0	
John Lennon	Polythene Pam	no-songsterr	Standard capo 0			0	
John Lennon	Pop Is the Name of the Game	no-songsterr	Standard capo 0			0	
John Lennon	Power to the People	no-songsterr	Standard capo 0			0	
John Lennon	Rain	no-songsterr	G D G G B D capo 0			0	
John Lennon	Rave On [for Clock film]	no-songsterr	Standard capo 0			0	
John Lennon	Real Life	match	Standard	E A D G B E	0,0,0,0,0,0	5	https://www.songsterr.com/a/wsa/x-tab-s4044818
John Lennon	Real Love [anthology version]	no-songsterr	Standard capo 0			0	
John Lennon	Real Love [beatles version]	no-songsterr	Standard capo 0			0	
John Lennon	Real Love	MISMATCH	Standard	D# G# C# F# A# D#	-1,-1,-1,-1,-1,-1	15	https://www.songsterr.com/a/wsa/x-tab-s204359
John Lennon	Remember	no-songsterr	Standard capo 0			0	
John Lennon	Revolution	no-songsterr	Standard capo 0			0	
John Lennon	Rip It Up / Ready Teddy	no-songsterr	Standard capo 0			0	
John Lennon	Rock and Roll People	no-songsterr	Standard capo 0			0	
John Lennon	Rock Island Line	no-songsterr	Standard capo 0			0	
John Lennon	Sally and Billy	no-songsterr	Standard capo 0			0	
John Lennon	San Francisco Bay Blues [jam]	no-songsterr	Standard capo 0			0	
John Lennon	Satire #1	no-songsterr	Standard capo 0			0	
John Lennon	Satire #2	no-songsterr	Standard capo 0			0	
John Lennon	Scared	match	Standard	E A D G B E	0,0,0,0,0,0	1	https://www.songsterr.com/a/wsa/x-tab-s711434
John Lennon	Serve Yourself [anthology version]	no-songsterr	Standard capo 0			0	
John Lennon	Serve Yourself	no-songsterr	Standard capo 0			0	
John Lennon	Sexy Sadie	no-songsterr	Standard capo 0			0	
John Lennon	She Is a Friend of Dorothy's	no-songsterr	Standard capo 0			0	
John Lennon	She'll Be Coming 'Round The Mountain	no-songsterr	Standard capo 0			0	
John Lennon	She Run Them Round in Circles / Beautiful Boy	no-songsterr	Standard capo 0			0	
John Lennon	She Said, She Said	no-songsterr	Standard capo 0			0	
John Lennon	Since My Baby Left Me	no-songsterr	Standard capo 0			0	
John Lennon	Slippin' and Slidin'	no-songsterr	Standard capo 0			0	
John Lennon	Slipping And Slidin'	no-songsterr	Standard capo 0			0	
John Lennon	Stand by Me	MISMATCH	Standard	D A D G B E	-2,0,0,0,0,0	2697	https://www.songsterr.com/a/wsa/x-tab-s86010
John Lennon	Steel and Glass	match	Standard	E A D G B E	0,0,0,0,0,0	36	https://www.songsterr.com/a/wsa/x-tab-s204374
John Lennon	Stranger's Room	no-songsterr	Standard capo 0			0	
John Lennon	Strawberry Fields Forever	no-songsterr	Standard capo 0			0	
John Lennon	Sunday Bloody Sunday	no-songsterr	Standard capo 0			0	
John Lennon	Surprise Surprise (Sweet Bird of Paradox)	no-songsterr	Standard capo 0			0	
John Lennon	Sweet Little Sixteen	no-songsterr	Standard capo 0			0	
John Lennon	Tennessee	no-songsterr	Standard capo 0			0	
John Lennon	The Boat Song	no-songsterr	Standard capo 0			0	
John Lennon	The Continuing Story Of Bungalow Bill	no-songsterr	Standard capo 0			0	
John Lennon	The Luck of the Irish [live, 1972]	no-songsterr	Standard capo 0			0	
John Lennon	The Luck of the Irish	no-songsterr	Standard capo 0			0	
John Lennon	The Maharishi Song	no-songsterr	Standard capo 0			0	
John Lennon	The One After 909	no-songsterr	Standard capo 0			0	
John Lennon	The Rishi Kesh Song	no-songsterr	Standard capo 0			0	
John Lennon	The Worst Is Over	no-songsterr	Standard capo 0			0	
John Lennon	There's A Place	no-songsterr	Standard capo 0			0	
John Lennon	Thinking Of Linking	no-songsterr	Standard capo 0			0	
John Lennon	Ticket To Ride	no-songsterr	Standard capo 0			0	
John Lennon	Tight A$	match	Standard	E A D G B E	0,0,0,0,0,0	35	https://www.songsterr.com/a/wsa/x-tab-s204411
John Lennon	To Know Her Is to Love Her	no-songsterr	Standard capo 0			0	
John Lennon	Tomorrow Never Knows	no-songsterr	Standard capo 0			0	
John Lennon	Too Bad About Sorrows	no-songsterr	Standard capo 0			0	
John Lennon	Twist And Shout	no-songsterr	Standard capo 0			0	
John Lennon	Wake Up In The Morning	no-songsterr	Standard capo 0			0	
John Lennon	Walking On Thin Ice	no-songsterr	Standard capo 0			0	
John Lennon	Watching the Wheels	match	Standard	E A D G B E	0,0,0,0,0,0	80	https://www.songsterr.com/a/wsa/x-tab-s204378
John Lennon	Well (Baby Please Don't Go)	no-songsterr	Standard capo 0			0	
John Lennon	Well Well Well [live in nyc, 1972]	no-songsterr	E A G B D E capo 0			0	
John Lennon	Well, Well, Well	MISMATCH	E A G B D E	E A D G B E	0,0,-5,-4,-3,0	442	https://www.songsterr.com/a/wsa/x-tab-s668961
John Lennon	What Goes On?	no-songsterr	Standard capo 0			0	
John Lennon	What's The New Mary Jane	no-songsterr	Standard capo 0			0	
John Lennon	What You Got [acoustic version]	no-songsterr	Standard capo 0			0	
John Lennon	What You Got	match	Standard	E A D G B E	0,0,0,0,0,0	61	https://www.songsterr.com/a/wsa/x-tab-s204402
John Lennon	Whatever Gets You Through the Night [live with elton john]	no-songsterr	Standard capo 0			0	
John Lennon	Whatever Gets You Thru The Night	match	Standard	E A D G B E	0,0,0,0,0,0	33	https://www.songsterr.com/a/wsa/x-tab-s448503
John Lennon	Whatever Happened To	no-songsterr	Standard capo 0			0	
John Lennon	When a Boy Meets a Girl	no-songsterr	Standard capo 0			0	
John Lennon	Woman Is the Nigger of the World [live in nyc, 1972]	no-songsterr	Standard capo 0			0	
John Lennon	Woman is the nigger of the world	match	Standard	E A D G B E	0,0,0,0,0,0	1151	https://www.songsterr.com/a/wsa/x-tab-s692216
John Lennon	Woman	match	Standard	E A D G B E	0,0,0,0,0,0	13342	https://www.songsterr.com/a/wsa/x-tab-s39704
John Lennon	Working Class Hero	match	Standard	E A D G B E	0,0,0,0,0,0	24920	https://www.songsterr.com/a/wsa/x-tab-s160
John Lennon	Ya Ya	no-songsterr	Standard capo 0			0	
John Lennon	Yer Blues [live in toronto, 1969]	no-songsterr	Standard capo 0			0	
John Lennon	Yer Blues	no-songsterr	Standard capo 0			0	
John Lennon	Yes, I'm Your Angel [Yoko Ono]	no-songsterr	Standard capo 0			0	
John Lennon	Yes It Is	no-songsterr	Standard capo 0			0	
John Lennon	You Are Here	match	Standard	E A D G B E	0,0,0,0,0,0	51	https://www.songsterr.com/a/wsa/x-tab-s1639101
John Lennon	You Can't Catch Me	match	Standard	E A D G B E	0,0,0,0,0,0	45	https://www.songsterr.com/a/wsa/x-tab-s1345255
John Lennon	You Saved My Soul (With Your True Love)	no-songsterr	Standard capo 0			0	
John Lennon	You Send Me	no-songsterr	Standard capo 0			0	
John Lennon	You've Got To Hide Your Love Away	no-songsterr	Standard capo 0			0	
Karen Dalton	Are You Leaving For The Country	MISMATCH	Standard	D A D F# A D	-2,0,0,-1,-2,-2	5	https://www.songsterr.com/a/wsa/x-tab-s207576
Karen Dalton	It Hurts Me Too	no-songsterr	Standard capo 0			0	
Karen Dalton	Katie Cruel	no-songsterr	Standard capo 0			0	
Karen Dalton	Little Bit Of Rain	no-songsterr	Standard capo 0			0	
Karen Dalton	Reason To Believe	no-songsterr	Standard capo 0			0	
Karen Dalton	Ribbon Bow	match	Standard	E A D G B E	0,0,0,0,0,0	49	https://www.songsterr.com/a/wsa/x-tab-s1017522
Karen Dalton	Something On Your Mind	match	Standard	E A D G B E	0,0,0,0,0,0	180	https://www.songsterr.com/a/wsa/x-tab-s207575
Karen Dalton	Sweet Substitute	no-songsterr	Standard capo 0			0	
Karen Dalton	Take Me	no-songsterr	Standard capo 0			0	
Kurt Vile	All In A Daze Work	match	Standard	E A D G B E	0,0,0,0,0,0	626	https://www.songsterr.com/a/wsa/x-tab-s440546
Kurt Vile	Another Good Year For The Roses	no-songsterr	Standard capo 0			0	
Kurt Vile	Babys Arms	match	Standard	E A D G B E	0,0,0,0,0,0	145	https://www.songsterr.com/a/wsa/x-tab-s313183
Kurt Vile	Bassackwards	match	Standard	E A D G B E	0,0,0,0,0,0	62	https://www.songsterr.com/a/wsa/x-tab-s3788982
Kurt Vile	Beach On The Moon	match	Standard	E A D G B E	0,0,0,0,0,0	2	https://www.songsterr.com/a/wsa/x-tab-s4831057
Kurt Vile	Blackberry Song	MISMATCH	G G C G B E	C# G# C# F# A# D#	-6,-11,-11,-13,-13,-13	120	https://www.songsterr.com/a/wsa/x-tab-s866018
Kurt Vile	Bottle It In	no-songsterr	Standard capo 0			0	
Kurt Vile	Breathin Out	no-songsterr	Standard capo 0			0	
Kurt Vile	Cant Come	no-songsterr	Standard capo 0			0	
Kurt Vile	Chance To Bleed	match	Standard	E A D G B E	0,0,0,0,0,0	931	https://www.songsterr.com/a/wsa/x-tab-s4740832
Kurt Vile	Chazzy Dont Mind	no-songsterr	Standard capo 0			0	
Kurt Vile	Check Baby	MISMATCH	F A# D# G C D#	E A D G B E	-1,-1,-1,0,-1,1	328	https://www.songsterr.com/a/wsa/x-tab-s866020
Kurt Vile	Classic Rock In Spring	no-songsterr	Standard capo 0			0	
Kurt Vile	Come Again	no-songsterr	Standard capo 0			0	
Kurt Vile	Cool Water	match	Standard	E A D G B E	0,0,0,0,0,0	194	https://www.songsterr.com/a/wsa/x-tab-s5751039
Kurt Vile	Dandelions	no-songsterr	Standard capo 0			0	
Kurt Vile	Dead Alive	no-songsterr	G G D G B D capo 0			0	
Kurt Vile	Dont Get Cute	no-songsterr	Standard capo 0			0	
Kurt Vile	Dust Bunnies	match	Eb Standard	D# G# C# F# A# D#	0,0,0,0,0,0	73	https://www.songsterr.com/a/wsa/x-tab-s2921953
Kurt Vile	Feel My Pain	no-songsterr	Eb Standard capo 0			0	
Kurt Vile	Flyin Like A Fast Train	no-songsterr	Standard capo 0			0	
Kurt Vile	Freak Train	no-songsterr	Standard capo 0			0	
Kurt Vile	Freeway	no-songsterr	Standard capo 0			0	
Kurt Vile	Ghost Town	no-songsterr	Standard capo 0			0	
Kurt Vile	Girl Called Alex	MISMATCH	D G C G A D	E A D G B E	2,2,2,0,2,2	43	https://www.songsterr.com/a/wsa/x-tab-s4733401
Kurt Vile	Goldtone	no-songsterr	Standard capo 0			0	
Kurt Vile	Gone Girl	no-songsterr	Standard capo 0			0	
Kurt Vile	Hes Alright	match	Standard	E A D G B E	0,0,0,0,0,0	2	https://www.songsterr.com/a/wsa/x-tab-s5675355
Kurt Vile	Hey Like A Child	no-songsterr	Standard capo 0			0	
Kurt Vile	How Lucky	no-songsterr	Standard capo 0			0	
Kurt Vile	Hysteria	no-songsterr	Standard capo 0			0	
Kurt Vile	I Know I Got Religion	no-songsterr	C A D G B E capo 0			0	
Kurt Vile	I Lost My Head There	no-songsterr	Standard capo 0			0	
Kurt Vile	Im An Outlaw	no-songsterr	Standard capo 0			0	
Kurt Vile	In My Time	no-songsterr	Standard capo 0			0	
Kurt Vile	Jesus Fever	match	Standard	E A D G B E	0,0,0,0,0,0	75	https://www.songsterr.com/a/wsa/x-tab-s866005
Kurt Vile	Jesus On A Wire	no-songsterr	Standard capo 0			0	
Kurt Vile	Kv Crimes	no-songsterr	Standard capo 0			0	
Kurt Vile	Life Like This	match	Standard	E A D G B E	0,0,0,0,0,0	9	https://www.songsterr.com/a/wsa/x-tab-s3447810
Kurt Vile	Lifes A Beach	no-songsterr	Standard capo 0			0	
Kurt Vile	Like Exploding Stones	match	Standard	E A D G B E	0,0,0,0,0,0	231	https://www.songsterr.com/a/wsa/x-tab-s967067
Kurt Vile	Loading Zones	match	Standard	E A D G B E	0,0,0,0,0,0	35	https://www.songsterr.com/a/wsa/x-tab-s5053121
Kurt Vile	Monkey	no-songsterr	Standard capo 0			0	
Kurt Vile	Mount Airy Hill Way Gone	no-songsterr	Standard capo 0			0	
Kurt Vile	Mutinies	no-songsterr	Eb Standard capo 0			0	
Kurt Vile	My Best Friends Dont Even Pass This	no-songsterr	Standard capo 0			0	
Kurt Vile	My Sympathy	no-songsterr	G G D G B D capo 0			0	
Kurt Vile	Never Run Away	no-songsterr	Standard capo 0			0	
Kurt Vile	No Expectations	no-songsterr	Standard capo 0			0	
Kurt Vile	Ocean City	no-songsterr	Standard capo 0			0	
Kurt Vile	On Tour	no-songsterr	Open D capo 0			0	
Kurt Vile	One Trick Ponies	no-songsterr	Standard capo 0			0	
Kurt Vile	Passenger Side	no-songsterr	Standard capo 0			0	
Kurt Vile	Peeping Tom	no-songsterr	Standard capo 0			0	
Kurt Vile	Peeping Tomboy	no-songsterr	G G D G B D capo 0			0	
Kurt Vile	Pretty Pimpin	match	Standard	E A D G B E	0,0,0,0,0,0	54997	https://www.songsterr.com/a/wsa/x-tab-s485545
Kurt Vile	Pure Pain	no-songsterr	G G C G C D capo 0			0	
Kurt Vile	Rock O Stone	match	Standard	E A D G B E	0,0,0,0,0,0	1032	https://www.songsterr.com/a/wsa/x-tab-s5404221
Kurt Vile	Rollin With The Flow	no-songsterr	Standard capo 0			0	
Kurt Vile	Runner Ups	no-songsterr	F# B B F# A# D# capo 0			0	
Kurt Vile	Skinny Mini	no-songsterr	Standard capo 0			0	
Kurt Vile	Slow Talkers	no-songsterr	Standard capo 0			0	
Kurt Vile	Smoke Ring For My Halo	no-songsterr	Standard capo 0			0	
Kurt Vile	Snowflakes Are Dancing	no-songsterr	Standard capo 0			0	
Kurt Vile	Songs For John In D	no-songsterr	Standard capo 0			0	
Kurt Vile	Space Forklift	no-songsterr	Standard capo 0			0	
Kurt Vile	Stand Inside	no-songsterr	Standard capo 0			0	
Kurt Vile	Thats Life Tho Almost Hate To Say	no-songsterr	DADGAD capo 0			0	
Kurt Vile	Wakin On A Pretty Day	no-songsterr	Eb Standard capo 0			0	
Kurt Vile	Wheelhouse	no-songsterr	D# A# D# G C D# capo 0			0	
Kurt Vile	Wild Imagination	no-songsterr	Standard capo 0			0	
Kurt Vile	Wildflower	no-songsterr	Standard capo 0			0	
Kurt Vile	Yeah Bones	no-songsterr	Standard capo 0			0	
MJ Lenderman	Bark At The Moon	no-songsterr	D Standard capo 0			0	
MJ Lenderman	Basketball 1	no-songsterr	D Standard capo 0			0	
MJ Lenderman	Basketball 2	match	Standard	E A D G B E	0,0,0,0,0,0	12	https://www.songsterr.com/a/wsa/x-tab-s2479922
MJ Lenderman	Big Money	no-songsterr	Standard capo 0			0	
MJ Lenderman	Brawsons	no-songsterr	Standard capo 0			0	
MJ Lenderman	Catholic Priest	no-songsterr	Standard capo 0			0	
MJ Lenderman	Come Over	no-songsterr	Standard capo 0			0	
MJ Lenderman	Dan Marino	no-songsterr	Standard capo 0			0	
MJ Lenderman	Dancing In The Club	no-songsterr	Standard capo 0			0	
MJ Lenderman	Gentlemens Jack	no-songsterr	Standard capo 0			0	
MJ Lenderman	Hangover Game	match	Standard	E A D G B E	0,0,0,0,0,0	18	https://www.songsterr.com/a/wsa/x-tab-s3449652
MJ Lenderman	Happiness	no-songsterr	Standard capo 0			0	
MJ Lenderman	Heartbreak Blues	no-songsterr	Standard capo 0			0	
MJ Lenderman	House Pool	no-songsterr	Standard capo 0			0	
MJ Lenderman	I Ate Too Much At The Fair	no-songsterr	Standard capo 0			0	
MJ Lenderman	Joker Lips	MISMATCH	D Standard	E A D G B E	2,2,2,2,2,2	714	https://www.songsterr.com/a/wsa/x-tab-s2404919
MJ Lenderman	Just Be Simple	no-songsterr	Standard capo 0			0	
MJ Lenderman	Knockin	match	Standard	E A D G B E	0,0,0,0,0,0	48	https://www.songsterr.com/a/wsa/x-tab-s5269714
MJ Lenderman	Left Your Smile	no-songsterr	D Standard capo 0			0	
MJ Lenderman	Live Jack	no-songsterr	Standard capo 0			0	
MJ Lenderman	Manning Fireworks	no-songsterr	D Standard capo 0			0	
MJ Lenderman	My Voice Is A Little Horse	no-songsterr	Standard capo 0			0	
MJ Lenderman	No Mercy	no-songsterr	Standard capo 0			0	
MJ Lenderman	Norman Morrison	no-songsterr	Standard capo 0			0	
MJ Lenderman	On My Knees	MISMATCH	Standard	D G C F A D	-2,-2,-2,-2,-2,-2	132	https://www.songsterr.com/a/wsa/x-tab-s3672733
MJ Lenderman	Phish Pepsi	no-songsterr	Standard capo 0			0	
MJ Lenderman	Pianos	no-songsterr	Standard capo 0			0	
MJ Lenderman	Pick Up The Pieces	no-songsterr	Standard capo 0			0	
MJ Lenderman	Rip Torn	match	Standard	E A D G B E	0,0,0,0,0,0	366	https://www.songsterr.com/a/wsa/x-tab-s2245055
MJ Lenderman	Rudolph	match	Standard	E A D G B E	0,0,0,0,0,0	678	https://www.songsterr.com/a/wsa/x-tab-s2318336
MJ Lenderman	Shes Leaving You	MISMATCH	Drop C	D G C F A D	2,0,0,0,0,0	14677	https://www.songsterr.com/a/wsa/x-tab-s861754
MJ Lenderman	Six Flags	no-songsterr	Standard capo 0			0	
MJ Lenderman	Someone Get The Grill Out Of The Rain	match	Standard	E A D G B E	0,0,0,0,0,0	103	https://www.songsterr.com/a/wsa/x-tab-s4384912
MJ Lenderman	Southern Birds	no-songsterr	Standard capo 0			0	
MJ Lenderman	Stay At Home Cowboy	no-songsterr	Standard capo 0			0	
MJ Lenderman	Suv	match	Standard	E A D G B E	0,0,0,0,0,0	43	https://www.songsterr.com/a/wsa/x-tab-s2200143
MJ Lenderman	Tastes Just Like It Costs	no-songsterr	Standard capo 0			0	
MJ Lenderman	The French Inhaler	no-songsterr	D F C F A C capo 0			0	
MJ Lenderman	Tlc Cage Match	match	Standard	E A D G B E	0,0,0,0,0,0	1	https://www.songsterr.com/a/wsa/x-tab-s5269758
MJ Lenderman	Toontown	match	Standard	E A D G B E	0,0,0,0,0,0	17	https://www.songsterr.com/a/wsa/x-tab-s4914272
MJ Lenderman	Tv Dinners	match	Standard	E A D G B E	0,0,0,0,0,0	343	https://www.songsterr.com/a/wsa/x-tab-s4071883
MJ Lenderman	Under Control	no-songsterr	Standard capo 0			0	
MJ Lenderman	Wristwatch	MISMATCH	D Standard	E A D G B E	2,2,2,2,2,2	5705	https://www.songsterr.com/a/wsa/x-tab-s1391198
MJ Lenderman	You Are Every Girl To Me	no-songsterr	C G D G G E capo 0			0	
MJ Lenderman	You Dont Know The Shape Im In	match	Standard	E A D G B E	0,0,0,0,0,0	769	https://www.songsterr.com/a/wsa/x-tab-s1832912
MJ Lenderman	You Have Bought Yourself A Boat	no-songsterr	D Standard capo 0			0	
Magnolia Electric Co.	31 Seasons In The Minor Leagues	no-songsterr	Standard capo 0			0	
Magnolia Electric Co.	Almost Was Good Enough	match	Standard	E A D G B E	0,0,0,0,0,0	142	https://www.songsterr.com/a/wsa/x-tab-s2318952
Magnolia Electric Co.	An Arrow In The Gale	match	Standard	E A D G B E	0,0,0,0,0,0	0	https://www.songsterr.com/a/wsa/x-tab-s5908263
Magnolia Electric Co.	At Least The Dark Dont Hide It	no-songsterr	Standard capo 0			0	
Magnolia Electric Co.	Bowery	no-songsterr	Standard capo 0			0	
Magnolia Electric Co.	Doing Something Wrong	no-songsterr	Standard capo 0			0	
Magnolia Electric Co.	Dont Fade On Me	no-songsterr	Standard capo 0			0	
Magnolia Electric Co.	Dont This Look Like The Dark	no-songsterr	Standard capo 0			0	
Magnolia Electric Co.	Down The Wrong Road Both Ways	no-songsterr	Standard capo 0			0	
Magnolia Electric Co.	Hammer Down	no-songsterr	Standard capo 0			0	
Magnolia Electric Co.	Hard To Love A Man	match	Standard	E A D G B E	0,0,0,0,0,0	0	https://www.songsterr.com/a/wsa/x-tab-s5166376
Magnolia Electric Co.	Heartbreak At Ten Paces	match	Standard	E A D G B E	0,0,0,0,0,0	0	https://www.songsterr.com/a/wsa/x-tab-s5908200
Magnolia Electric Co.	Hope Dies Last	match	Standard	E A D G B E	0,0,0,0,0,0	0	https://www.songsterr.com/a/wsa/x-tab-s5908119
Magnolia Electric Co.	I Can Not Have Seen The Light	no-songsterr	Standard capo 0			0	
Magnolia Electric Co.	Its Made Me Cry	no-songsterr	Standard capo 0			0	
Magnolia Electric Co.	Josephine	match	Standard	E A D G B E	0,0,0,0,0,0	0	https://www.songsterr.com/a/wsa/x-tab-s5907998
Magnolia Electric Co.	Leave The City	no-songsterr	D C D G G F# capo 0			0	
Magnolia Electric Co.	Lonesome Valley	no-songsterr	Standard capo 0			0	
Magnolia Electric Co.	Memphis Blues	no-songsterr	Standard capo 0			0	
Magnolia Electric Co.	Memphis Moon	no-songsterr	Standard capo 0			0	
Magnolia Electric Co.	Montgomery	no-songsterr	Standard capo 0			0	
Magnolia Electric Co.	Nashville Moon	no-songsterr	Standard capo 0			0	
Magnolia Electric Co.	No Moon On The Water	no-songsterr	Standard capo 0			0	
Magnolia Electric Co.	North Star	match	Standard	E A D G B E	0,0,0,0,0,0	6	https://www.songsterr.com/a/wsa/x-tab-s1940370
Magnolia Electric Co.	Northstar Blues	no-songsterr	Standard capo 0			0	
Magnolia Electric Co.	O Grace	no-songsterr	Standard capo 0			0	
Magnolia Electric Co.	Rock Of Ages	no-songsterr	Standard capo 0			0	
Magnolia Electric Co.	Shenandoah	match	Standard	E A D G B E	0,0,0,0,0,0	0	https://www.songsterr.com/a/wsa/x-tab-s5908043
Magnolia Electric Co.	Shiloh Temple Bell	no-songsterr	Standard capo 0			0	
Magnolia Electric Co.	Such Pretty Eyes For A Snake	no-songsterr	Standard capo 0			0	
Magnolia Electric Co.	Texas 71	no-songsterr	Standard capo 0			0	
Magnolia Electric Co.	What Comes After The Blues	no-songsterr	Standard capo 0			0	
Magnolia Electric Co.	Whip-Poor-Will	match	Standard	E A D G B E	0,0,0,0,0,0	0	https://www.songsterr.com/a/wsa/x-tab-s5908068
Mark Kozelek	2000 Miles	no-songsterr	Standard capo 1			0	
Mark Kozelek	78 Seconds in August (Ver 1)	no-songsterr	D A C E A E capo 6			0	
Mark Kozelek	78 seconds In August (Ver 2)	no-songsterr	D A D F# B F# capo 4			0	
Mark Kozelek	Admiral Fell Promises (Live)	no-songsterr	D G B D F# B capo 0			0	
Mark Kozelek	Around and Around (Ver 1)	no-songsterr	Standard capo 0			0	
Mark Kozelek	Around and Around (Ver 2)	no-songsterr	C G C F G C capo 0			0	
Mark Kozelek	Bad Boy Boogie (Ver 1)	no-songsterr	C# F# B E A C# capo 0			0	
Mark Kozelek	Carpet Crawlers	no-songsterr	DADGAD capo 0			0	
Mark Kozelek	Celebrated Summer (Live)	no-songsterr	DADGAD capo 2			0	
Mark Kozelek	Cruiser (Live · Ver 1)	no-songsterr	Standard capo 0			0	
Mark Kozelek	Cruiser (Live · Ver 2)	no-songsterr	Open D capo 2			0	
Mark Kozelek	Cruiser	no-songsterr	E A E E B E capo 0			0	
Mark Kozelek	Find me Ruben Olivares (Ver 1)	no-songsterr	E B E A C# E capo 4			0	
Mark Kozelek	Find Me, Ruben Olivares (Ver 2)	no-songsterr	Drop D capo 0			0	
Mark Kozelek	Green Manalishi (Live)	no-songsterr	DADGAD capo 4			0	
Mark Kozelek	I Killed Mommy	no-songsterr	DADGAD capo 0			0	
Mark Kozelek	If you want Blood (Ver 1)	no-songsterr	E B E A C# E capo 0			0	
Mark Kozelek	Leo and Luna	no-songsterr	DADGAD capo 1			0	
Mark Kozelek	Lily and Parrots (hidden track Version 1) (Live · Ver 1)	no-songsterr	B F# B D F# B capo 0			0	
Mark Kozelek	Lily and Parrots (hidden track version 2) (Live · Ver 2)	no-songsterr	Standard capo 2			0	
Mark Kozelek	Love At First Feel (Ver 1)	no-songsterr	D A D A A D capo 0			0	
Mark Kozelek	Love Hungry Man (Ver 1)	no-songsterr	D A D D A D capo 0			0	
Mark Kozelek	Metropol 47 (Ver 1)	no-songsterr	DADGAD capo 0			0	
Mark Kozelek	My Friend Bob (Ver 1)	no-songsterr	E G# C# E A C# capo 0			0	
Mark Kozelek	My Friend Bob (Ver 2)	no-songsterr	Standard capo 0			0	
Mark Kozelek	New Partner (Ver 1)	no-songsterr	D A D E B C capo 1			0	
Mark Kozelek	Onward	no-songsterr	DADGAD capo 0			0	
Mark Kozelek	Riff Raff (Ver 1)	no-songsterr	B G# C# F# G# D# capo 0			0	
Mark Kozelek	River	no-songsterr	D A D G C E capo 2			0	
Mark Kozelek	Rock 'n' Roll Singer (Ver 1)	no-songsterr	Standard capo 1			0	
Mark Kozelek	Rock n Roll Singer (Ver 1)	no-songsterr	F A D G C E capo 1			0	
Mark Kozelek	Rock n Roll Singer (Ver 2)	no-songsterr	E B E E B E capo 1			0	
Mark Kozelek	Ruth Marie (Ver 1)	no-songsterr	Standard capo 7			0	
Mark Kozelek	Salvador Sanchez (Live)	no-songsterr	DADGAD capo 0			0	
Mark Kozelek	Shadows (Ver 1)	no-songsterr	E B E E B E capo 2			0	
Mark Kozelek	Silly Girl	no-songsterr	DADGAD capo 0			0	
Mark Kozelek	Smokey (Acoustic)	MISMATCH	E E B E G# B capo 2	D# G# C# F# A# D#	-3,-10,-12,-12,-12,-10	5	https://www.songsterr.com/a/wsa/x-tab-s5208449
Mark Kozelek	Teenage Riot (Live)	no-songsterr	DADGAD capo 6			0	
Mark Kozelek	Up to my Neck in You (Ver 1)	no-songsterr	D A D D B E capo 2			0	
Mark Kozelek	Up to my Neck in You (Ver 1)	no-songsterr	Open E capo 0			0	
Mark Kozelek	Walk All Over You (Ver 1)	no-songsterr	DADGAD capo 0			0	
Mark Kozelek	Walk All Over You (Ver 2)	no-songsterr	DADGAD capo 0			0	
Mark Kozelek	Whats Next To The Moon (Ver 1)	no-songsterr	Standard capo 0			0	
Mark Kozelek	Wop-a-Din-Din (Live)	no-songsterr	E B E E B E capo 2			0	
Mark Kozelek	You Ain't Got a Hold on Me (Ver 1)	no-songsterr	DADGAD capo 1			0	
Mark Kozelek & Jimmy LaValle	Ceiling Gazing	no-songsterr	C F C E G C capo 0			0	
Mark Kozelek & Jimmy LaValle	Gustavo	no-songsterr	D Standard capo 0			0	
Mark Kozelek & Jimmy LaValle	Somehow The Wonder of Life Prevails	no-songsterr	D A D F A D capo 0			0	
Neil Young	4-way Street Medley	no-songsterr	Double Drop D capo 0			0	
Neil Young	A Dream That Can Last	no-songsterr	Standard capo 0			0	
Neil Young	Act of Love	match	Standard	E A D G B E	0,0,0,0,0,0	345	https://www.songsterr.com/a/wsa/x-tab-s438737
Neil Young	After Berlin	no-songsterr	Double Drop D capo 0			0	
Neil Young	After The Garden	match	Standard	E A D G B E	0,0,0,0,0,0	0	https://www.songsterr.com/a/wsa/x-tab-s229526
Neil Young	After The Goldrush	no-songsterr	Standard capo 0			0	
Neil Young	Amber Jean	no-songsterr	Standard capo 0			0	
Neil Young	American Dream	no-songsterr	Standard capo 0			0	
Neil Young	Are You Passionate?	match	Standard	E A D G B E	0,0,0,0,0,0	5	https://www.songsterr.com/a/wsa/x-tab-s229719
Neil Young	Around The World	no-songsterr	Standard capo 0			0	
Neil Young	Bad News Beat	no-songsterr	Standard capo 0			0	
Neil Young	Bad News	no-songsterr	Standard capo 0			0	
Neil Young	Bandit	no-songsterr	A# F A# D# G A# capo 0			0	
Neil Young	Barefoot Floors	no-songsterr	Standard capo 0			0	
Neil Young	Be The Rain	match	Standard	E A D G B E	0,0,0,0,0,0	52	https://www.songsterr.com/a/wsa/x-tab-s70223
Neil Young	Be With You	match	Standard	E A D G B E	0,0,0,0,0,0	1	https://www.songsterr.com/a/wsa/x-tab-s21724
Neil Young	Better Than Silver and Gold	no-songsterr	Standard capo 0			0	
Neil Young	Big Green Country	match	Standard	E A D G B E	0,0,0,0,0,0	5	https://www.songsterr.com/a/wsa/x-tab-s2723036
Neil Young	Big Time	no-songsterr	Standard capo 0			0	
Neil Young	Bite The Bullet	no-songsterr	Standard capo 0			0	
Neil Young	Born To Run	no-songsterr	Standard capo 0			0	
Neil Young	Box Car	no-songsterr	Standard capo 0			0	
Neil Young	Bringin' Down Dinner	no-songsterr	Standard capo 0			0	
Neil Young	California Sunset	no-songsterr	D Standard capo 0			0	
Neil Young	Changin' Highways	no-songsterr	Standard capo 0			0	
Neil Young	Citizen Kane Jr. Blues	no-songsterr	Standard capo 0			0	
Neil Young	Coast Highway	no-songsterr	Standard capo 0			0	
Neil Young	Coastline	no-songsterr	Standard capo 0			0	
Neil Young	Cocaine Eyes	match	Standard	E A D G B E	0,0,0,0,0,0	23	https://www.songsterr.com/a/wsa/x-tab-s59635
Neil Young	Come On Baby Let's Go Downtown	match	Standard	E A D G B E	0,0,0,0,0,0	77	https://www.songsterr.com/a/wsa/x-tab-s229603
Neil Young	Comin' Apart At Every Nail	no-songsterr	Standard capo 0			0	
Neil Young	Computer Age	no-songsterr	Standard capo 0			0	
Neil Young	Computer Cowboy (aka Syscrusher)	no-songsterr	Standard capo 0			0	
Neil Young	Country Girl (medley)	no-songsterr	D Standard capo 0			0	
Neil Young	Coupe De Ville	match	Standard	E A D G B E	0,0,0,0,0,0	20	https://www.songsterr.com/a/wsa/x-tab-s229653
Neil Young	Crime In The City (Sixty To Zero Part 1)	no-songsterr	D Standard capo 0			0	
Neil Young	Cryin' Eyes	no-songsterr	Standard capo 0			0	
Neil Young	Daddy Went Walkin'	no-songsterr	Drop D capo 0			0	
Neil Young	Danger Bird	no-songsterr	Standard capo 0			0	
Neil Young	Depression Blues	no-songsterr	Standard capo 0			0	
Neil Young	Differently	no-songsterr	Standard capo 0			0	
Neil Young	Distant Camera	no-songsterr	Standard capo 0			0	
Neil Young	Don't Be Denied	MISMATCH	D Standard	E A D G B E	2,2,2,2,2,2	47	https://www.songsterr.com/a/wsa/x-tab-s229628
Neil Young	Don't Cry No Tears	match	Standard	E A D G B E	0,0,0,0,0,0	2423	https://www.songsterr.com/a/wsa/x-tab-s229608
Neil Young	Don't Cry	no-songsterr	Standard capo 0			0	
Neil Young	Don't Let It Bring You Down	match	C G C F A C	C G C F A C	0,0,0,0,0,0	9952	https://www.songsterr.com/a/wsa/x-tab-s21913
Neil Young	Don't Pity Me Babe	no-songsterr	Standard capo 0			0	
Neil Young	Don't Say You Love Me	no-songsterr	Standard capo 0			0	
Neil Young	Don't Say You Win, Don't Say You Lose	no-songsterr	Standard capo 0			0	
Neil Young	Don't Spook The Horse	no-songsterr	Standard capo 0			0	
Neil Young	Double Eagle	no-songsterr	Double Drop D capo 0			0	
Neil Young	Downtown	match	Standard	E A D G B E	0,0,0,0,0,0	776	https://www.songsterr.com/a/wsa/x-tab-s48336
Neil Young	Dream Machine	no-songsterr	Double Drop D capo 0			0	
Neil Young	Drive Back	no-songsterr	Standard capo 0			0	
Neil Young	Driveby	no-songsterr	Standard capo 0			0	
Neil Young	Evening Coconut	no-songsterr	Standard capo 0			0	
Neil Young	Everybody's Alone	match	Standard	E A D G B E	0,0,0,0,0,0	35	https://www.songsterr.com/a/wsa/x-tab-s229661
Neil Young	Everybody's Rockin'	no-songsterr	Standard capo 0			0	
Neil Young	Extra, Extra	no-songsterr	Standard capo 0			0	
Neil Young	Fallen Angel	no-songsterr	Standard capo 0			0	
Neil Young	Falling From Above	no-songsterr	Standard capo 0			0	
Neil Young	Falling Off The Face Of The Earth	no-songsterr	Standard capo 0			0	
Neil Young	Families	no-songsterr	Standard capo 0			0	
Neil Young	Far From Home	no-songsterr	Standard capo 0			0	
Neil Young	Feel Your Love	no-songsterr	D Standard capo 0			0	
Neil Young	Fingers	no-songsterr	Standard capo 0			0	
Neil Young	Flying On The Ground (Is Wrong)	no-songsterr	Standard capo 0			0	
Neil Young	Fonda Wanda	no-songsterr	Standard capo 0			0	
Neil Young	Fontainebleau	no-songsterr	Standard capo 0			0	
Neil Young	Gateway Of Love	no-songsterr	Standard capo 0			0	
Neil Young	Get Back On It	no-songsterr	Standard capo 0			0	
Neil Young	Get Gone	no-songsterr	Standard capo 0			0	
Neil Young	God's Perfect Plan	no-songsterr	Standard capo 0			0	
Neil Young	Goin' Home	no-songsterr	Standard capo 0			0	
Neil Young	Grandpa's Interview	no-songsterr	Double Drop D capo 0			0	
Neil Young	Great Divide	no-songsterr	D Standard capo 0			0	
Neil Young	Grey Riders	no-songsterr	Standard capo 0			0	
Neil Young	Guilty Train	no-songsterr	Standard capo 0			0	
Neil Young	Hawks & Doves	no-songsterr	Standard capo 0			0	
Neil Young	He Was The King	no-songsterr	Standard capo 0			0	
Neil Young	Heavy Love	no-songsterr	Standard capo 0			0	
Neil Young	Hello Mr. Soul	no-songsterr	Standard capo 0			0	
Neil Young	Helpless	no-songsterr	Standard capo 0			0	
Neil Young	Here We Are In The Years	match	Standard	E A D G B E	0,0,0,0,0,0	0	https://www.songsterr.com/a/wsa/x-tab-s229590
Neil Young	Highway of Our Love	no-songsterr	Standard capo 0			0	
Neil Young	Hillbilly Band	no-songsterr	Standard capo 0			0	
Neil Young	Hippie Dream	MISMATCH	Standard	D A D G B E	-2,0,0,0,0,0	6	https://www.songsterr.com/a/wsa/x-tab-s1743026
Neil Young	Hold Back The Tears	no-songsterr	D Standard capo 0			0	
Neil Young	Hold You In My Arms	no-songsterr	Standard capo 0			0	
Neil Young	Homefires	match	Standard	E A D G B E	0,0,0,0,0,0	23	https://www.songsterr.com/a/wsa/x-tab-s229711
Neil Young	Homegrown	no-songsterr	Drop D capo 0			0	
Neil Young	Horseshoe Man	no-songsterr	Standard capo 0			0	
Neil Young	I Ain't Got The Blues	no-songsterr	Standard capo 0			0	
Neil Young	I Got A Problem	no-songsterr	Standard capo 0			0	
Neil Young	I'm The Ocean	match	Standard	E A D G B E	0,0,0,0,0,0	396	https://www.songsterr.com/a/wsa/x-tab-s393412
Neil Young	I've Been Waiting For You	match	Standard	E A D G B E	0,0,0,0,0,0	6	https://www.songsterr.com/a/wsa/x-tab-s229533
Neil Young	I've Loved Her So Long	no-songsterr	Standard capo 0			0	
Neil Young	I Wonder Why	no-songsterr	Standard capo 0			0	
Neil Young	If I Could Have Her Tonight	no-songsterr	Standard capo 0			0	
Neil Young	In Tune With You	no-songsterr	Standard capo 0			0	
Neil Young	Inca Queen	no-songsterr	Double Drop D capo 0			0	
Neil Young	Interstate	no-songsterr	D Standard capo 0			0	
Neil Young	It Might Have Been	match	Standard	E A D G B E	0,0,0,0,0,0	0	https://www.songsterr.com/a/wsa/x-tab-s1112074
Neil Young	It's A Dream	match	Standard	E A D G B E	0,0,0,0,0,0	1	https://www.songsterr.com/a/wsa/x-tab-s229509
Neil Young	Kansas	no-songsterr	Standard capo 0			0	
Neil Young	Keep On Rockin' In The Free World	match	Standard	E A D G B E	0,0,0,0,0,0	59803	https://www.songsterr.com/a/wsa/x-tab-s20583
Neil Young	L.A.	MISMATCH	D Standard	E A D G B E	2,2,2,2,2,2	12	https://www.songsterr.com/a/wsa/x-tab-s229588
Neil Young	Last Dance	match	Standard	E A D G B E	0,0,0,0,0,0	5	https://www.songsterr.com/a/wsa/x-tab-s2061456
Neil Young	Leavin' The Top 40 Behind	no-songsterr	Standard capo 0			0	
Neil Young	Let It Shine	match	Standard	E A D G B E	0,0,0,0,0,0	1468	https://www.songsterr.com/a/wsa/x-tab-s59652
Neil Young	Let's Roll	MISMATCH	A C C B A A	E A D G B E	7,9,2,-4,-10,-17	5	https://www.songsterr.com/a/wsa/x-tab-s21023
Neil Young	Life In The City	no-songsterr	Standard capo 0			0	
Neil Young	Little Thing Called Love	match	Standard	E A D G B E	0,0,0,0,0,0	0	https://www.songsterr.com/a/wsa/x-tab-s3530990
Neil Young	Long Walk Home	no-songsterr	D Standard capo 0			0	
Neil Young	Loose Change	no-songsterr	Standard capo 0			0	
Neil Young	Love Art Blues	no-songsterr	Standard capo 0			0	
Neil Young	Married Man	no-songsterr	Standard capo 0			0	
Neil Young	Mideast Vacation	no-songsterr	Standard capo 0			0	
Neil Young	Midnight On The Bay	match	Standard	E A D G B E	0,0,0,0,0,0	14	https://www.songsterr.com/a/wsa/x-tab-s4352237
Neil Young	Misfits	no-songsterr	Standard capo 0			0	
Neil Young	Mother Earth (Natural Anthem)	no-songsterr	Standard capo 0			0	
Neil Young	Motor City	no-songsterr	Standard capo 0			0	
Neil Young	Mr.Disappointment	no-songsterr	Standard capo 0			0	
Neil Young	Music Arcade	no-songsterr	Standard capo 0			0	
Neil Young	My Boy	no-songsterr	Standard capo 0			0	
Neil Young	Name Of Love	no-songsterr	D Standard capo 0			0	
Neil Young	New Mama	MISMATCH	Open D	D A D G B E	0,0,0,1,2,2	238	https://www.songsterr.com/a/wsa/x-tab-s229550
Neil Young	No More	MISMATCH	Double Drop D	E A D G B E	2,0,0,0,0,2	26	https://www.songsterr.com/a/wsa/x-tab-s229734
Neil Young	No Wonder	MISMATCH	Double Drop D	D A D G B E	0,0,0,0,0,2	0	https://www.songsterr.com/a/wsa/x-tab-s229717
Neil Young	Nowadays Clancy Can't Even Sing	no-songsterr	Standard capo 0			0	
Neil Young	Old Ways	no-songsterr	D Standard capo 0			0	
Neil Young	Once An Angel	no-songsterr	Standard capo 0			0	
Neil Young	One More Sign	no-songsterr	Standard capo 0			0	
Neil Young	One Thing	no-songsterr	Standard capo 0			0	
Neil Young	Open Road	no-songsterr	Standard capo 0			0	
Neil Young	Opera Star	no-songsterr	Standard capo 0			0	
Neil Young	Ordinary People	no-songsterr	Standard capo 0			0	
Neil Young	Out of Control	no-songsterr	Standard capo 0			0	
Neil Young	Out Of My Mind	no-songsterr	Standard capo 0			0	
Neil Young	Peace And Love	no-songsterr	Standard capo 0			0	
Neil Young	People On The Street	no-songsterr	Standard capo 0			0	
Neil Young	Pictures In My Mind	no-songsterr	Standard capo 0			0	
Neil Young	Prairie Wind	no-songsterr	Standard capo 0			0	
Neil Young	Pressure	no-songsterr	Standard capo 0			0	
Neil Young	Prime of Life	MISMATCH	Drop D	E A D G B E	2,0,0,0,0,0	0	https://www.songsterr.com/a/wsa/x-tab-s229669
Neil Young	Prisoners Of Rock 'n' Roll	no-songsterr	Standard capo 0			0	
Neil Young	Queen Of The Mall	no-songsterr	Standard capo 2			0	
Neil Young	Railroad Town	no-songsterr	D Standard capo 0			0	
Neil Young	Rainin' In Paradise	no-songsterr	Standard capo 0			0	
Neil Young	Rapid Transit	no-songsterr	Standard capo 0			0	
Neil Young	Ride My Llama	MISMATCH	Double Drop D	E A D G B E	2,0,0,0,0,2	86	https://www.songsterr.com/a/wsa/x-tab-s229733
Neil Young	Roll Another Number (For The Road)	no-songsterr	Standard capo 0			0	
Neil Young	Round & Round (It Won't Be Long)	no-songsterr	Standard capo 0			0	
Neil Young	Run Around Babe	no-songsterr	Standard capo 0			0	
Neil Young	Saddle Up The Palomino	no-songsterr	Standard capo 0			0	
Neil Young	Saturday Night	no-songsterr	Standard capo 0			0	
Neil Young	Scattered (Let's Think About Livin')	no-songsterr	Standard capo 0			0	
Neil Young	Scenery	no-songsterr	Standard capo 0			0	
Neil Young	Sea Of Madness	no-songsterr	Standard capo 0			0	
Neil Young	Sedan Delivery	no-songsterr	Standard capo 0			0	
Neil Young	Shots	no-songsterr	Standard capo 0			0	
Neil Young	Sleeps With Angels	no-songsterr	Standard capo 0			0	
Neil Young	Slip Away	no-songsterr	Standard capo 0			0	
Neil Young	So Tired	no-songsterr	Standard capo 0			0	
Neil Young	Soldier	no-songsterr	Standard capo 0			0	
Neil Young	Someday	no-songsterr	D A C F A D capo 0			0	
Neil Young	Song X	match	Standard	E A D G B E	0,0,0,0,0,0	69	https://www.songsterr.com/a/wsa/x-tab-s229744
Neil Young	Southern Pacific	no-songsterr	Standard capo 0			0	
Neil Young	Stayin' Power	no-songsterr	Standard capo 0			0	
Neil Young	Stupid Girl	no-songsterr	Standard capo 0			0	
Neil Young	Such A Woman	no-songsterr	Standard capo 0			0	
Neil Young	Sun Green	no-songsterr	Standard capo 0			0	
Neil Young	Sunny Inside	no-songsterr	Standard capo 0			0	
Neil Young	Surfer Joe And Moe The Sleaze	no-songsterr	Standard capo 0			0	
Neil Young	T-bone	MISMATCH	Standard	D A D G B D	-2,0,0,0,0,-2	17	https://www.songsterr.com/a/wsa/x-tab-s423491
Neil Young	Ten Men Workin'	no-songsterr	Standard capo 0			0	
Neil Young	The Big Room	no-songsterr	Standard capo 0			0	
Neil Young	The Bridge	no-songsterr	Standard capo 0			0	
Neil Young	The Emperor of Wyoming	match	Standard	E A D G B E	0,0,0,0,0,0	29	https://www.songsterr.com/a/wsa/x-tab-s1814812
Neil Young	The Farm Aid Song	no-songsterr	Standard capo 0			0	
Neil Young	The Old Country Waltz	match	Standard	E A D G B E	0,0,0,0,0,0	48	https://www.songsterr.com/a/wsa/x-tab-s229528
Neil Young	The Old Homestead	match	Drop D	D A D G B E	0,0,0,0,0,0	13	https://www.songsterr.com/a/wsa/x-tab-s229660
Neil Young	The Painter	no-songsterr	Standard capo 0			0	
Neil Young	The Rent Is Always Due	no-songsterr	Standard capo 0			0	
Neil Young	The Ways Of Love	no-songsterr	Drop D capo 0			0	
Neil Young	There Goes My Babe	no-songsterr	Standard capo 0			0	
Neil Young	There's A World	no-songsterr	Standard capo 0			0	
Neil Young	This Note's For You	match	Standard	E A D G B E	0,0,0,0,0,0	127	https://www.songsterr.com/a/wsa/x-tab-s3884046
Neil Young	This Town	no-songsterr	Standard capo 0			0	
Neil Young	Tonight's The Night	MISMATCH	Drop D	E A D G B E	2,0,0,0,0,0	28	https://www.songsterr.com/a/wsa/x-tab-s229589
Neil Young	Too Lonely	no-songsterr	Standard capo 0			0	
Neil Young	Touch The Night	no-songsterr	Standard capo 0			0	
Neil Young	Traces	no-songsterr	Standard capo 0			0	
Neil Young	Transformer Man	no-songsterr	Standard capo 0			0	
Neil Young	Truth Be Known	match	Standard	E A D G B E	0,0,0,0,0,0	0	https://www.songsterr.com/a/wsa/x-tab-s229739
Neil Young	Turbine	no-songsterr	Standard capo 0			0	
Neil Young	Twilight	no-songsterr	Standard capo 0			0	
Neil Young	Two Old Friends	match	Standard	E A D G B E	0,0,0,0,0,0	17	https://www.songsterr.com/a/wsa/x-tab-s21753
Neil Young	Union Man	no-songsterr	Standard capo 0			0	
Neil Young	Walking After Midnight	no-songsterr	Standard capo 0			0	
Neil Young	War Of Man	match	Double Drop D	D A D G B D	0,0,0,0,0,0	418	https://www.songsterr.com/a/wsa/x-tab-s23887
Neil Young	War Song	no-songsterr	Standard capo 0			0	
Neil Young	We Never Danced	no-songsterr	Standard capo 0			0	
Neil Young	Weight Of The World	no-songsterr	Standard capo 0			0	
Neil Young	Welfare Mothers	no-songsterr	Standard capo 0			0	
Neil Young	Western Hero	no-songsterr	D Standard capo 0			0	
Neil Young	What Did You Do To My Life?	no-songsterr	Standard capo 0			0	
Neil Young	What Happened Yesterday	no-songsterr	Standard capo 0			0	
Neil Young	When Your Lonely Heart Breaks	no-songsterr	Standard capo 0			0	
Neil Young	Will To Love	no-songsterr	Standard capo 0			0	
Neil Young	Wrecking Ball	no-songsterr	Standard capo 0			0	
Neil Young	Yonder Stands The Sinner	no-songsterr	Standard capo 0			0	
Neil Young	You're My Girl	no-songsterr	Standard capo 0			0	
Neil Young	A Man Needs A Maid	MISMATCH	Standard	D A D G B E	-2,0,0,0,0,0	1359	https://www.songsterr.com/a/wsa/x-tab-s20581
Neil Young	After The Gold Rush	match	Standard	E A D G B E	0,0,0,0,0,0	1091	https://www.songsterr.com/a/wsa/x-tab-s408137
Neil Young	Alabama	match	Standard	E A D G B E	0,0,0,0,0,0	3210	https://www.songsterr.com/a/wsa/x-tab-s21922
Neil Young	Albuquerque	MISMATCH	Drop D	E A D G B E	2,0,0,0,0,0	33	https://www.songsterr.com/a/wsa/x-tab-s229516
Neil Young	Already One	no-songsterr	Drop D capo 0			0	
Neil Young	Ambulance Blues	match	D Standard	D G C F A D	0,0,0,0,0,0	28	https://www.songsterr.com/a/wsa/x-tab-s229567
Neil Young	Are You Ready For The Country	match	Standard	E A D G B E	0,0,0,0,0,0	158	https://www.songsterr.com/a/wsa/x-tab-s443883
Neil Young	Bad Fog Of Loneliness	no-songsterr	Standard capo 0			0	
Neil Young	Barstool Blues	match	Standard	E A D G B E	0,0,0,0,0,0	278	https://www.songsterr.com/a/wsa/x-tab-s229543
Neil Young	Beautiful Bluebird	no-songsterr	Standard capo 0			0	
Neil Young	Birds	no-songsterr	Standard capo 0			0	
Neil Young	Borrowed Tune	no-songsterr	Standard capo 0			0	
Neil Young	Bound For Glory	match	Standard	E A D G B E	0,0,0,0,0,0	2	https://www.songsterr.com/a/wsa/x-tab-s229541
Neil Young	Broken Arrow	match	Standard	E A D G B E	0,0,0,0,0,0	97	https://www.songsterr.com/a/wsa/x-tab-s457383
Neil Young	Buffalo Springfield Again	no-songsterr	G C G G C G capo 0			0	
Neil Young	Burned	match	Standard	E A D G B E	0,0,0,0,0,0	5	https://www.songsterr.com/a/wsa/x-tab-s457379
Neil Young	Campaigner	no-songsterr	Standard capo 0			0	
Neil Young	Captain Kennedy	MISMATCH	Double Drop D capo 3	D A D G B D	-3,-3,-3,-3,-3,-3	209	https://www.songsterr.com/a/wsa/x-tab-s423487
Neil Young	Change Your Mind	match	Standard	E A D G B E	0,0,0,0,0,0	159	https://www.songsterr.com/a/wsa/x-tab-s229578
Neil Young	Cinnamon Girl	match	Double Drop D	D A D G B D	0,0,0,0,0,0	35418	https://www.songsterr.com/a/wsa/x-tab-s21782
Neil Young	Come On Baby Lets Go Downtown	match	Standard	E A D G B E	0,0,0,0,0,0	77	https://www.songsterr.com/a/wsa/x-tab-s229603
Neil Young	Comes A Time	match	Standard	E A D G B E	0,0,0,0,0,0	1311	https://www.songsterr.com/a/wsa/x-tab-s423492
Neil Young	Cortez The Killer	match	Double Drop D	D A D G B D	0,0,0,0,0,0	16066	https://www.songsterr.com/a/wsa/x-tab-s457423
Neil Young	Country Home	match	Standard	E A D G B E	0,0,0,0,0,0	1707	https://www.songsterr.com/a/wsa/x-tab-s229685
Neil Young	Cowgirl In The Sand	MISMATCH	D Standard	E A D G B E	2,2,2,2,2,2	29497	https://www.songsterr.com/a/wsa/x-tab-s23885
Neil Young	Crazy	no-songsterr	Standard capo 0			0	
Neil Young	Crime In The City	MISMATCH	Standard	D G C F A D	-2,-2,-2,-2,-2,-2	37	https://www.songsterr.com/a/wsa/x-tab-s48333
Neil Young	Cripple Creek Ferry	match	Standard	E A D G B E	0,0,0,0,0,0	313	https://www.songsterr.com/a/wsa/x-tab-s229612
Neil Young	Dance Dance Dance	MISMATCH	D Standard	E A D G B E	2,2,2,2,2,2	103	https://www.songsterr.com/a/wsa/x-tab-s381152
Neil Young	Days That Used To Be	no-songsterr	Standard capo 0			0	
Neil Young	Dead Man	match	Standard	E A D G B E	0,0,0,0,0,0	19071	https://www.songsterr.com/a/wsa/x-tab-s48342
Neil Young	Deep Forbidden Lake	match	D Standard	D G C F A D	0,0,0,0,0,0	191	https://www.songsterr.com/a/wsa/x-tab-s457391
Neil Young	Dont Be Denied	MISMATCH	D Standard	E A D G B E	2,2,2,2,2,2	47	https://www.songsterr.com/a/wsa/x-tab-s229628
Neil Young	Dont Cry No Tears	match	Standard	E A D G B E	0,0,0,0,0,0	2423	https://www.songsterr.com/a/wsa/x-tab-s229608
Neil Young	Dont Let It Bring You Down	match	C G C F A C	C G C F A C	0,0,0,0,0,0	9952	https://www.songsterr.com/a/wsa/x-tab-s21913
Neil Young	Down By The River	MISMATCH	Double Drop D	E A D G B E	2,0,0,0,0,2	12620	https://www.songsterr.com/a/wsa/x-tab-s47427
Neil Young	Dreamin Man	MISMATCH	Double Drop D	E A D G B E	2,0,0,0,0,2	120	https://www.songsterr.com/a/wsa/x-tab-s229630
Neil Young	Eldorado	match	Standard	E A D G B E	0,0,0,0,0,0	1712	https://www.songsterr.com/a/wsa/x-tab-s229712
Neil Young	Everybody Knows This Is Nowhere	match	Standard	E A D G B E	0,0,0,0,0,0	1351	https://www.songsterr.com/a/wsa/x-tab-s424739
Neil Young	Expecting To Fly	match	D Standard	D G C F A D	0,0,0,0,0,0	208	https://www.songsterr.com/a/wsa/x-tab-s457385
Neil Young	Field Of Opportunity	match	Standard	E A D G B E	0,0,0,0,0,0	2	https://www.songsterr.com/a/wsa/x-tab-s896362
Neil Young	For The Turnstiles	MISMATCH	Standard	D G C F A D	-2,-2,-2,-2,-2,-2	235	https://www.songsterr.com/a/wsa/x-tab-s457646
Neil Young	Four Strong Winds	match	Standard	E A D G B E	0,0,0,0,0,0	784	https://www.songsterr.com/a/wsa/x-tab-s229523
Neil Young	From Hank To Hendrix	match	Standard	E A D G B E	0,0,0,0,0,0	57	https://www.songsterr.com/a/wsa/x-tab-s229524
Neil Young	Fuckin Up	MISMATCH	Drop D	E A D G B E	2,0,0,0,0,0	65	https://www.songsterr.com/a/wsa/x-tab-s1329419
Neil Young	Give Me Strength	no-songsterr	Drop D capo 0			0	
Neil Young	Goin Back	MISMATCH	Double Drop D	D A D G B E	0,0,0,0,0,2	260	https://www.songsterr.com/a/wsa/x-tab-s1112073
Neil Young	Good To See You	no-songsterr	Standard capo 0			0	
Neil Young	Hangin On A Limb	MISMATCH	D G C F A A	D G C F A D	0,0,0,0,0,-7	66	https://www.songsterr.com/a/wsa/x-tab-s229656
Neil Young	Harvest Moon	match	Drop D	D A D G B E	0,0,0,0,0,0	23404	https://www.songsterr.com/a/wsa/x-tab-s22684
Neil Young	Harvest	match	Standard	E A D G B E	0,0,0,0,0,0	1201	https://www.songsterr.com/a/wsa/x-tab-s441348
Neil Young	Heart Of Gold	match	Standard	E A D G B E	0,0,0,0,0,0	75240	https://www.songsterr.com/a/wsa/x-tab-s353
Neil Young	Here For You	match	Standard	E A D G B E	0,0,0,0,0,0	5	https://www.songsterr.com/a/wsa/x-tab-s423493
Neil Young	Hey Babe	MISMATCH	Standard	D# G# C# F# A# D#	-1,-1,-1,-1,-1,-1	14	https://www.songsterr.com/a/wsa/x-tab-s721321
Neil Young	Hey Hey My My Into The Black	match	Standard	E A D G B E	0,0,0,0,0,0	25462	https://www.songsterr.com/a/wsa/x-tab-s158
Neil Young	Hitchhiker	no-songsterr	Standard capo 0			0	
Neil Young	Human Highway	match	Standard	E A D G B E	0,0,0,0,0,0	552	https://www.songsterr.com/a/wsa/x-tab-s229510
Neil Young	I Am A Child	match	Standard	E A D G B E	0,0,0,0,0,0	907	https://www.songsterr.com/a/wsa/x-tab-s48330
Neil Young	I Believe In You	MISMATCH	Standard capo 1	E A D G B E	-1,-1,-1,-1,-1,-1	78	https://www.songsterr.com/a/wsa/x-tab-s457422
Neil Young	Im The Ocean	match	Standard	E A D G B E	0,0,0,0,0,0	396	https://www.songsterr.com/a/wsa/x-tab-s393412
Neil Young	Its A Dream	match	Standard	E A D G B E	0,0,0,0,0,0	1	https://www.songsterr.com/a/wsa/x-tab-s229509
Neil Young	Ive Been Waiting For You	match	Standard	E A D G B E	0,0,0,0,0,0	6	https://www.songsterr.com/a/wsa/x-tab-s229533
Neil Young	Journey Through The Past	no-songsterr	Standard capo 0			0	
Neil Young	La	MISMATCH	D Standard	E A D G B E	2,2,2,2,2,2	12	https://www.songsterr.com/a/wsa/x-tab-s229588
Neil Young	Light A Candle	no-songsterr	Standard capo 0			0	
Neil Young	Like A Hurricane	match	Standard	E A D G B E	0,0,0,0,0,0	11249	https://www.songsterr.com/a/wsa/x-tab-s23886
Neil Young	Little Wing	MISMATCH	D Standard capo 1	D G C F A D	-1,-1,-1,-1,-1,-1	2	https://www.songsterr.com/a/wsa/x-tab-s229591
Neil Young	Loner	no-songsterr	Double Drop D capo 0			0	
Neil Young	Long May You Run	MISMATCH	D Standard	E A D G B E	2,2,2,2,2,2	989	https://www.songsterr.com/a/wsa/x-tab-s59482
Neil Young	Look Out For My Love	match	Standard	E A D G B E	0,0,0,0,0,0	591	https://www.songsterr.com/a/wsa/x-tab-s48341
Neil Young	Lookin For A Love	no-songsterr	Standard capo 0			0	
Neil Young	Lookout Joe	match	Standard	E A D G B E	0,0,0,0,0,0	19	https://www.songsterr.com/a/wsa/x-tab-s229682
Neil Young	Lost In Space	match	Standard	E A D G B E	0,0,0,0,0,0	42	https://www.songsterr.com/a/wsa/x-tab-s229629
Neil Young	Lotta Love	match	Standard	E A D G B E	0,0,0,0,0,0	16	https://www.songsterr.com/a/wsa/x-tab-s2561177
Neil Young	Love And Only Love	no-songsterr	Standard capo 0			0	
Neil Young	Love And War	no-songsterr	Standard capo 0			0	
Neil Young	Love In Mind	no-songsterr	Standard capo 0			0	
Neil Young	Love Is A Rose	match	D Standard	D G C F A D	0,0,0,0,0,0	57	https://www.songsterr.com/a/wsa/x-tab-s457390
Neil Young	Mansion On The Hill	no-songsterr	Standard capo 0			0	
Neil Young	Mellow My Mind	match	Standard	E A D G B E	0,0,0,0,0,0	75	https://www.songsterr.com/a/wsa/x-tab-s229645
Neil Young	Motion Pictures For Carrie	no-songsterr	D Standard capo 0			0	
Neil Young	Motorcycle Mama	match	Standard	E A D G B E	0,0,0,0,0,0	71	https://www.songsterr.com/a/wsa/x-tab-s48334
Neil Young	Mr Soul	MISMATCH	Double Drop D	E A D G B E	2,0,0,0,0,2	1925	https://www.songsterr.com/a/wsa/x-tab-s21572
Neil Young	My Heart	no-songsterr	Standard capo 0			0	
Neil Young	My My Hey Hey Out Of The Blue	no-songsterr	D Standard capo 0			0	
Neil Young	Natural Beauty	no-songsterr	Double Drop D capo 0			0	
Neil Young	Oh Lonesome Me	no-songsterr	Standard capo 0			0	
Neil Young	Ohio	MISMATCH	Double Drop D	E A D G B E	2,0,0,0,0,2	10173	https://www.songsterr.com/a/wsa/x-tab-s393752
Neil Young	Old Country Waltz	no-songsterr	Standard capo 0			0	
Neil Young	Old King	MISMATCH	Double Drop D	E A D G B E	2,0,0,0,0,2	3	https://www.songsterr.com/a/wsa/x-tab-s2869394
Neil Young	Old Man	MISMATCH	Open G	E A D G B E	2,2,0,0,0,2	43661	https://www.songsterr.com/a/wsa/x-tab-s20613
Neil Young	On Broadway	no-songsterr	Open A capo 0			0	
Neil Young	On The Beach	MISMATCH	D Standard	E A D G B E	2,2,2,2,2,2	1075	https://www.songsterr.com/a/wsa/x-tab-s229746
Neil Young	On The Way Home	no-songsterr	D Standard capo 0			0	
Neil Young	One Of These Days	MISMATCH	Double Drop D	E A D G B E	2,0,0,0,0,2	52	https://www.songsterr.com/a/wsa/x-tab-s731544
Neil Young	Only Love Can Break Your Heart	match	Standard	E A D G B E	0,0,0,0,0,0	591	https://www.songsterr.com/a/wsa/x-tab-s229614
Neil Young	Out On The Weekend	match	Standard	E A D G B E	0,0,0,0,0,0	3754	https://www.songsterr.com/a/wsa/x-tab-s21433
Neil Young	Over And Over	no-songsterr	Double Drop D capo 0			0	
Neil Young	Painter	no-songsterr	Standard capo 0			0	
Neil Young	Pardon My Heart	no-songsterr	Double Drop D capo 0			0	
Neil Young	Peace Of Mind	no-songsterr	Standard capo 0			0	
Neil Young	Peace Trail	no-songsterr	Standard capo 0			0	
Neil Young	Philadelphia	no-songsterr	Standard capo 1			0	
Neil Young	Pocahontas	MISMATCH	Drop C	E A D G B E	4,2,2,2,2,2	736	https://www.songsterr.com/a/wsa/x-tab-s443844
Neil Young	Powderfinger	MISMATCH	D Standard	E A D G B E	2,2,2,2,2,2	10399	https://www.songsterr.com/a/wsa/x-tab-s423485
Neil Young	Ramada Inn	no-songsterr	Standard capo 0			0	
Neil Young	Razor Love	no-songsterr	Standard capo 0			0	
Neil Young	Red Sun	MISMATCH	D G C F B D	D G C F A D	0,0,0,0,-2,0	0	https://www.songsterr.com/a/wsa/x-tab-s229530
Neil Young	Revolution Blues	MISMATCH	D Standard	E A D G B E	2,2,2,2,2,2	699	https://www.songsterr.com/a/wsa/x-tab-s1314279
Neil Young	Rockin In The Free World	MISMATCH	D Standard	E A D G B E	2,2,2,2,2,2	1253	https://www.songsterr.com/a/wsa/x-tab-s229548
Neil Young	Roll Another Number	MISMATCH	D Standard	E A D G B E	2,2,2,2,2,2	14	https://www.songsterr.com/a/wsa/x-tab-s229599
Neil Young	Round And Round	no-songsterr	D Standard capo 0			0	
Neil Young	Running Dry	no-songsterr	Standard capo 0			0	
Neil Young	Sail Away	match	Standard	E A D G B E	0,0,0,0,0,0	218	https://www.songsterr.com/a/wsa/x-tab-s229735
Neil Young	See The Sky About To Rain	match	Standard	E A D G B E	0,0,0,0,0,0	12	https://www.songsterr.com/a/wsa/x-tab-s229531
Neil Young	Separate Ways	match	Standard	E A D G B E	0,0,0,0,0,0	4	https://www.songsterr.com/a/wsa/x-tab-s3738950
Neil Young	Silver And Gold	no-songsterr	Standard capo 0			0	
Neil Young	Slowpoke	no-songsterr	Standard capo 0			0	
Neil Young	Song Of The Seasons	no-songsterr	Standard capo 0			0	
Neil Young	Southern Man	MISMATCH	D Standard	E A D G B E	2,2,2,2,2,2	6038	https://www.songsterr.com/a/wsa/x-tab-s70241
Neil Young	Star Of Bethlehem	match	Drop D	D A D G B E	0,0,0,0,0,0	69	https://www.songsterr.com/a/wsa/x-tab-s457650
Neil Young	Sugar Mountain	match	D Standard	D G C F A D	0,0,0,0,0,0	2212	https://www.songsterr.com/a/wsa/x-tab-s457386
Neil Young	Tell Me Why	MISMATCH	D Standard	E A D G B E	2,2,2,2,2,2	3560	https://www.songsterr.com/a/wsa/x-tab-s21303
Neil Young	The Last Trip To Tulsa	no-songsterr	D Standard capo 0			0	
Neil Young	The Loner	MISMATCH	Drop D	D A D G B D	0,0,0,0,0,-2	1040	https://www.songsterr.com/a/wsa/x-tab-s21663
Neil Young	The Losing End	no-songsterr	Standard capo 0			0	
Neil Young	The Needle And The Damage Done	match	Standard	E A D G B E	0,0,0,0,0,0	33700	https://www.songsterr.com/a/wsa/x-tab-s18643
Neil Young	The Old Laughing Lady	MISMATCH	Standard	D A D G B D	-2,0,0,0,0,-2	235	https://www.songsterr.com/a/wsa/x-tab-s457963
Neil Young	This Old Guitar	match	Double Drop D	D A D G B D	0,0,0,0,0,0	172	https://www.songsterr.com/a/wsa/x-tab-s423488
Neil Young	This Old House	no-songsterr	Standard capo 0			0	
Neil Young	Thrasher	no-songsterr	Standard capo 2			0	
Neil Young	Through My Sails	no-songsterr	Standard capo 0			0	
Neil Young	Throw Your Hatred Down	match	Standard	E A D G B E	0,0,0,0,0,0	41	https://www.songsterr.com/a/wsa/x-tab-s229697
Neil Young	Till The Morning Comes	no-songsterr	Standard capo 0			0	
Neil Young	Time Fades Away	match	Standard	E A D G B E	0,0,0,0,0,0	4	https://www.songsterr.com/a/wsa/x-tab-s1642692
Neil Young	Tonights The Night	MISMATCH	Drop D	E A D G B E	2,0,0,0,0,0	28	https://www.songsterr.com/a/wsa/x-tab-s229589
Neil Young	Too Far Gone	match	Standard	E A D G B E	0,0,0,0,0,0	33	https://www.songsterr.com/a/wsa/x-tab-s1878749
Neil Young	Unknown Legend	match	Standard	E A D G B E	0,0,0,0,0,0	3187	https://www.songsterr.com/a/wsa/x-tab-s423486
Neil Young	Vampire Blues	match	Standard	E A D G B E	0,0,0,0,0,0	204	https://www.songsterr.com/a/wsa/x-tab-s229584
Neil Young	Walk On	match	Standard	E A D G B E	0,0,0,0,0,0	629	https://www.songsterr.com/a/wsa/x-tab-s48337
Neil Young	Wayfarin Stranger	no-songsterr	Standard capo 0			0	
Neil Young	When God Made Me	no-songsterr	Standard capo 0			0	
Neil Young	When You Dance I Can Really Love	MISMATCH	Double Drop D	E A D G B E	2,0,0,0,0,2	314	https://www.songsterr.com/a/wsa/x-tab-s1027150
Neil Young	White Line	no-songsterr	Standard capo 0			0	
Neil Young	Winterlong	match	Standard	E A D G B E	0,0,0,0,0,0	99	https://www.songsterr.com/a/wsa/x-tab-s394579
Neil Young	Wonderin	match	Standard	E A D G B E	0,0,0,0,0,0	1	https://www.songsterr.com/a/wsa/x-tab-s229655
Neil Young	Words Between The Lines Of Age	match	Standard	E A D G B E	0,0,0,0,0,0	238	https://www.songsterr.com/a/wsa/x-tab-s1805619
Neil Young	Words	match	Standard	E A D G B E	0,0,0,0,0,0	18	https://www.songsterr.com/a/wsa/x-tab-s229672
Neil Young	World On A String	MISMATCH	Drop D	E A D G B E	2,0,0,0,0,0	116	https://www.songsterr.com/a/wsa/x-tab-s3059919
Neil Young	You And Me	MISMATCH	Drop D	E A D G B E	2,0,0,0,0,0	886	https://www.songsterr.com/a/wsa/x-tab-s48331
Nick Drake	All My Trials	no-songsterr	Standard capo 0			0	
Nick Drake	At The Chime Of A City Clock	MISMATCH	Standard	D# G# C# F# A# D#	-1,-1,-1,-1,-1,-1	43	https://www.songsterr.com/a/wsa/x-tab-s230675
Nick Drake	Been Smoking Too Long	MISMATCH	Standard	D G D G B D	-2,-2,0,0,0,-2	92	https://www.songsterr.com/a/wsa/x-tab-s420488
Nick Drake	Bird Flew By	match	Standard	E A D G B E	0,0,0,0,0,0	429	https://www.songsterr.com/a/wsa/x-tab-s48501
Nick Drake	Black Eyed Dog	MISMATCH	E G D G B E	C G D G B D	-4,0,0,0,0,-2	242	https://www.songsterr.com/a/wsa/x-tab-s1539103
Nick Drake	Black Mountain Blues	no-songsterr	Standard capo 0			0	
Nick Drake	Blossom Friend	match	Standard	E A D G B E	0,0,0,0,0,0	434	https://www.songsterr.com/a/wsa/x-tab-s91076
Nick Drake	Blossom	no-songsterr	Standard capo 0			0	
Nick Drake	Blues Run The Game	match	Standard	E A D G B E	0,0,0,0,0,0	435	https://www.songsterr.com/a/wsa/x-tab-s91077
Nick Drake	Bryter Layter	match	Double Drop D	D A D G B D	0,0,0,0,0,0	1610	https://www.songsterr.com/a/wsa/x-tab-s91078
Nick Drake	Cello Song	MISMATCH	Standard	E A D F# B E	0,0,0,-1,0,0	548	https://www.songsterr.com/a/wsa/x-tab-s48497
Nick Drake	Clothes Of Sand	MISMATCH	Standard	E A D G A E	0,0,0,0,-2,0	760	https://www.songsterr.com/a/wsa/x-tab-s48496
Nick Drake	Cocaine Blues	no-songsterr	Standard capo 0			0	
Nick Drake	Come Into The Garden	no-songsterr	Standard capo 0			0	
Nick Drake	Day Is Done	match	Standard	E A D G B E	0,0,0,0,0,0	16453	https://www.songsterr.com/a/wsa/x-tab-s48495
Nick Drake	Dont Think Twice Its Alright	no-songsterr	Standard capo 0			0	
Nick Drake	Far Leys	no-songsterr	DADGAD capo 0			0	
Nick Drake	Fly	MISMATCH	Standard	B E B E B E	-5,-5,-3,-3,0,0	1017	https://www.songsterr.com/a/wsa/x-tab-s48494
Nick Drake	Free Ride	MISMATCH	Standard	A A D E B E	-7,0,0,-3,0,0	687	https://www.songsterr.com/a/wsa/x-tab-s420482
Nick Drake	From The Morning	MISMATCH	Standard	B E B E B E	-5,-5,-3,-3,0,0	10866	https://www.songsterr.com/a/wsa/x-tab-s48500
Nick Drake	Fruit Tree	MISMATCH	Standard	B B D G B E	-5,2,0,0,0,0	4611	https://www.songsterr.com/a/wsa/x-tab-s48499
Nick Drake	Harvest Breed	MISMATCH	Standard	B E B E B E	-5,-5,-3,-3,0,0	503	https://www.songsterr.com/a/wsa/x-tab-s420487
Nick Drake	Hazey Jane I	MISMATCH	Standard	C G C F C E	-4,-2,-2,-2,1,0	4108	https://www.songsterr.com/a/wsa/x-tab-s420477
Nick Drake	Hazey Jane Ii	match	Standard	E A D G B E	0,0,0,0,0,0	8	https://www.songsterr.com/a/wsa/x-tab-s4771759
Nick Drake	Horn	match	Eb Standard	D# G# C# F# A# D#	0,0,0,0,0,0	1291	https://www.songsterr.com/a/wsa/x-tab-s420478
Nick Drake	I Was Made To Love Magic	no-songsterr	Standard capo 0			0	
Nick Drake	Introduction	MISMATCH	Drop D	D A D G D F#	0,0,0,0,3,2	395	https://www.songsterr.com/a/wsa/x-tab-s420489
Nick Drake	Joey	match	Standard	E A D G B E	0,0,0,0,0,0	2136	https://www.songsterr.com/a/wsa/x-tab-s48502
Nick Drake	Know	match	Standard	E A D G B E	0,0,0,0,0,0	156	https://www.songsterr.com/a/wsa/x-tab-s3048129
Nick Drake	Man In A Shed	MISMATCH	Standard	B E B E B E	-5,-5,-3,-3,0,0	2201	https://www.songsterr.com/a/wsa/x-tab-s420480
Nick Drake	Mayfair	match	Standard	E A D G B E	0,0,0,0,0,0	46	https://www.songsterr.com/a/wsa/x-tab-s420481
Nick Drake	Milk And Honey	no-songsterr	Standard capo 0			0	
Nick Drake	Northern Sky	MISMATCH	Standard	B E B E B E	-5,-5,-3,-3,0,0	433	https://www.songsterr.com/a/wsa/x-tab-s420491
Nick Drake	One Of These Things First	MISMATCH	Standard	E B E G# B E	0,2,2,1,0,0	5507	https://www.songsterr.com/a/wsa/x-tab-s420493
Nick Drake	Parasite	MISMATCH	Standard	D A D G A D	-2,0,0,0,-2,-2	3829	https://www.songsterr.com/a/wsa/x-tab-s6255
Nick Drake	Pink Moon	MISMATCH	Standard	C G C F C E	-4,-2,-2,-2,1,0	16026	https://www.songsterr.com/a/wsa/x-tab-s5750
Nick Drake	Place To Be	MISMATCH	Standard	E B E A B E	0,2,2,2,0,0	132	https://www.songsterr.com/a/wsa/x-tab-s4969787
Nick Drake	Poor Boy	no-songsterr	Standard capo 0			0	
Nick Drake	Ride	no-songsterr	C G C F C E capo 0			0	
Nick Drake	River Man	match	Standard	E A D G B E	0,0,0,0,0,0	15469	https://www.songsterr.com/a/wsa/x-tab-s5848
Nick Drake	Road	MISMATCH	Standard	D G D D A D	-2,-2,0,-5,-2,-2	5307	https://www.songsterr.com/a/wsa/x-tab-s420475
Nick Drake	Saturday Sun	match	Standard	E A D G B E	0,0,0,0,0,0	20	https://www.songsterr.com/a/wsa/x-tab-s230679
Nick Drake	Sketch 1	no-songsterr	DADGAD capo 0			0	
Nick Drake	Smoking Too Long	no-songsterr	Standard capo 0			0	
Nick Drake	Strange Meeting Ii	match	Standard	E A D G B E	0,0,0,0,0,0	1041	https://www.songsterr.com/a/wsa/x-tab-s48498
Nick Drake	The Thoughts Of Mary Jane	MISMATCH	Standard	E A D F# B E	0,0,0,-1,0,0	875	https://www.songsterr.com/a/wsa/x-tab-s420485
Nick Drake	Theyre Leaving Me Behind	match	Standard	E A D G B E	0,0,0,0,0,0	458	https://www.songsterr.com/a/wsa/x-tab-s420486
Nick Drake	Things Behind The Sun	match	Standard	E A D G B E	0,0,0,0,0,0	18980	https://www.songsterr.com/a/wsa/x-tab-s6305
Nick Drake	Three Hours	no-songsterr	Standard capo 0			0	
Nick Drake	Time Has Told Me	match	Standard	E A D G B E	0,0,0,0,0,0	237	https://www.songsterr.com/a/wsa/x-tab-s230677
Nick Drake	Time Of No Reply	MISMATCH	D Standard	C F C F C F	-2,-2,0,0,3,3	229	https://www.songsterr.com/a/wsa/x-tab-s420476
Nick Drake	Voice From The Mountain	no-songsterr	Standard capo 0			0	
Nick Drake	Way To Blue	no-songsterr	Standard capo 0			0	
Nick Drake	Which Will	MISMATCH	Standard	B F# B E B D#	-5,-3,-3,-3,0,-1	8393	https://www.songsterr.com/a/wsa/x-tab-s76855
Nick Drake	Winter Is Gone	no-songsterr	Standard capo 0			0	
Nirvana	Heart Shaped Box	match	Drop C#	C# G# C# F# A# D#	0,0,0,0,0,0	370833	https://www.songsterr.com/a/wsa/x-tab-s31
Palace	All Weve Ever Wanted	no-songsterr	Standard capo 0			0	
Palace	Berlin	no-songsterr	Standard capo 0			0	
Palace	Bitter	match	Standard	E A D G B E	0,0,0,0,0,0	466	https://www.songsterr.com/a/wsa/x-tab-s665119
Palace	Blackheath	match	Standard	E A D G B E	0,0,0,0,0,0	106	https://www.songsterr.com/a/wsa/x-tab-s788307
Palace	Bleach	match	Standard	E A D G B E	0,0,0,0,0,0	68	https://www.songsterr.com/a/wsa/x-tab-s665135
Palace	Bones	match	Standard	E A D G B E	0,0,0,0,0,0	0	https://www.songsterr.com/a/wsa/x-tab-s5163556
Palace	Break The Silence	match	Standard	E A D G B E	0,0,0,0,0,0	181	https://www.songsterr.com/a/wsa/x-tab-s665118
Palace	Chase The Light	no-songsterr	Standard capo 0			0	
Palace	Face In The Crowd	match	Standard	E A D G B E	0,0,0,0,0,0	1	https://www.songsterr.com/a/wsa/x-tab-s5847815
Palace	Fade	no-songsterr	Standard capo 0			0	
Palace	Family	match	Standard	E A D G B E	0,0,0,0,0,0	6	https://www.songsterr.com/a/wsa/x-tab-s665124
Palace	Fire In The Sky	match	Standard	E A D G B E	0,0,0,0,0,0	67	https://www.songsterr.com/a/wsa/x-tab-s665125
Palace	Flesh To The Fallen	no-songsterr	Standard capo 0			0	
Palace	Forever Ever After	match	Standard	E A D G B E	0,0,0,0,0,0	0	https://www.songsterr.com/a/wsa/x-tab-s5284802
Palace	Friends Forever	no-songsterr	Standard capo 0			0	
Palace	Give Me The Rain	no-songsterr	Standard capo 0			0	
Palace	Gravity	match	Standard	E A D G B E	0,0,0,0,0,0	34	https://www.songsterr.com/a/wsa/x-tab-s2284331
Palace	Greyhound	match	Standard	E A D G B E	0,0,0,0,0,0	1317	https://www.songsterr.com/a/wsa/x-tab-s943060
Palace	Have Faith	match	Standard	E A D G B E	0,0,0,0,0,0	115	https://www.songsterr.com/a/wsa/x-tab-s665127
Palace	Head Above The Water	match	Standard	E A D G B E	0,0,0,0,0,0	25	https://www.songsterr.com/a/wsa/x-tab-s3528696
Palace	Heaven Up There	match	Standard	E A D G B E	0,0,0,0,0,0	101	https://www.songsterr.com/a/wsa/x-tab-s656289
Palace	Holy Smoke	match	Standard	E A D G B E	0,0,0,0,0,0	265	https://www.songsterr.com/a/wsa/x-tab-s665130
Palace	How Far Weve Come	no-songsterr	Standard capo 0			0	
Palace	I Want What You Got	no-songsterr	Standard capo 0			0	
Palace	Ill Be Fine	match	Standard	E A D G B E	0,0,0,0,0,0	73	https://www.songsterr.com/a/wsa/x-tab-s743077
Palace	Inside My Chest	no-songsterr	Standard capo 0			0	
Palace	Its Over	match	Standard	E A D G B E	0,0,0,0,0,0	5	https://www.songsterr.com/a/wsa/x-tab-s665120
Palace	Kid	match	Standard	E A D G B E	0,0,0,0,0,0	0	https://www.songsterr.com/a/wsa/x-tab-s5225390
Palace	Killer Whale	match	Standard	E A D G B E	0,0,0,0,0,0	10	https://www.songsterr.com/a/wsa/x-tab-s4624975
Palace	Kiloran	match	Standard	E A D G B E	0,0,0,0,0,0	3278	https://www.songsterr.com/a/wsa/x-tab-s2284116
Palace	Live Well	match	Standard	E A D G B E	0,0,0,0,0,0	1740	https://www.songsterr.com/a/wsa/x-tab-s665123
Palace	Lost In The Night	no-songsterr	Standard capo 0			0	
Palace	Lover Dont Let Me Down	match	Standard	E A D G B E	0,0,0,0,0,0	199	https://www.songsterr.com/a/wsa/x-tab-s1039953
Palace	Make You Proud	match	Standard	E A D G B E	0,0,0,0,0,0	61	https://www.songsterr.com/a/wsa/x-tab-s3388748
Palace	Martyr	match	Standard	E A D G B E	0,0,0,0,0,0	24	https://www.songsterr.com/a/wsa/x-tab-s3620163
Palace	Never Said It Was Easy	no-songsterr	Standard capo 0			0	
Palace	Nightmares And Ice Cream	match	Standard	E A D G B E	0,0,0,0,0,0	23	https://www.songsterr.com/a/wsa/x-tab-s665141
Palace	No Other	match	Standard	E A D G B E	0,0,0,0,0,0	2	https://www.songsterr.com/a/wsa/x-tab-s4596377
Palace	Ocean Deep	no-songsterr	Standard capo 0			0	
Palace	Rabid Dog	no-songsterr	Standard capo 0			0	
Palace	Running Wild	match	Standard	E A D G B E	0,0,0,0,0,0	1	https://www.songsterr.com/a/wsa/x-tab-s5369690
Palace	Say The Words	no-songsterr	Standard capo 0			0	
Palace	Settle Down	match	Standard	E A D G B E	0,0,0,0,0,0	0	https://www.songsterr.com/a/wsa/x-tab-s5057110
Palace	Shame On You	no-songsterr	Standard capo 0			0	
Palace	Shoals	no-songsterr	Standard capo 0			0	
Palace	Slaving On	match	Standard	E A D G B E	0,0,0,0,0,0	16	https://www.songsterr.com/a/wsa/x-tab-s665132
Palace	Sleeper	no-songsterr	Standard capo 0			0	
Palace	So Long Forever	match	Standard	E A D G B E	0,0,0,0,0,0	154	https://www.songsterr.com/a/wsa/x-tab-s665128
Palace	Someday Somewhere	no-songsterr	Standard capo 0			0	
Palace	Son	no-songsterr	Open G capo 0			0	
Palace	Tomahawk	no-songsterr	Standard capo 0			0	
Palace	Trouble On The Water	match	Standard	E A D G B E	0,0,0,0,0,0	2	https://www.songsterr.com/a/wsa/x-tab-s4434665
Palace	Veins	match	Standard	E A D G B E	0,0,0,0,0,0	155	https://www.songsterr.com/a/wsa/x-tab-s1754983
Palace	When Everything Was Lost	match	Standard	E A D G B E	0,0,0,0,0,0	0	https://www.songsterr.com/a/wsa/x-tab-s3142139
Palace	Where Sky Becomes Sea	no-songsterr	Standard capo 0			0	
Palace	You	no-songsterr	Standard capo 0			0	
Palace	Younger	no-songsterr	Standard capo 0			0	
Palace Brothers	I Am A Cinematographer	no-songsterr	Standard capo 0			0	
Palace Brothers	Merida	no-songsterr	Standard capo 0			0	
Palace Brothers	Pushkin	no-songsterr	Standard capo 0			0	
Palace Brothers	Thou Without Partner	no-songsterr	Standard capo 0			0	
Palace Brothers	You Will Miss Me When I Burn	no-songsterr	D Standard capo 0			0	
Palace Music	Christmastime In The Mountains	no-songsterr	Standard capo 0			0	
Palace Music	Gulf Shores	no-songsterr	Standard capo 0			0	
Palace Music	New Partner	no-songsterr	Standard capo 0			0	
Palace Music	Ohio River Boat Song	no-songsterr	Standard capo 0			0	
Palace Music	Old Jerusalem	no-songsterr	Standard capo 0			0	
Palace Music	The Weaker Soldier	no-songsterr	Standard capo 0			0	
Palace Music	Trudy Dies	no-songsterr	Standard capo 0			0	
Palace Music	Valentines Day	no-songsterr	Standard capo 0			0	
Palace Music	We All Us Three Will Ride	no-songsterr	Standard capo 0			0	
Palace Music	West Palm Beach	no-songsterr	Standard capo 0			0	
Paul McCartney	A Certain Softness	match	Standard	E A D G B E	0,0,0,0,0,0	1	https://www.songsterr.com/a/wsa/x-tab-s4970526
Paul McCartney	About You	no-songsterr	Standard capo 0			0	
Paul McCartney	After The Ball / Million Miles	no-songsterr	Standard capo 0			0	
Paul McCartney	Ain't No Sunshine	no-songsterr	Standard capo 0			0	
Paul McCartney	All My Loving	no-songsterr	Standard capo 0			0	
Paul McCartney	All Shook Up	match	Standard	E A D G B E	0,0,0,0,0,0	93	https://www.songsterr.com/a/wsa/x-tab-s234370
Paul McCartney	And I Love Her	match	Standard	E A D G B E	0,0,0,0,0,0	1190	https://www.songsterr.com/a/wsa/x-tab-s382391
Paul McCartney	Angry	match	Standard	E A D G B E	0,0,0,0,0,0	0	https://www.songsterr.com/a/wsa/x-tab-s234423
Paul McCartney	Another Day	match	Standard	E A D G B E	0,0,0,0,0,0	683	https://www.songsterr.com/a/wsa/x-tab-s382584
Paul McCartney	Anyway	match	Standard	E A D G B E	0,0,0,0,0,0	0	https://www.songsterr.com/a/wsa/x-tab-s234401
Paul McCartney	Arrow Through Me	no-songsterr	Standard capo 0			0	
Paul McCartney	At The Mercy	match	Standard	E A D G B E	0,0,0,0,0,0	0	https://www.songsterr.com/a/wsa/x-tab-s234396
Paul McCartney	Attention [written for ringo starr]	no-songsterr	Standard capo 0			0	
Paul McCartney	Average Person	no-songsterr	Standard capo 0			0	
Paul McCartney	Baby's Request	no-songsterr	Standard capo 0			0	
Paul McCartney	Back In The Sunshine Again	no-songsterr	Standard capo 0			0	
Paul McCartney	Back In The USSR	no-songsterr	Standard capo 0			0	
Paul McCartney	Backwards Traveller	no-songsterr	Standard capo 0			0	
Paul McCartney	Ballad Of The Skeletons [with allen ginsberg]	no-songsterr	Standard capo 0			0	
Paul McCartney	Ballroom Dancing	match	Standard	E A D G B E	0,0,0,0,0,0	4	https://www.songsterr.com/a/wsa/x-tab-s234568
Paul McCartney	Band On The Run	no-songsterr	Standard capo 0			0	
Paul McCartney	Be-Bop-A-Lula	no-songsterr	Standard capo 0			0	
Paul McCartney	Be What You See (Link)	match	Standard	E A D G B E	0,0,0,0,0,0	0	https://www.songsterr.com/a/wsa/x-tab-s5668969
Paul McCartney	Beautiful Night	match	Standard	E A D G B E	0,0,0,0,0,0	16	https://www.songsterr.com/a/wsa/x-tab-s234361
Paul McCartney	Beware My Love	no-songsterr	Standard capo 0			0	
Paul McCartney	Big Barn Bed	no-songsterr	Standard capo 0			0	
Paul McCartney	Big Boys Bickering [b-side to hope of deliverance]	no-songsterr	Standard capo 0			0	
Paul McCartney	Biker Like An Icon	match	Standard	E A D G B E	0,0,0,0,0,0	23	https://www.songsterr.com/a/wsa/x-tab-s234503
Paul McCartney	Bip Bop [wingspan]	no-songsterr	Standard capo 0			0	
Paul McCartney	Bip Bop	no-songsterr	Standard capo 0			0	
Paul McCartney	Blackbird	no-songsterr	Standard capo 0			0	
Paul McCartney	Blue Jean Bop	no-songsterr	Standard capo 0			0	
Paul McCartney	Blue Moon Of Kentucky	no-songsterr	Standard capo 0			0	
Paul McCartney	Bluebird	match	Standard	E A D G B E	0,0,0,0,0,0	21	https://www.songsterr.com/a/wsa/x-tab-s234381
Paul McCartney	Bogey Music	match	Standard	E A D G B E	0,0,0,0,0,0	9	https://www.songsterr.com/a/wsa/x-tab-s234511
Paul McCartney	Bridge On The River Suite [b-side to walking in the park with eloise]	no-songsterr	Standard capo 0			0	
Paul McCartney	Bring It On Home To Me	match	Standard	E A D G B E	0,0,0,0,0,0	8	https://www.songsterr.com/a/wsa/x-tab-s234522
Paul McCartney	Broomstick [b-side to young boy]	no-songsterr	Standard capo 0			0	
Paul McCartney	Brown Eyed Handsome Man	match	Standard	E A D G B E	0,0,0,0,0,0	0	https://www.songsterr.com/a/wsa/x-tab-s234438
Paul McCartney	C'mon People	no-songsterr	Standard capo 0			0	
Paul McCartney	C Moon [b-side to hi hi hi]	no-songsterr	Standard capo 0			0	
Paul McCartney	Cafe On The Left Bank	no-songsterr	Standard capo 0			0	
Paul McCartney	Calico Skies	MISMATCH	Eb Standard	C# G# C# F# A# D#	-2,0,0,0,0,0	1806	https://www.songsterr.com/a/wsa/x-tab-s234554
Paul McCartney	Call Me Back Again	no-songsterr	Standard capo 0			0	
Paul McCartney	Can't Buy Me Love	no-songsterr	Standard capo 0			0	
Paul McCartney	Carry That Weight	no-songsterr	Standard capo 0			0	
Paul McCartney	Celebration [from standing stone]	no-songsterr	Standard capo 0			0	
Paul McCartney	Coming Up	MISMATCH	Standard	D# G# C# F# A# D#	-1,-1,-1,-1,-1,-1	1473	https://www.songsterr.com/a/wsa/x-tab-s651672
Paul McCartney	Coquette	match	Standard	E A D G B E	0,0,0,0,0,0	0	https://www.songsterr.com/a/wsa/x-tab-s234580
Paul McCartney	Country Dreamer [b-side to helen wheels]	no-songsterr	Standard capo 0			0	
Paul McCartney	Darkroom	match	Standard	E A D G B E	0,0,0,0,0,0	11	https://www.songsterr.com/a/wsa/x-tab-s234558
Paul McCartney	Daytime Nighttime Suffering [b-side to goodnight tonight]	no-songsterr	Standard capo 0			0	
Paul McCartney	Dear Boy	match	Standard	E A D G B E	0,0,0,0,0,0	23	https://www.songsterr.com/a/wsa/x-tab-s732360
Paul McCartney	Dear Friend	no-songsterr	Standard capo 0			0	
Paul McCartney	Deliver Your Children	no-songsterr	Standard capo 0			0	
Paul McCartney	Distractions	match	Standard	E A D G B E	0,0,0,0,0,0	103	https://www.songsterr.com/a/wsa/x-tab-s234471
Paul McCartney	Do You Know Who You Are [from liverpool oratorio]	no-songsterr	Standard capo 0			0	
Paul McCartney	Don't Be Careless Love	no-songsterr	Standard capo 0			0	
Paul McCartney	Don't Get Around Much Anymore	match	Standard	E A D G B E	0,0,0,0,0,0	98	https://www.songsterr.com/a/wsa/x-tab-s234384
Paul McCartney	Don't Let It Bring You Down	no-songsterr	Standard capo 0			0	
Paul McCartney	Dress Me Up As A Robber	match	Standard	E A D G B E	0,0,0,0,0,0	20	https://www.songsterr.com/a/wsa/x-tab-s697421
Paul McCartney	Drive My Car	no-songsterr	Standard capo 0			0	
Paul McCartney	Driving Rain	match	Standard	E A D G B E	0,0,0,0,0,0	4	https://www.songsterr.com/a/wsa/x-tab-s234519
Paul McCartney	Eat At Home	match	Standard	E A D G B E	0,0,0,0,0,0	116	https://www.songsterr.com/a/wsa/x-tab-s2373370
Paul McCartney	Ebony And Ivory	no-songsterr	Standard capo 0			0	
Paul McCartney	Eleanor Rigby	no-songsterr	Standard capo 0			0	
Paul McCartney	English Tea	no-songsterr	Standard capo 0			0	
Paul McCartney	Every Night	match	Standard	E A D G B E	0,0,0,0,0,0	2774	https://www.songsterr.com/a/wsa/x-tab-s12532
Paul McCartney	Fabulous [b-side to no other baby]	no-songsterr	Standard capo 0			0	
Paul McCartney	Famous Groupies	no-songsterr	Standard capo 0			0	
Paul McCartney	Figure Of Eight	match	Standard	E A D G B E	0,0,0,0,0,0	131	https://www.songsterr.com/a/wsa/x-tab-s234405
Paul McCartney	Fine Line	match	Standard	E A D G B E	0,0,0,0,0,0	26	https://www.songsterr.com/a/wsa/x-tab-s78033
Paul McCartney	Flaming Pie	match	Standard	E A D G B E	0,0,0,0,0,0	8	https://www.songsterr.com/a/wsa/x-tab-s1919418
Paul McCartney	Flying To My Home [b-side to my brave face]	no-songsterr	Standard capo 0			0	
Paul McCartney	Follow Me	no-songsterr	Standard capo 0			0	
Paul McCartney	Footprints	match	Standard	E A D G B E	0,0,0,0,0,0	1	https://www.songsterr.com/a/wsa/x-tab-s234463
Paul McCartney	For No One	MISMATCH	Standard	D G C F A D	-2,-2,-2,-2,-2,-2	7	https://www.songsterr.com/a/wsa/x-tab-s234363
Paul McCartney	Fourth Of July [written for john christie]	no-songsterr	Standard capo 0			0	
Paul McCartney	Freedom	match	Standard	E A D G B E	0,0,0,0,0,0	9	https://www.songsterr.com/a/wsa/x-tab-s13358
Paul McCartney	Friends To Go	match	Standard	E A D G B E	0,0,0,0,0,0	70	https://www.songsterr.com/a/wsa/x-tab-s234412
Paul McCartney	From a Lover to a Friend	match	Standard	E A D G B E	0,0,0,0,0,0	23	https://www.songsterr.com/a/wsa/x-tab-s234441
Paul McCartney	Front Parlour	no-songsterr	Standard capo 0			0	
Paul McCartney	Frozen Jap	no-songsterr	Standard capo 0			0	
Paul McCartney	Get Back	no-songsterr	Standard capo 0			0	
Paul McCartney	Get It	match	Standard	E A D G B E	0,0,0,0,0,0	24	https://www.songsterr.com/a/wsa/x-tab-s234483
Paul McCartney	Get On The Right Thing	no-songsterr	Standard capo 0			0	
Paul McCartney	Get Out Of My Way	match	Standard	E A D G B E	0,0,0,0,0,0	35	https://www.songsterr.com/a/wsa/x-tab-s820101
Paul McCartney	Getting Better	no-songsterr	Standard capo 0			0	
Paul McCartney	Getting Closer	no-songsterr	Standard capo 0			0	
Paul McCartney	Giddy [written for roger daltrey]	no-songsterr	Standard capo 0			0	
Paul McCartney	Girlfriend	no-songsterr	Standard capo 0			0	
Paul McCartney	Girls' School [b-side to mull of kintyre]	no-songsterr	Standard capo 0			0	
Paul McCartney	Give Ireland Back To The Irish	no-songsterr	Standard capo 0			0	
Paul McCartney	Golden Earth Girl	no-songsterr	Standard capo 0			0	
Paul McCartney	Golden Slumbers / Carry That Weight / The End	no-songsterr	Standard capo 0			0	
Paul McCartney	Good Day Sunshine	no-songsterr	Standard capo 0			0	
Paul McCartney	Good Rocking Tonight	no-songsterr	Standard capo 0			0	
Paul McCartney	Good Times Coming / Feel The Sun	no-songsterr	Standard capo 0			0	
Paul McCartney	Goodnight Princess [from CD soundtrack to give my regards to broad street]	no-songsterr	Standard capo 0			0	
Paul McCartney	Goodnight Tonight	no-songsterr	Standard capo 0			0	
Paul McCartney	Got To Get You Into My Life	no-songsterr	Standard capo 0			0	
Paul McCartney	Gotta Sing, Gotta Dance [from james paul mccartney tv special]	no-songsterr	Standard capo 0			0	
Paul McCartney	Great Day	match	Standard	E A D G B E	0,0,0,0,0,0	27	https://www.songsterr.com/a/wsa/x-tab-s3916748
Paul McCartney	Heart Of The Country	no-songsterr	Standard capo 0			0	
Paul McCartney	Heather	no-songsterr	Standard capo 0			0	
Paul McCartney	Heaven On A Sunday	match	Standard	E A D G B E	0,0,0,0,0,0	112	https://www.songsterr.com/a/wsa/x-tab-s234444
Paul McCartney	Helen Wheels	no-songsterr	Standard capo 0			0	
Paul McCartney	Hello Goodbye	no-songsterr	Standard capo 0			0	
Paul McCartney	Here, There And Everywhere	no-songsterr	Standard capo 0			0	
Paul McCartney	Here Today	match	Standard	E A D G B E	0,0,0,0,0,0	2902	https://www.songsterr.com/a/wsa/x-tab-s13016
Paul McCartney	Hey Diddle	match	Standard	E A D G B E	0,0,0,0,0,0	45	https://www.songsterr.com/a/wsa/x-tab-s5336428
Paul McCartney	Hey Hey	no-songsterr	Standard capo 0			0	
Paul McCartney	Hey Jude	no-songsterr	Standard capo 0			0	
Paul McCartney	Hi-Heel Sneakers	match	Standard	E A D G B E	0,0,0,0,0,0	0	https://www.songsterr.com/a/wsa/x-tab-s5628021
Paul McCartney	Hi Hi Hi	match	Standard	E A D G B E	0,0,0,0,0,0	54	https://www.songsterr.com/a/wsa/x-tab-s2074973
Paul McCartney	Hold Me Tight / Lazy Dynamite / Hands Of Love / Power Cut	no-songsterr	Standard capo 0			0	
Paul McCartney	Honey Hush	match	Standard	E A D G B E	0,0,0,0,0,0	1	https://www.songsterr.com/a/wsa/x-tab-s234418
Paul McCartney	Hope Of Deliverance	match	Standard	E A D G B E	0,0,0,0,0,0	559	https://www.songsterr.com/a/wsa/x-tab-s159
Paul McCartney	Hot As Sun / Glasses	no-songsterr	Standard capo 0			0	
Paul McCartney	How Kind Of You	match	Standard	E A D G B E	0,0,0,0,0,0	1	https://www.songsterr.com/a/wsa/x-tab-s234395
Paul McCartney	How Many People	no-songsterr	Standard capo 0			0	
Paul McCartney	However Absurd	no-songsterr	Standard capo 0			0	
Paul McCartney	I Am Your Singer	no-songsterr	Standard capo 0			0	
Paul McCartney	I Do	match	Standard	E A D G B E	0,0,0,0,0,0	0	https://www.songsterr.com/a/wsa/x-tab-s234435
Paul McCartney	I Got Stung	no-songsterr	Standard capo 0			0	
Paul McCartney	I'll Give You A Ring	no-songsterr	Standard capo 0			0	
Paul McCartney	I Lost My Little Girl	no-songsterr	Standard capo 0			0	
Paul McCartney	I Love This House [b-side to beautiful night]	no-songsterr	Standard capo 0			0	
Paul McCartney	I'm Carrying	no-songsterr	Standard capo 0			0	
Paul McCartney	I Owe It All To You	no-songsterr	Standard capo 0			0	
Paul McCartney	I Saw Her Standing There	no-songsterr	Standard capo 0			0	
Paul McCartney	I've Had Enough	no-songsterr	Standard capo 0			0	
Paul McCartney	I've Just Seen A Face	no-songsterr	Standard capo 0			0	
Paul McCartney	If You Wanna	match	Standard	E A D G B E	0,0,0,0,0,0	25	https://www.songsterr.com/a/wsa/x-tab-s422430
Paul McCartney	It's Not True	match	Standard	E A D G B E	0,0,0,0,0,0	0	https://www.songsterr.com/a/wsa/x-tab-s2676129
Paul McCartney	Jenny Wren	MISMATCH	Standard	D G C F A D	-2,-2,-2,-2,-2,-2	9916	https://www.songsterr.com/a/wsa/x-tab-s50158
Paul McCartney	Jet	match	Standard	E A D G B E	0,0,0,0,0,0	737	https://www.songsterr.com/a/wsa/x-tab-s12803
Paul McCartney	Junior's Farm	match	Standard	E A D G B E	0,0,0,0,0,0	219	https://www.songsterr.com/a/wsa/x-tab-s1126699
Paul McCartney	Junk	match	Standard	E A D G B E	0,0,0,0,0,0	9828	https://www.songsterr.com/a/wsa/x-tab-s50160
Paul McCartney	Just Because	match	Standard	E A D G B E	0,0,0,0,0,0	14	https://www.songsterr.com/a/wsa/x-tab-s234574
Paul McCartney	Kansas City	match	Standard	E A D G B E	0,0,0,0,0,0	7	https://www.songsterr.com/a/wsa/x-tab-s234557
Paul McCartney	Keep Under Cover	match	Standard	E A D G B E	0,0,0,0,0,0	3	https://www.songsterr.com/a/wsa/x-tab-s732292
Paul McCartney	Kicked Around No More [b-side to hope of deliverance]	no-songsterr	Standard capo 0			0	
Paul McCartney	Lady Madonna	no-songsterr	Standard capo 0			0	
Paul McCartney	Lawdy Miss Clawdy	no-songsterr	Standard capo 0			0	
Paul McCartney	Let 'Em In	match	Standard	E A D G B E	0,0,0,0,0,0	537	https://www.songsterr.com/a/wsa/x-tab-s669186
Paul McCartney	Let It Be	match	Standard	E A D G B E	0,0,0,0,0,0	218	https://www.songsterr.com/a/wsa/x-tab-s422431
Paul McCartney	Let Me Roll It	no-songsterr	Standard capo 0			0	
Paul McCartney	Let's Love [written for peggy lee]	no-songsterr	Standard capo 0			0	
Paul McCartney	Letting Go	no-songsterr	Standard capo 0			0	
Paul McCartney	Listen To What The Man Said	no-songsterr	Standard capo 0			0	
Paul McCartney	Little Lamb Dragonfly	match	Standard	E A D G B E	0,0,0,0,0,0	103	https://www.songsterr.com/a/wsa/x-tab-s234393
Paul McCartney	Little Willow	match	Standard	E A D G B E	0,0,0,0,0,0	1043	https://www.songsterr.com/a/wsa/x-tab-s13709
Paul McCartney	Little Woman Love	no-songsterr	Standard capo 0			0	
Paul McCartney	Live And Let Die	match	Standard	E A D G B E	0,0,0,0,0,0	95	https://www.songsterr.com/a/wsa/x-tab-s382607
Paul McCartney	London Town	no-songsterr	Standard capo 0			0	
Paul McCartney	Lonely Road	no-songsterr	Standard capo 0			0	
Paul McCartney	Lonesome Town	match	Standard	E A D G B E	0,0,0,0,0,0	136	https://www.songsterr.com/a/wsa/x-tab-s732784
Paul McCartney	Long Haired Lady	match	Standard	E A D G B E	0,0,0,0,0,0	236	https://www.songsterr.com/a/wsa/x-tab-s234531
Paul McCartney	Long Leather Coat [b-side to hope of deliverance]	no-songsterr	Standard capo 0			0	
Paul McCartney	Looking For Changes	match	Standard	E A D G B E	0,0,0,0,0,0	1	https://www.songsterr.com/a/wsa/x-tab-s234383
Paul McCartney	Looking For You [b-side to young boy]	no-songsterr	Standard capo 0			0	
Paul McCartney	Loup (1st Indian On The Moon)	no-songsterr	Standard capo 0			0	
Paul McCartney	Love In Song	no-songsterr	Standard capo 0			0	
Paul McCartney	Lucille	match	Standard	E A D G B E	0,0,0,0,0,0	11	https://www.songsterr.com/a/wsa/x-tab-s234488
Paul McCartney	Magic	match	Standard	E A D G B E	0,0,0,0,0,0	0	https://www.songsterr.com/a/wsa/x-tab-s234535
Paul McCartney	Magical Mystery Tour	no-songsterr	Standard capo 0			0	
Paul McCartney	Magneto And Titanium Man	no-songsterr	Standard capo 0			0	
Paul McCartney	Mamunia	no-songsterr	Standard capo 0			0	
Paul McCartney	Man We Was Lonely	match	Standard	E A D G B E	0,0,0,0,0,0	188	https://www.songsterr.com/a/wsa/x-tab-s1892110
Paul McCartney	Mary Had A Little Lamb	no-songsterr	Standard capo 0			0	
Paul McCartney	Maybe Baby [cover for film]	no-songsterr	Standard capo 0			0	
Paul McCartney	Maybe I'm Amazed	match	Standard	E A D G B E	0,0,0,0,0,0	19218	https://www.songsterr.com/a/wsa/x-tab-s13142
Paul McCartney	Michelle	no-songsterr	Standard capo 0			0	
Paul McCartney	Midnight Special	match	Standard	E A D G B E	0,0,0,0,0,0	44	https://www.songsterr.com/a/wsa/x-tab-s234364
Paul McCartney	Mine For Me [written for rod stewart]	no-songsterr	Standard capo 0			0	
Paul McCartney	Mistress And Maid	match	Standard	E A D G B E	0,0,0,0,0,0	1	https://www.songsterr.com/a/wsa/x-tab-s234494
Paul McCartney	Monkberry Moon Delight	match	Standard	E A D G B E	0,0,0,0,0,0	2137	https://www.songsterr.com/a/wsa/x-tab-s688967
Paul McCartney	Morse Moose And The Grey Goose	no-songsterr	Standard capo 0			0	
Paul McCartney	Motor Of Love	no-songsterr	Standard capo 0			0	
Paul McCartney	Move Over Busker	no-songsterr	Standard capo 0			0	
Paul McCartney	Movie Magg	no-songsterr	Standard capo 0			0	
Paul McCartney	Mrs. Vandebilt	no-songsterr	Standard capo 0			0	
Paul McCartney	Mull Of Kintyre	no-songsterr	Standard capo 0			0	
Paul McCartney	Mumbo	no-songsterr	Standard capo 0			0	
Paul McCartney	Must Do Something About It	no-songsterr	Standard capo 0			0	
Paul McCartney	My Brave Face	match	Standard	E A D G B E	0,0,0,0,0,0	245	https://www.songsterr.com/a/wsa/x-tab-s688954
Paul McCartney	My Carnival [b-side to spies like us]	no-songsterr	Standard capo 0			0	
Paul McCartney	My Love	match	Standard	E A D G B E	0,0,0,0,0,0	2665	https://www.songsterr.com/a/wsa/x-tab-s12545
Paul McCartney	Name And Address	no-songsterr	Standard capo 0			0	
Paul McCartney	New Moon Over Jamaica [with johnny cash]	no-songsterr	Standard capo 0			0	
Paul McCartney	Nineteen Hundred And Eighty Five	no-songsterr	Standard capo 0			0	
Paul McCartney	No More Lonely Nights (Playout Version)	no-songsterr	Standard capo 0			0	
Paul McCartney	No More Lonely Nights	match	Standard	E A D G B E	0,0,0,0,0,0	1062	https://www.songsterr.com/a/wsa/x-tab-s483827
Paul McCartney	No Other Baby	match	Standard	E A D G B E	0,0,0,0,0,0	66	https://www.songsterr.com/a/wsa/x-tab-s234464
Paul McCartney	No Values	match	Standard	E A D G B E	0,0,0,0,0,0	0	https://www.songsterr.com/a/wsa/x-tab-s5737157
Paul McCartney	No Words (For My Love)	no-songsterr	Standard capo 0			0	
Paul McCartney	Nobody Knows	match	Standard	E A D G B E	0,0,0,0,0,0	2	https://www.songsterr.com/a/wsa/x-tab-s234492
Paul McCartney	Not Such A Bad Boy	match	Standard	E A D G B E	0,0,0,0,0,0	25	https://www.songsterr.com/a/wsa/x-tab-s710324
Paul McCartney	Off The Ground	match	Standard	E A D G B E	0,0,0,0,0,0	12	https://www.songsterr.com/a/wsa/x-tab-s234439
Paul McCartney	Oh Woman Oh Why	match	Standard	E A D G B E	0,0,0,0,0,0	46	https://www.songsterr.com/a/wsa/x-tab-s732814
Paul McCartney	Old Siam Sir	no-songsterr	Standard capo 0			0	
Paul McCartney	On The Way	match	Standard	E A D G B E	0,0,0,0,0,0	1349	https://www.songsterr.com/a/wsa/x-tab-s234530
Paul McCartney	On The Wings Of A Nightingale [written for the everly brothers]	no-songsterr	Standard capo 0			0	
Paul McCartney	Once Upon A Long Ago	match	Standard	E A D G B E	0,0,0,0,0,0	62	https://www.songsterr.com/a/wsa/x-tab-s234496
Paul McCartney	One More Kiss	no-songsterr	Standard capo 0			0	
Paul McCartney	One Of These Days	match	Standard	E A D G B E	0,0,0,0,0,0	50	https://www.songsterr.com/a/wsa/x-tab-s698228
Paul McCartney	Only Love Remains	no-songsterr	Standard capo 0			0	
Paul McCartney	Oo You	match	Standard	E A D G B E	0,0,0,0,0,0	528	https://www.songsterr.com/a/wsa/x-tab-s732766
Paul McCartney	Oobu Joobu [jingle of radio show]	no-songsterr	Standard capo 0			0	
Paul McCartney	Ou Est Le Soleil	no-songsterr	Standard capo 0			0	
Paul McCartney	Paperback Writer	no-songsterr	Standard capo 0			0	
Paul McCartney	Partial To Your Abracadabra [from ian dury tribute album]	no-songsterr	Standard capo 0			0	
Paul McCartney	Party	no-songsterr	Standard capo 0			0	
Paul McCartney	Peace In The Neighbourhood	match	Standard	E A D G B E	0,0,0,0,0,0	1	https://www.songsterr.com/a/wsa/x-tab-s234564
Paul McCartney	Penny Lane	no-songsterr	Standard capo 0			0	
Paul McCartney	Picasso's Last Words (Drink To Me}	no-songsterr	Standard capo 0			0	
Paul McCartney	Pipes Of Peace	match	Standard	E A D G B E	0,0,0,0,0,0	112	https://www.songsterr.com/a/wsa/x-tab-s13731
Paul McCartney	Playboy To A Man [with elvis costello]	no-songsterr	Standard capo 0			0	
Paul McCartney	Press	match	Standard	E A D G B E	0,0,0,0,0,0	6	https://www.songsterr.com/a/wsa/x-tab-s234408
Paul McCartney	Pretty Little Head	match	Standard	E A D G B E	0,0,0,0,0,0	0	https://www.songsterr.com/a/wsa/x-tab-s234442
Paul McCartney	Private Property [written for ringo starr]	no-songsterr	Standard capo 0			0	
Paul McCartney	Promise To You Girl	no-songsterr	Standard capo 0			0	
Paul McCartney	Pure Gold [written for ringo starr]	no-songsterr	Standard capo 0			0	
Paul McCartney	Put It There	match	Standard	E A D G B E	0,0,0,0,0,0	1304	https://www.songsterr.com/a/wsa/x-tab-s13826
Paul McCartney	Ram On	no-songsterr	Standard capo 0			0	
Paul McCartney	Really Love You	match	Standard	E A D G B E	0,0,0,0,0,0	4	https://www.songsterr.com/a/wsa/x-tab-s2619448
Paul McCartney	Reception	no-songsterr	Standard capo 0			0	
Paul McCartney	Return to Pepperland	match	Standard	E A D G B E	0,0,0,0,0,0	7	https://www.songsterr.com/a/wsa/x-tab-s234546
Paul McCartney	Riding Into Jaipur	no-songsterr	Standard capo 0			0	
Paul McCartney	Riding To Vanity Fair	match	Standard	E A D G B E	0,0,0,0,0,0	4	https://www.songsterr.com/a/wsa/x-tab-s3440991
Paul McCartney	Rinse the Raindrops	match	Standard	E A D G B E	0,0,0,0,0,0	21	https://www.songsterr.com/a/wsa/x-tab-s1112524
Paul McCartney	Rockestra Theme	no-songsterr	Standard capo 0			0	
Paul McCartney	Rough Ride	no-songsterr	Standard capo 0			0	
Paul McCartney	Run Devil Run	no-songsterr	Standard capo 0			0	
Paul McCartney	Sally G [b-side to junior's farm]	no-songsterr	Standard capo 0			0	
Paul McCartney	San Ferry Anne	no-songsterr	Standard capo 0			0	
Paul McCartney	San Francisco Bay Blues	no-songsterr	Standard capo 0			0	
Paul McCartney	Save The Child [from liverpool oratorio]	no-songsterr	Standard capo 0			0	
Paul McCartney	Say Say Say	no-songsterr	Standard capo 0			0	
Paul McCartney	Sergeant Pepper's Lonely Hearts Club Band (And Reprise)	no-songsterr	Standard capo 0			0	
Paul McCartney	Shake A Hand	no-songsterr	Standard capo 0			0	
Paul McCartney	Shallow Grave [written with elvis costello]	no-songsterr	Standard capo 0			0	
Paul McCartney	She's A Woman	no-songsterr	Standard capo 0			0	
Paul McCartney	She's Given Up Talking	no-songsterr	Standard capo 0			0	
Paul McCartney	She's Leaving Home	no-songsterr	Standard capo 0			0	
Paul McCartney	She's My Baby	no-songsterr	Standard capo 0			0	
Paul McCartney	She Said Yeah	no-songsterr	Standard capo 0			0	
Paul McCartney	Silly Love Songs	match	Standard	E A D G B E	0,0,0,0,0,0	29	https://www.songsterr.com/a/wsa/x-tab-s2214734
Paul McCartney	Simple As That [from charity album the anti-heroin project - it's a live-in world]	no-songsterr	Standard capo 0			0	
Paul McCartney	Singalong Junk	no-songsterr	Standard capo 0			0	
Paul McCartney	Singing The Blues	no-songsterr	Standard capo 0			0	
Paul McCartney	Single Pigeon	no-songsterr	Standard capo 0			0	
Paul McCartney	Six O'Clock [written for ringo starr]	no-songsterr	Standard capo 0			0	
Paul McCartney	Smile Away	match	Standard	E A D G B E	0,0,0,0,0,0	920	https://www.songsterr.com/a/wsa/x-tab-s732263
Paul McCartney	So Bad	match	Standard	E A D G B E	0,0,0,0,0,0	57	https://www.songsterr.com/a/wsa/x-tab-s732093
Paul McCartney	So Glad To See You Here	no-songsterr	Standard capo 0			0	
Paul McCartney	So Like Candy [with elvis costello]	no-songsterr	Standard capo 0			0	
Paul McCartney	Some People Never Know	no-songsterr	Standard capo 0			0	
Paul McCartney	Somebody Who Cares	match	Standard	E A D G B E	0,0,0,0,0,0	79	https://www.songsterr.com/a/wsa/x-tab-s234378
Paul McCartney	Somedays	match	Standard	E A D G B E	0,0,0,0,0,0	702	https://www.songsterr.com/a/wsa/x-tab-s12352
Paul McCartney	Something	match	Standard	E A D G B E	0,0,0,0,0,0	70	https://www.songsterr.com/a/wsa/x-tab-s2164873
Paul McCartney	Souvenir	MISMATCH	Standard	D# G# C# F# A# D#	-1,-1,-1,-1,-1,-1	0	https://www.songsterr.com/a/wsa/x-tab-s234374
Paul McCartney	Spies Like Us [theme song for film]	no-songsterr	Standard capo 0			0	
Paul McCartney	Spin It On	no-songsterr	Standard capo 0			0	
Paul McCartney	Spinning on an Axis	match	Standard	E A D G B E	0,0,0,0,0,0	0	https://www.songsterr.com/a/wsa/x-tab-s4635851
Paul McCartney	Spirits Of Ancient Egypt	no-songsterr	Standard capo 0			0	
Paul McCartney	Stranglehold	no-songsterr	Standard capo 0			0	
Paul McCartney	Suicide	match	Standard	E A D G B E	0,0,0,0,0,0	3	https://www.songsterr.com/a/wsa/x-tab-s3225973
Paul McCartney	Summer Day's Song	no-songsterr	Standard capo 0			0	
Paul McCartney	Summertime	match	Standard	E A D G B E	0,0,0,0,0,0	0	https://www.songsterr.com/a/wsa/x-tab-s4960572
Paul McCartney	Sweetest Little Show	match	Standard	E A D G B E	0,0,0,0,0,0	6	https://www.songsterr.com/a/wsa/x-tab-s234517
Paul McCartney	Take It Away	match	Standard	E A D G B E	0,0,0,0,0,0	4	https://www.songsterr.com/a/wsa/x-tab-s234556
Paul McCartney	Talk More Talk	no-songsterr	Standard capo 0			0	
Paul McCartney	Teddy Boy	match	Standard	E A D G B E	0,0,0,0,0,0	484	https://www.songsterr.com/a/wsa/x-tab-s50162
Paul McCartney	Temporary Secretary	string-count	Standard	C F# C F# C F# C		417	https://www.songsterr.com/a/wsa/x-tab-s468278
Paul McCartney	That Day Is Done	no-songsterr	Standard capo 0			0	
Paul McCartney	That's Allright Mama	no-songsterr	Standard capo 0			0	
Paul McCartney	That Would Be Something	match	Standard	E A D G B E	0,0,0,0,0,0	499	https://www.songsterr.com/a/wsa/x-tab-s234506
Paul McCartney	The Back Seat Of My Car	match	Standard	E A D G B E	0,0,0,0,0,0	563	https://www.songsterr.com/a/wsa/x-tab-s732122
Paul McCartney	The Broadcast	no-songsterr	Standard capo 0			0	
Paul McCartney	The Drinking Song [from liverpool oratorio]	no-songsterr	Standard capo 0			0	
Paul McCartney	The Fool On The Hill	no-songsterr	Standard capo 0			0	
Paul McCartney	The Long And Winding Road	no-songsterr	Standard capo 0			0	
Paul McCartney	The Lovely Linda	match	Standard	E A D G B E	0,0,0,0,0,0	126	https://www.songsterr.com/a/wsa/x-tab-s473509
Paul McCartney	The Lovers That Never Were	no-songsterr	Standard capo 0			0	
Paul McCartney	The Man	no-songsterr	Standard capo 0			0	
Paul McCartney	The Mess	no-songsterr	Standard capo 0			0	
Paul McCartney	The Note You Never Wrote	no-songsterr	Standard capo 0			0	
Paul McCartney	The Other Me	match	Standard	E A D G B E	0,0,0,0,0,0	0	https://www.songsterr.com/a/wsa/x-tab-s234570
Paul McCartney	The Pound Is Sinking	match	Standard	E A D G B E	0,0,0,0,0,0	6	https://www.songsterr.com/a/wsa/x-tab-s732287
Paul McCartney	The Song We Were Singing	match	Standard	E A D G B E	0,0,0,0,0,0	108	https://www.songsterr.com/a/wsa/x-tab-s50161
Paul McCartney	The World Tonight	match	Standard	E A D G B E	0,0,0,0,0,0	372	https://www.songsterr.com/a/wsa/x-tab-s422427
Paul McCartney	The World You're Coming Into [from liverpool oratorio]	no-songsterr	Standard capo 0			0	
Paul McCartney	Things We Said Today	no-songsterr	Standard capo 0			0	
Paul McCartney	This Never Happened Before	match	Standard	E A D G B E	0,0,0,0,0,0	31	https://www.songsterr.com/a/wsa/x-tab-s78032
Paul McCartney	This One	match	Standard	E A D G B E	0,0,0,0,0,0	9	https://www.songsterr.com/a/wsa/x-tab-s234547
Paul McCartney	Three Legs	no-songsterr	Standard capo 0			0	
Paul McCartney	Through Our Love	match	Standard	E A D G B E	0,0,0,0,0,0	0	https://www.songsterr.com/a/wsa/x-tab-s234411
Paul McCartney	Tiny Bubble	no-songsterr	Standard capo 0			0	
Paul McCartney	To You	no-songsterr	Standard capo 0			0	
Paul McCartney	Tomorrow	no-songsterr	Standard capo 0			0	
Paul McCartney	Too Many People	MISMATCH	Standard	D G C F A D	-2,-2,-2,-2,-2,-2	2037	https://www.songsterr.com/a/wsa/x-tab-s495844
Paul McCartney	Too Much Rain	no-songsterr	Standard capo 0			0	
Paul McCartney	Tough On A Tightrope	no-songsterr	Standard capo 0			0	
Paul McCartney	Treat Her Gently (Lonely Old People)	no-songsterr	Standard capo 0			0	
Paul McCartney	Tres Conejos [from liverpool oratorio]	no-songsterr	Standard capo 0			0	
Paul McCartney	Try Not To Cry	no-songsterr	Standard capo 0			0	
Paul McCartney	Tug Of Peace	match	Standard	E A D G B E	0,0,0,0,0,0	0	https://www.songsterr.com/a/wsa/x-tab-s234527
Paul McCartney	Tug Of War	no-songsterr	Standard capo 0			0	
Paul McCartney	Twenty Flight Rock	match	Standard	E A D G B E	0,0,0,0,0,0	191	https://www.songsterr.com/a/wsa/x-tab-s234543
Paul McCartney	Twice In A Lifetime [theme song for film]	no-songsterr	Standard capo 0			0	
Paul McCartney	Two Of Us	no-songsterr	Standard capo 0			0	
Paul McCartney	Uncle Albert/Admiral Halsey	MISMATCH	Standard	D A D G B E	-2,0,0,0,0,0	2153	https://www.songsterr.com/a/wsa/x-tab-s488105
Paul McCartney	Used To Be Bad	no-songsterr	Standard capo 0			0	
Paul McCartney	Vanilla Sky	match	Standard	E A D G B E	0,0,0,0,0,0	76	https://www.songsterr.com/a/wsa/x-tab-s2614310
Paul McCartney	Venus And Mars (Reprise)	no-songsterr	Standard capo 0			0	
Paul McCartney	Venus And Mars / Rockshow [wingspan edit]	no-songsterr	Standard capo 0			0	
Paul McCartney	Venus And Mars / Rockshow	no-songsterr	Standard capo 0			0	
Paul McCartney	Veronica [with elvis costello]	no-songsterr	Standard capo 0			0	
Paul McCartney	Walking In The Park With Eloise [by the country hams]	no-songsterr	Standard capo 0			0	
Paul McCartney	Wanderlust	match	Standard	E A D G B E	0,0,0,0,0,0	92	https://www.songsterr.com/a/wsa/x-tab-s234581
Paul McCartney	Warm And Beautiful	no-songsterr	Standard capo 0			0	
Paul McCartney	Waterfalls	match	Standard	E A D G B E	0,0,0,0,0,0	336	https://www.songsterr.com/a/wsa/x-tab-s422435
Paul McCartney	Waterspout [london town out-take]	no-songsterr	Standard capo 0			0	
Paul McCartney	We All Stand Together	no-songsterr	Standard capo 0			0	
Paul McCartney	We Can Work It Out	no-songsterr	Standard capo 0			0	
Paul McCartney	We Got Married	match	Standard	E A D G B E	0,0,0,0,0,0	70	https://www.songsterr.com/a/wsa/x-tab-s12595
Paul McCartney	We're Open Tonight	no-songsterr	Standard capo 0			0	
Paul McCartney	What It Is	no-songsterr	Standard capo 0			0	
Paul McCartney	What's That You're Doing?	no-songsterr	Standard capo 0			0	
Paul McCartney	When The Night	no-songsterr	Standard capo 0			0	
Paul McCartney	Wild Life	no-songsterr	Standard capo 0			0	
Paul McCartney	Winedark Open Sea	match	Standard	E A D G B E	0,0,0,0,0,0	5	https://www.songsterr.com/a/wsa/x-tab-s234473
Paul McCartney	Winter Rose / Love Awake	no-songsterr	Standard capo 0			0	
Paul McCartney	With A Little Luck	no-songsterr	Standard capo 0			0	
Paul McCartney	Wonderful Christmastime	match	Standard	E A D G B E	0,0,0,0,0,0	3021	https://www.songsterr.com/a/wsa/x-tab-s475058
Paul McCartney	Write Away	no-songsterr	Standard capo 0			0	
Paul McCartney	Yesterday / Here, There And Everywhere / Wanderlust	no-songsterr	Standard capo 0			0	
Paul McCartney	Yesterday	MISMATCH	Standard	D G C F A D	-2,-2,-2,-2,-2,-2	274	https://www.songsterr.com/a/wsa/x-tab-s64356
Paul McCartney	You Gave Me The Answer	no-songsterr	Drop D capo 0			0	
Paul McCartney	You Want Her Too	match	Standard	E A D G B E	0,0,0,0,0,0	0	https://www.songsterr.com/a/wsa/x-tab-s234500
Paul McCartney	Young Boy	match	Standard	E A D G B E	0,0,0,0,0,0	162	https://www.songsterr.com/a/wsa/x-tab-s50157
Paul McCartney	Your Loving Flame	no-songsterr	Standard capo 0			0	
Paul McCartney	Your Way	no-songsterr	Standard capo 0			0	
Paul McCartney	Yvonne's The One [press to play out-take]	no-songsterr	Standard capo 0			0	
Paul McCartney	Zoo Gang [theme song for tv series]	no-songsterr	Standard capo 0			0	
Pavement	Agony Of The Stars	no-songsterr	Standard capo 0			0	
Pavement	And Then The Hexx	no-songsterr	Standard capo 0			0	
Pavement	Ann Dont Cry	MISMATCH	Standard	D A D G B E	-2,0,0,0,0,0	59	https://www.songsterr.com/a/wsa/x-tab-s14785
Pavement	At And T	no-songsterr	Standard capo 0			0	
Pavement	At T	no-songsterr	Standard capo 0			0	
Pavement	Att	no-songsterr	Standard capo 0			0	
Pavement	Baptist Blacktick	no-songsterr	Standard capo 0			0	
Pavement	Best Friends Arm	no-songsterr	Standard capo 0			0	
Pavement	Billie	match	Standard	E A D G B E	0,0,0,0,0,0	94	https://www.songsterr.com/a/wsa/x-tab-s15509
Pavement	Black Out	match	Standard	E A D G B E	0,0,0,0,0,0	857	https://www.songsterr.com/a/wsa/x-tab-s15007
Pavement	Box Elder	match	Standard	E A D G B E	0,0,0,0,0,0	82	https://www.songsterr.com/a/wsa/x-tab-s234848
Pavement	Brinx Job	match	Standard	E A D G B E	0,0,0,0,0,0	23	https://www.songsterr.com/a/wsa/x-tab-s15254
Pavement	Carrot Rope	match	Standard	E A D G B E	0,0,0,0,0,0	430	https://www.songsterr.com/a/wsa/x-tab-s15980
Pavement	Circa 1762	no-songsterr	Standard capo 0			0	
Pavement	Conduit For Sale	match	Standard	E A D G B E	0,0,0,0,0,0	61	https://www.songsterr.com/a/wsa/x-tab-s234839
Pavement	Cream Of Gold	MISMATCH	Standard	D A D G B E	-2,0,0,0,0,0	1157	https://www.songsterr.com/a/wsa/x-tab-s15575
Pavement	Cut Your Hair	MISMATCH	Standard	C G D A B E	-4,-2,0,2,0,0	3096	https://www.songsterr.com/a/wsa/x-tab-s459837
Pavement	Date W Ikea	no-songsterr	Drop D capo 0			0	
Pavement	Date With Ikea	match	Standard	E A D G B E	0,0,0,0,0,0	66	https://www.songsterr.com/a/wsa/x-tab-s77235
Pavement	Debris Slide	match	Standard	E A D G B E	0,0,0,0,0,0	88	https://www.songsterr.com/a/wsa/x-tab-s234861
Pavement	Easily Fooled	no-songsterr	Standard capo 0			0	
Pavement	Elevate Me Later	match	Standard	E A D G B E	0,0,0,0,0,0	133	https://www.songsterr.com/a/wsa/x-tab-s234837
Pavement	Embassy Row	MISMATCH	Standard	C G D G B E	-4,-2,0,0,0,0	350	https://www.songsterr.com/a/wsa/x-tab-s1637650
Pavement	Father To A Sister Of Thought	match	Standard	E A D G B E	0,0,0,0,0,0	136	https://www.songsterr.com/a/wsa/x-tab-s234854
Pavement	Fight This Generation	MISMATCH	Standard	C A D G B E	-4,0,0,0,0,0	267	https://www.songsterr.com/a/wsa/x-tab-s15002
Pavement	Fillmore Jive	match	Standard	E A D G B E	0,0,0,0,0,0	207	https://www.songsterr.com/a/wsa/x-tab-s1219438
Pavement	Fin	match	Standard	E A D G B E	0,0,0,0,0,0	116	https://www.songsterr.com/a/wsa/x-tab-s14779
Pavement	Folk Jam	no-songsterr	Standard capo 0			0	
Pavement	Frontwards	match	Drop D	D A D G B E	0,0,0,0,0,0	1088	https://www.songsterr.com/a/wsa/x-tab-s234840
Pavement	Give It A Day	no-songsterr	Standard capo 0			0	
Pavement	Gold Soundz	match	Standard	E A D G B E	0,0,0,0,0,0	752	https://www.songsterr.com/a/wsa/x-tab-s15538
Pavement	Grave Architecture	match	Standard	E A D G B E	0,0,0,0,0,0	636	https://www.songsterr.com/a/wsa/x-tab-s16033
Pavement	Greenlander	match	Standard	E A D G B E	0,0,0,0,0,0	0	https://www.songsterr.com/a/wsa/x-tab-s234853
Pavement	Grounded	match	Standard	E A D G B E	0,0,0,0,0,0	2172	https://www.songsterr.com/a/wsa/x-tab-s1032077
Pavement	Half A Canyon	match	Standard	E A D G B E	0,0,0,0,0,0	50	https://www.songsterr.com/a/wsa/x-tab-s2200544
Pavement	Hands Off The Bayou	no-songsterr	Standard capo 0			0	
Pavement	Harness Your Hopes	match	Standard	E A D G B E	0,0,0,0,0,0	13753	https://www.songsterr.com/a/wsa/x-tab-s608331
Pavement	Heaven Is A Truck	match	Standard	E A D G B E	0,0,0,0,0,0	344	https://www.songsterr.com/a/wsa/x-tab-s14970
Pavement	Here	match	Standard	E A D G B E	0,0,0,0,0,0	1034	https://www.songsterr.com/a/wsa/x-tab-s15129
Pavement	Hexx	no-songsterr	Standard capo 0			0	
Pavement	Hit The Plane Down	no-songsterr	C G D G B E capo 0			0	
Pavement	I Love Perth	match	Standard	E A D G B E	0,0,0,0,0,0	8	https://www.songsterr.com/a/wsa/x-tab-s2121573
Pavement	In The Mouth A Desert	MISMATCH	Standard	C G D G B E	-4,-2,0,0,0,0	576	https://www.songsterr.com/a/wsa/x-tab-s1099098
Pavement	Internal K-Dart	no-songsterr	D A D A B E capo 0			0	
Pavement	Jackals False Grails The Lonesome Era	no-songsterr	C G D G B E capo 0			0	
Pavement	Kennel District	match	Standard	E A D G B E	0,0,0,0,0,0	50	https://www.songsterr.com/a/wsa/x-tab-s234850
Pavement	Kentucky Cocktail	MISMATCH	Standard	D A D G B E	-2,0,0,0,0,0	0	https://www.songsterr.com/a/wsa/x-tab-s1259262
Pavement	Kris Kraft	no-songsterr	Drop D capo 0			0	
Pavement	Lions Linden	no-songsterr	Standard capo 0			0	
Pavement	Lorettas Scars	MISMATCH	C G D G B E	E A D G B E	4,2,0,0,0,0	185	https://www.songsterr.com/a/wsa/x-tab-s15521
Pavement	Major Leagues	match	Standard	E A D G B E	0,0,0,0,0,0	1374	https://www.songsterr.com/a/wsa/x-tab-s15778
Pavement	Motion Suggests Itself	no-songsterr	Standard capo 0			0	
Pavement	Newark Wilder	match	Standard	E A D G B E	0,0,0,0,0,0	464	https://www.songsterr.com/a/wsa/x-tab-s15894
Pavement	No Life Singed Her	MISMATCH	Standard	C F A# D# G C	-4,-4,-4,-4,-4,-4	9	https://www.songsterr.com/a/wsa/x-tab-s4396513
Pavement	No More Kings	no-songsterr	Standard capo 0			0	
Pavement	No Tan Lines	match	Standard	E A D G B E	0,0,0,0,0,0	2	https://www.songsterr.com/a/wsa/x-tab-s234857
Pavement	Old To Begin	no-songsterr	Standard capo 0			0	
Pavement	Our Singer	match	Drop D	D A D G B E	0,0,0,0,0,0	43	https://www.songsterr.com/a/wsa/x-tab-s15196
Pavement	Passat Dream	match	Standard	E A D G B E	0,0,0,0,0,0	0	https://www.songsterr.com/a/wsa/x-tab-s3345199
Pavement	Perfect Depth	MISMATCH	D A D A B E	E A D G B E	2,0,0,-2,0,0	0	https://www.songsterr.com/a/wsa/x-tab-s5064223
Pavement	Perfume-V	MISMATCH	Standard	D A D A B E	-2,0,0,2,0,0	40	https://www.songsterr.com/a/wsa/x-tab-s1764992
Pavement	Platform Blues	no-songsterr	D A D F# B E capo 0			0	
Pavement	Post Paint Boy	no-songsterr	D A D F# B E capo 0			0	
Pavement	Range Life	match	Standard	E A D G B E	0,0,0,0,0,0	3461	https://www.songsterr.com/a/wsa/x-tab-s781560
Pavement	Rattled By The Rush	MISMATCH	Standard	D A D A B E	-2,0,0,2,0,0	33	https://www.songsterr.com/a/wsa/x-tab-s4831305
Pavement	Saganaw	no-songsterr	Standard capo 0			0	
Pavement	Same Way Of Saying	no-songsterr	Standard capo 0			0	
Pavement	Serpentine Pad	no-songsterr	Standard capo 0			0	
Pavement	Shady Lane	match	Standard	E A D G B E	0,0,0,0,0,0	5046	https://www.songsterr.com/a/wsa/x-tab-s16043
Pavement	Shoot The Singer 1 Sick Verse	no-songsterr	Standard capo 0			0	
Pavement	Silence Kit	no-songsterr	D A D A B E capo 0			0	
Pavement	Silent Kit	no-songsterr	Standard capo 0			0	
Pavement	Sister Of Thought	no-songsterr	Standard capo 0			0	
Pavement	So Stark Youre A Skyscraper	no-songsterr	Drop D capo 0			0	
Pavement	Speak See Remember	match	Standard	E A D G B E	0,0,0,0,0,0	26	https://www.songsterr.com/a/wsa/x-tab-s1108443
Pavement	Spit On A Stranger	match	Standard	E A D G B E	0,0,0,0,0,0	3998	https://www.songsterr.com/a/wsa/x-tab-s16008
Pavement	Spizzle Trunk	no-songsterr	D A D A B E capo 0			0	
Pavement	Starlings Of The Slipstream	match	Standard	E A D G B E	0,0,0,0,0,0	90	https://www.songsterr.com/a/wsa/x-tab-s234842
Pavement	Stereo	MISMATCH	Standard	D A D A B E	-2,0,0,2,0,0	1381	https://www.songsterr.com/a/wsa/x-tab-s462406
Pavement	Stop Breathin	MISMATCH	Standard	D A D G B E	-2,0,0,0,0,0	527	https://www.songsterr.com/a/wsa/x-tab-s15375
Pavement	Strings Of Nashville	match	Standard	E A D G B E	0,0,0,0,0,0	1	https://www.songsterr.com/a/wsa/x-tab-s5063660
Pavement	Stub Your Toe	no-songsterr	Standard capo 0			0	
Pavement	Summer Babe	MISMATCH	Standard	D A D A B E	-2,0,0,2,0,0	601	https://www.songsterr.com/a/wsa/x-tab-s234866
Pavement	Texas Never Whispers	MISMATCH	Drop D	E A D G B E	2,0,0,0,0,0	5	https://www.songsterr.com/a/wsa/x-tab-s2558120
Pavement	The Killing Moon	match	Standard	E A D G B E	0,0,0,0,0,0	91	https://www.songsterr.com/a/wsa/x-tab-s234845
Pavement	Transport Is Arranged	match	Standard	E A D G B E	0,0,0,0,0,0	658	https://www.songsterr.com/a/wsa/x-tab-s15094
Pavement	Trigger Cut	match	Standard	E A D G B E	0,0,0,0,0,0	280	https://www.songsterr.com/a/wsa/x-tab-s234867
Pavement	Two States	no-songsterr	Standard capo 0			0	
Pavement	Type Slowly	match	Standard	E A D G B E	0,0,0,0,0,0	16	https://www.songsterr.com/a/wsa/x-tab-s234847
Pavement	Unfair	match	Standard	E A D G B E	0,0,0,0,0,0	28	https://www.songsterr.com/a/wsa/x-tab-s4792173
Pavement	We Are Underused	no-songsterr	Standard capo 0			0	
Pavement	We Dance	match	Standard	E A D G B E	0,0,0,0,0,0	171	https://www.songsterr.com/a/wsa/x-tab-s15510
Pavement	Wher Did All The Rock Go	no-songsterr	Standard capo 0			0	
Pavement	You Are A Light	MISMATCH	Standard	D A D F# B E	-2,0,0,-1,0,0	100	https://www.songsterr.com/a/wsa/x-tab-s16162
Pavement	Zurich Is Stained	no-songsterr	Standard capo 0			0	
Pavement	Zurich	no-songsterr	Standard capo 0			0	
Plains	Abilene	no-songsterr	Standard capo 0			0	
Plains	Bellafatima	no-songsterr	Standard capo 0			0	
Plains	Easy	no-songsterr	Standard capo 0			0	
Plains	Hurricane	no-songsterr	Standard capo 0			0	
Plains	I Walked With You A Ways	no-songsterr	Standard capo 0			0	
Plains	Last 2 On Earth	no-songsterr	Standard capo 0			0	
Plains	Line Of Sight	no-songsterr	Standard capo 0			0	
Plains	No Record Of Wrongs	no-songsterr	Standard capo 0			0	
Plains	Problem With It	no-songsterr	Standard capo 0			0	
Plains	Summer Son	no-songsterr	Standard capo 0			0	
Plains	Summer Sun	no-songsterr	Standard capo 0			0	
Purple Mountains	All My Happiness Is Gone	match	Standard	E A D G B E	0,0,0,0,0,0	31	https://www.songsterr.com/a/wsa/x-tab-s3006226
Purple Mountains	Darkness And Cold	no-songsterr	Standard capo 0			0	
Purple Mountains	I Loved Being My Mothers Son	no-songsterr	Standard capo 0			0	
Purple Mountains	Margaritas At The Mall	match	Standard	E A D G B E	0,0,0,0,0,0	4	https://www.songsterr.com/a/wsa/x-tab-s5442955
Purple Mountains	Maybe Im The Only One For Me	match	Standard	E A D G B E	0,0,0,0,0,0	0	https://www.songsterr.com/a/wsa/x-tab-s5839030
Purple Mountains	Nights That Wont Happen	match	Standard	E A D G B E	0,0,0,0,0,0	48	https://www.songsterr.com/a/wsa/x-tab-s1445194
Purple Mountains	Shes Making Friends Im Turning Stranger	match	Standard	E A D G B E	0,0,0,0,0,0	1	https://www.songsterr.com/a/wsa/x-tab-s3137323
Purple Mountains	Snow Is Falling In Manhattan	no-songsterr	Standard capo 0			0	
Purple Mountains	Storyline Fever	match	Standard	E A D G B E	0,0,0,0,0,0	1	https://www.songsterr.com/a/wsa/x-tab-s5839051
Purple Mountains	Thats Just The Way That I Feel	no-songsterr	Standard capo 0			0	
Red House Painters	24 (Ver 1)	match	Drop C	C G C F A D	0,0,0,0,0,0	221	https://www.songsterr.com/a/wsa/x-tab-s751900
Red House Painters	24 (Ver 2)	MISMATCH	D Standard	C G C F A D	-2,0,0,0,0,0	221	https://www.songsterr.com/a/wsa/x-tab-s751900
Red House Painters	Albuquerque (Live)	no-songsterr	DADGAD capo 4			0	
Red House Painters	All Mixed Up (Ver 1)	no-songsterr	DADGAD capo 0			0	
Red House Painters	All Mixed Up (Ver 2)	no-songsterr	DADGAD capo 0			0	
Red House Painters	Another Song for a Blue Guitar	no-songsterr	A A E A C# E capo 0			0	
Red House Painters	Blindfold (Ver 1)	no-songsterr	D A D F A# D capo 0			0	
Red House Painters	Blinfold (Ver 2)	no-songsterr	D G C F A# D capo 0			0	
Red House Painters	Brockwell Park II	no-songsterr	Open E capo 3			0	
Red House Painters	Brockwell Park (inc. Brockwell Park II)	no-songsterr	C G C F G E capo 5			0	
Red House Painters	Brockwell Park (Ver 1)	no-songsterr	DADGAD capo 2			0	
Red House Painters	Brown Eyes (Ver 1)	match	D# G C F A# D	D# G C F A# D	0,0,0,0,0,0	297	https://www.songsterr.com/a/wsa/x-tab-s398338
Red House Painters	Brown Eyes (Ver 2)	MISMATCH	Standard capo 1	D# G C F A# D	-2,-3,-3,-3,-2,-3	297	https://www.songsterr.com/a/wsa/x-tab-s398338
Red House Painters	Bubble (Live)	MISMATCH	C G C E G C	E A D G B E	4,2,2,3,4,4	32	https://www.songsterr.com/a/wsa/x-tab-s1082864
Red House Painters	Bubble (Ver 1)	MISMATCH	D A D F# B E	E A D G B E	2,0,0,1,0,0	32	https://www.songsterr.com/a/wsa/x-tab-s1082864
Red House Painters	Byrd Joel	no-songsterr	Standard capo 1			0	
Red House Painters	Cabezon	no-songsterr	E A D# F A E capo 3			0	
Red House Painters	Cruiser (Ver 1)	no-songsterr	A F E D capo 0			0	
Red House Painters	Cruiser (Ver 2)	no-songsterr	D A D F# B E capo 0			0	
Red House Painters	Cruiser (Ver 3)	no-songsterr	Drop D capo 0			0	
Red House Painters	Cruiser (Ver 4)	no-songsterr	Drop D capo 0			0	
Red House Painters	Down Colorful Hill (Live)	MISMATCH	Open D	E A D G B E	2,0,0,1,2,2	171	https://www.songsterr.com/a/wsa/x-tab-s1034818
Red House Painters	Down Colouful Hill	no-songsterr	D# G C F A# D capo 0			0	
Red House Painters	Down Through (Ver 1)	MISMATCH	C A D G B E capo 3	C A D G B E	-3,-3,-3,-3,-3,-3	252	https://www.songsterr.com/a/wsa/x-tab-s398342
Red House Painters	Down Through (Ver 2)	MISMATCH	C G C F B D	C A D G B E	0,2,2,2,0,2	252	https://www.songsterr.com/a/wsa/x-tab-s398342
Red House Painters	Dragonflies	no-songsterr	Drop D capo 0			0	
Red House Painters	Drop (Ver 1)	MISMATCH	F A C G G C capo 2	E A D G B E	-3,-2,0,-2,-10,-10	74	https://www.songsterr.com/a/wsa/x-tab-s1082886
Red House Painters	Drop (Ver 2)	MISMATCH	F A D G C E capo 2	E A D G B E	-3,-2,-2,-2,-3,-2	74	https://www.songsterr.com/a/wsa/x-tab-s1082886
Red House Painters	Evil (Ver 1)	MISMATCH	D Standard	C G C F A D	-2,0,0,0,0,0	52	https://www.songsterr.com/a/wsa/x-tab-s398343
Red House Painters	Evil (Ver 2)	MISMATCH	Standard	C G C F A D	-4,-2,-2,-2,-2,-2	52	https://www.songsterr.com/a/wsa/x-tab-s398343
Red House Painters	Fever Dog	no-songsterr	DADGAD capo 0			0	
Red House Painters	Fly away	no-songsterr	E B E A B E capo 0			0	
Red House Painters	Follow You, Follow Me	no-songsterr	Open D capo 0			0	
Red House Painters	Funhouse	MISMATCH	C G B E G# D	C# G# C# F A D#	1,1,2,1,1,1	323	https://www.songsterr.com/a/wsa/x-tab-s398341
Red House Painters	Golden (Live)	no-songsterr	Drop C capo 9			0	
Red House Painters	Golden (Ver 1)	no-songsterr	D A B G C E capo 1			0	
Red House Painters	Grace Cathedral Park (Ver 1)	match	Standard	E A D G B E	0,0,0,0,0,0	1462	https://www.songsterr.com/a/wsa/x-tab-s566770
Red House Painters	Grace Cathedral Park (Ver 2)	match	Standard	E A D G B E	0,0,0,0,0,0	1462	https://www.songsterr.com/a/wsa/x-tab-s566770
Red House Painters	Grace Cathedral Park (Ver 3)	MISMATCH	E A D G C E	E A D G B E	0,0,0,0,-1,0	1462	https://www.songsterr.com/a/wsa/x-tab-s566770
Red House Painters	Have You Forgotten (Ver 1)	MISMATCH	E A D G C E capo 3	E A D G B E	-3,-3,-3,-3,-4,-3	54	https://www.songsterr.com/a/wsa/x-tab-s239190
Red House Painters	Have You Forgotten (Ver 2)	MISMATCH	Open E	E A D G B E	0,-2,-2,-1,0,0	54	https://www.songsterr.com/a/wsa/x-tab-s239190
Red House Painters	Have You Forgotten	MISMATCH	F A D G C E capo 5	E A D G B E	-6,-5,-5,-5,-6,-5	54	https://www.songsterr.com/a/wsa/x-tab-s239190
Red House Painters	Headsore	no-songsterr	Standard capo 0			0	
Red House Painters	Helicopter	no-songsterr	D Standard capo 0			0	
Red House Painters	I Am A Rock (Ver 1)	MISMATCH	C G C E A D	E A D G B E	4,2,2,3,2,2	29	https://www.songsterr.com/a/wsa/x-tab-s1587814
Red House Painters	I Am A Rock (Ver 2)	match	Standard	E A D G B E	0,0,0,0,0,0	29	https://www.songsterr.com/a/wsa/x-tab-s1587814
Red House Painters	I feel the Rain fall	no-songsterr	DADGAD capo 4			0	
Red House Painters	I'm sorry (Ver 1)	no-songsterr	E A B F# A D capo 2			0	
Red House Painters	Instrumental	no-songsterr	C G C F G C capo 0			0	
Red House Painters	Japanese to English (Ver 1)	MISMATCH	D Standard	E A D G B E	2,2,2,2,2,2	712	https://www.songsterr.com/a/wsa/x-tab-s396796
Red House Painters	Japanese to English (Ver 2)	MISMATCH	Standard capo 3	E A D G B E	-3,-3,-3,-3,-3,-3	712	https://www.songsterr.com/a/wsa/x-tab-s396796
Red House Painters	Katy Song (Live · Ver 1)	MISMATCH	Open D capo 2	C# G# C# F A# D#	-3,-3,-3,-3,-1,-1	10443	https://www.songsterr.com/a/wsa/x-tab-s707729
Red House Painters	Katy Song (Ver 1)	match	C# G# C# F A# D#	C# G# C# F A# D#	0,0,0,0,0,0	10443	https://www.songsterr.com/a/wsa/x-tab-s707729
Red House Painters	Katy Song (Ver 2)	MISMATCH	C G C E A D	C# G# C# F A# D#	1,1,1,1,1,1	10443	https://www.songsterr.com/a/wsa/x-tab-s707729
Red House Painters	Katy Song (Ver 3)	MISMATCH	Standard	C# G# C# F A# D#	-3,-1,-1,-2,-1,-1	10443	https://www.songsterr.com/a/wsa/x-tab-s707729
Red House Painters	Katy Song (Ver 4)	MISMATCH	Standard capo 3	C# G# C# F A# D#	-6,-4,-4,-5,-4,-4	10443	https://www.songsterr.com/a/wsa/x-tab-s707729
Red House Painters	Katy Song (Ver 5)	MISMATCH	C G C E A D	C# G# C# F A# D#	1,1,1,1,1,1	10443	https://www.songsterr.com/a/wsa/x-tab-s707729
Red House Painters	Katy Song (Ver 6)	MISMATCH	Standard	C# G# C# F A# D#	-3,-1,-1,-2,-1,-1	10443	https://www.songsterr.com/a/wsa/x-tab-s707729
Red House Painters	Kavita (Ver 1)	MISMATCH	Drop D	E A D G B E	2,0,0,0,0,0	2	https://www.songsterr.com/a/wsa/x-tab-s1824902
Red House Painters	Long Distance Runaround (Ver 1)	match	D Standard	D G C F A D	0,0,0,0,0,0	2	https://www.songsterr.com/a/wsa/x-tab-s1083033
Red House Painters	Long Distance Runaround	match	D Standard	D G C F A D	0,0,0,0,0,0	2	https://www.songsterr.com/a/wsa/x-tab-s1083033
Red House Painters	Lord Kill the Pain (Ver 1)	match	Standard	E A D G B E	0,0,0,0,0,0	255	https://www.songsterr.com/a/wsa/x-tab-s1684344
Red House Painters	Make Like Paper (Live)	match	DADGAD	D A D G A D	0,0,0,0,0,0	67	https://www.songsterr.com/a/wsa/x-tab-s398340
Red House Painters	Make like Paper (Ver 1)	match	DADGAD	D A D G A D	0,0,0,0,0,0	67	https://www.songsterr.com/a/wsa/x-tab-s398340
Red House Painters	Make Like Paper (Ver 2)	MISMATCH	Eb Standard	D A D G A D	-1,1,1,1,-1,-1	67	https://www.songsterr.com/a/wsa/x-tab-s398340
Red House Painters	Make Like Paper (Ver 3)	MISMATCH	Open D	D A D G A D	0,0,0,1,0,0	67	https://www.songsterr.com/a/wsa/x-tab-s398340
Red House Painters	Medicine Bottle (Ver 1)	MISMATCH	D G C F G D	D G C F A D	0,0,0,0,2,0	8330	https://www.songsterr.com/a/wsa/x-tab-s669100
Red House Painters	Medicine Bottle (Ver 2)	MISMATCH	Open E	D G C F A D	-2,-4,-4,-3,-2,-2	8330	https://www.songsterr.com/a/wsa/x-tab-s669100
Red House Painters	Michael (Live)	no-songsterr	D A D E B C capo 4			0	
Red House Painters	Michael (Ver 1)	no-songsterr	D Standard capo 0			0	
Red House Painters	Michael (Ver 2)	no-songsterr	D Standard capo 0			0	
Red House Painters	Michigan (Ver 1)	no-songsterr	E B E E B E capo 0			0	
Red House Painters	Michigan (Ver 2)	no-songsterr	E B E E B E capo 2			0	
Red House Painters	Midnight on the Bay (Ver 1)	no-songsterr	C# G# C F# G# B capo 2			0	
Red House Painters	Mistress (Live)	MISMATCH	C G C F A# D	C G C F A D	0,0,0,0,-1,0	93	https://www.songsterr.com/a/wsa/x-tab-s1096087
Red House Painters	Mistress (Ver 1)	MISMATCH	Standard capo 3	C G C F A D	-7,-5,-5,-5,-5,-5	93	https://www.songsterr.com/a/wsa/x-tab-s1096087
Red House Painters	Mistress (Ver 2)	MISMATCH	Standard capo 3	C G C F A D	-7,-5,-5,-5,-5,-5	93	https://www.songsterr.com/a/wsa/x-tab-s1096087
Red House Painters	Mistress (Ver 3)	MISMATCH	Standard capo 3	C G C F A D	-7,-5,-5,-5,-5,-5	93	https://www.songsterr.com/a/wsa/x-tab-s1096087
Red House Painters	Mistress (Ver 4)	MISMATCH	C G C F A# D	C G C F A D	0,0,0,0,-1,0	93	https://www.songsterr.com/a/wsa/x-tab-s1096087
Red House Painters	Moments (Ver 1)	no-songsterr	F A D G C E capo 0			0	
Red House Painters	Moments (Ver 2)	no-songsterr	Standard capo 0			0	
Red House Painters	Mother (Ver 1)	no-songsterr	C# G C F A D capo 0			0	
Red House Painters	New Jersey (Ver 1)	match	Drop D	D A D G B E	0,0,0,0,0,0	24	https://www.songsterr.com/a/wsa/x-tab-s1382511
Red House Painters	New Jersey (Ver 2)	MISMATCH	Standard capo 2	D A D G B E	-4,-2,-2,-2,-2,-2	24	https://www.songsterr.com/a/wsa/x-tab-s1382511
Red House Painters	New Jersey	MISMATCH	E A D F# B E	D A D G B E	-2,0,0,1,0,0	24	https://www.songsterr.com/a/wsa/x-tab-s1382511
Red House Painters	Over My Head (Ver 1)	no-songsterr	G B D A A D capo 0			0	
Red House Painters	Over My Head (Ver 2)	no-songsterr	E G# B F# A D# capo 2			0	
Red House Painters	Priest Alley Song (Ver 1)	MISMATCH	Open D	C# G# C# F# A# D#	-1,-1,-1,0,1,1	117	https://www.songsterr.com/a/wsa/x-tab-s1083009
Red House Painters	Priest Alley Song (Ver 2)	MISMATCH	DADGAD	C# G# C# F# A# D#	-1,-1,-1,-1,1,1	117	https://www.songsterr.com/a/wsa/x-tab-s1083009
Red House Painters	Red Carpet (Ver 1)	no-songsterr	Drop C capo 0			0	
Red House Painters	Revelation Big Sur (Ver 1)	no-songsterr	DADGAD capo 1			0	
Red House Painters	River (Ver 1)	no-songsterr	Standard capo 0			0	
Red House Painters	Rollercoaster (Ver 1)	no-songsterr	D A D F# B E capo 0			0	
Red House Painters	San Geronimo (Ver 1)	match	D Standard	D G C F A D	0,0,0,0,0,0	88	https://www.songsterr.com/a/wsa/x-tab-s395968
Red House Painters	San Geronimo (Ver 2)	MISMATCH	Standard	D G C F A D	-2,-2,-2,-2,-2,-2	88	https://www.songsterr.com/a/wsa/x-tab-s395968
Red House Painters	Shadows (Ver 1)	no-songsterr	Standard capo 3			0	
Red House Painters	Shock Me (Ver 1)	no-songsterr	Drop D capo 1			0	
Red House Painters	Silly Love Songs (Ver 1)	no-songsterr	Standard capo 0			0	
Red House Painters	Smokey (Ver 1)	MISMATCH	E A D G# B E capo 2	E A D G B E	-2,-2,-2,-3,-2,-2	8	https://www.songsterr.com/a/wsa/x-tab-s5711940
Red House Painters	Smokey (Ver 2)	MISMATCH	E F# D# E B E	E A D G B E	0,3,-1,3,0,0	8	https://www.songsterr.com/a/wsa/x-tab-s5711940
Red House Painters	Song for a Blue Guitar (Ver 1)	no-songsterr	Standard capo 0			0	
Red House Painters	Star Spangled Banner (Ver 1)	no-songsterr	C G C F A# C capo 0			0	
Red House Painters	Strawberry Hill (Ver 1)	MISMATCH	D Standard	E A D G B E	2,2,2,2,2,2	173	https://www.songsterr.com/a/wsa/x-tab-s1035732
Red House Painters	Strawberry Hill (Ver 2)	match	Standard	E A D G B E	0,0,0,0,0,0	173	https://www.songsterr.com/a/wsa/x-tab-s1035732
Red House Painters	Strawberry Hill (Ver 3)	MISMATCH	D# A D G B E	E A D G B E	1,0,0,0,0,0	173	https://www.songsterr.com/a/wsa/x-tab-s1035732
Red House Painters	Summer Dress (Ver 1)	no-songsterr	D Standard capo 0			0	
Red House Painters	Sundays and Holidays (Ver 1)	match	DADGAD	D A D G A D	0,0,0,0,0,0	5	https://www.songsterr.com/a/wsa/x-tab-s5074488
Red House Painters	Sundays and Holidays (Ver 2)	MISMATCH	Drop D	D A D G A D	0,0,0,0,-2,-2	5	https://www.songsterr.com/a/wsa/x-tab-s5074488
Red House Painters	Take Me Out (Ver 1)	match	Standard	E A D G B E	0,0,0,0,0,0	217	https://www.songsterr.com/a/wsa/x-tab-s239185
Red House Painters	Take Me Out (Ver 2)	MISMATCH	Drop D	E A D G B E	2,0,0,0,0,0	217	https://www.songsterr.com/a/wsa/x-tab-s239185
Red House Painters	Things Mean A lot (Ver 1)	MISMATCH	DADGAD	E A D G B E	2,0,0,0,2,2	79	https://www.songsterr.com/a/wsa/x-tab-s1082870
Red House Painters	Things Mean A Lot (Ver 2)	MISMATCH	DADGAD	E A D G B E	2,0,0,0,2,2	79	https://www.songsterr.com/a/wsa/x-tab-s1082870
Red House Painters	Three-Legged Cat (Ver 1)	match	Standard	E A D G B E	0,0,0,0,0,0	8	https://www.songsterr.com/a/wsa/x-tab-s1082996
Red House Painters	Trailways (Ver 1)	no-songsterr	DADGAD capo 0			0	
Red House Painters	Uncle Joe (Ver 1)	MISMATCH	E A D G A D	D G C F A D	-2,-2,-2,-2,0,0	6	https://www.songsterr.com/a/wsa/x-tab-s3135908
Red House Painters	Uncle Joe (Ver 2)	MISMATCH	Standard	D G C F A D	-2,-2,-2,-2,-2,-2	6	https://www.songsterr.com/a/wsa/x-tab-s3135908
Red House Painters	Void (Ver 1)	no-songsterr	DADGAD capo 1			0	
Red House Painters	Void (Ver 2)	no-songsterr	D# G# D# G# A# D# capo 0			0	
Red House Painters	Waterkill (Ver 1)	MISMATCH	C# G# C# F A# D#	E A D G B E	3,1,1,2,1,1	25	https://www.songsterr.com/a/wsa/x-tab-s1082869
Red House Painters	Waterkill (Ver 2)	MISMATCH	Drop C#	E A D G B E	3,1,1,1,1,1	25	https://www.songsterr.com/a/wsa/x-tab-s1082869
Richard Buckner	4 Am	no-songsterr	Eb Standard capo 0			0	
Richard Buckner	4Am	no-songsterr	Standard capo 0			0	
Richard Buckner	A Chance Counsel	no-songsterr	Standard capo 0			0	
Richard Buckner	Ariel Ramirez	no-songsterr	Standard capo 0			0	
Richard Buckner	Blue And Wonder	no-songsterr	Standard capo 0			0	
Richard Buckner	Daisychain	no-songsterr	Standard capo 0			0	
Richard Buckner	Eds Song	no-songsterr	Standard capo 0			0	
Richard Buckner	Escape	no-songsterr	Standard capo 0			0	
Richard Buckner	Faithful Shooter	no-songsterr	Standard capo 0			0	
Richard Buckner	Firsts	no-songsterr	Standard capo 0			0	
Richard Buckner	Gauzy Dress In The Sun	no-songsterr	Standard capo 0			0	
Richard Buckner	Goner W Souvenir	no-songsterr	Standard capo 0			0	
Richard Buckner	Goodbye Rye	no-songsterr	Standard capo 0			0	
Richard Buckner	Jewelbomb	no-songsterr	Standard capo 0			0	
Richard Buckner	Kingdom	no-songsterr	Standard capo 0			0	
Richard Buckner	Lil Wallet Picture	no-songsterr	Standard capo 0			0	
Richard Buckner	Lucky Buzz	no-songsterr	Standard capo 0			0	
Richard Buckner	Mile	no-songsterr	Standard capo 0			0	
Richard Buckner	Mud	no-songsterr	Standard capo 0			0	
Richard Buckner	Once	no-songsterr	Standard capo 0			0	
Richard Buckner	Rafters	no-songsterr	E B G D A E capo 0			0	
Richard Buckner	Rainsquall	no-songsterr	Standard capo 0			0	
Richard Buckner	Raze	no-songsterr	Standard capo 0			0	
Richard Buckner	Six Years	no-songsterr	Standard capo 0			0	
Richard Buckner	Song Of 27	no-songsterr	Standard capo 0			0	
Richard Buckner	Straight	no-songsterr	Standard capo 0			0	
Richard Buckner	Surprise Az	no-songsterr	Standard capo 0			0	
Richard Buckner	Surprize Az	no-songsterr	Standard capo 0			0	
Richard Buckner	This Is Where	no-songsterr	Standard capo 0			0	
Richard Buckner	Traitor	no-songsterr	Standard capo 0			0	
Richard Buckner	Up North	no-songsterr	Standard capo 0			0	
Richard Buckner	When You Tell Me How It Is	no-songsterr	Standard capo 0			0	
Silver Jews	Advice To The Graduate	no-songsterr	Standard capo 0			0	
Silver Jews	Albemarle Station	no-songsterr	Standard capo 0			0	
Silver Jews	Black And Brown Blues	match	Standard	E A D G B E	0,0,0,0,0,0	50	https://www.songsterr.com/a/wsa/x-tab-s246874
Silver Jews	Blue Arrangements	no-songsterr	Standard capo 0			0	
Silver Jews	Buckingham Rabbit	no-songsterr	Standard capo 0			0	
Silver Jews	Candy Jail	match	Standard	E A D G B E	0,0,0,0,0,0	11	https://www.songsterr.com/a/wsa/x-tab-s246875
Silver Jews	Dallas	match	Standard	E A D G B E	0,0,0,0,0,0	457	https://www.songsterr.com/a/wsa/x-tab-s800603
Silver Jews	Death Of An Heir Of Sorrows	match	Standard	E A D G B E	0,0,0,0,0,0	1	https://www.songsterr.com/a/wsa/x-tab-s246877
Silver Jews	Friday Night Fever	MISMATCH	Standard capo 2	E A D G B E	-2,-2,-2,-2,-2,-2	69	https://www.songsterr.com/a/wsa/x-tab-s246876
Silver Jews	Honk If Youre Lonely	no-songsterr	Standard capo 0			0	
Silver Jews	Horseleg Swastikas	no-songsterr	Standard capo 0			0	
Silver Jews	How Can I Love You If You Wont Lie Down	no-songsterr	Standard capo 0			0	
Silver Jews	How To Rent A Room	match	Standard	E A D G B E	0,0,0,0,0,0	264	https://www.songsterr.com/a/wsa/x-tab-s738359
Silver Jews	I Remember Me	no-songsterr	Standard capo 0			0	
Silver Jews	Im Getting Back Into Getting Back Into You	match	Standard	E A D G B E	0,0,0,0,0,0	1	https://www.songsterr.com/a/wsa/x-tab-s1204434
Silver Jews	Im Gonna Love The Hell Out Of You	no-songsterr	Standard capo 0			0	
Silver Jews	Inside The Golden Days Of Missing You	no-songsterr	Standard capo 0			0	
Silver Jews	My Pillow Is The Threshold	match	Standard	E A D G B E	0,0,0,0,0,0	0	https://www.songsterr.com/a/wsa/x-tab-s1458415
Silver Jews	New Orleans	no-songsterr	Standard capo 0			0	
Silver Jews	Night Society	match	Standard	E A D G B E	0,0,0,0,0,0	286	https://www.songsterr.com/a/wsa/x-tab-s738374
Silver Jews	People	match	Standard	E A D G B E	0,0,0,0,0,0	224	https://www.songsterr.com/a/wsa/x-tab-s738373
Silver Jews	Pet Politics	match	Standard	E A D G B E	0,0,0,0,0,0	264	https://www.songsterr.com/a/wsa/x-tab-s3204422
Silver Jews	Pretty Eyes	match	Standard	E A D G B E	0,0,0,0,0,0	20	https://www.songsterr.com/a/wsa/x-tab-s5084795
Silver Jews	Punks In The Beerlight	match	Standard	E A D G B E	0,0,0,0,0,0	556	https://www.songsterr.com/a/wsa/x-tab-s1203165
Silver Jews	Random Rules	match	Standard	E A D G B E	0,0,0,0,0,0	1804	https://www.songsterr.com/a/wsa/x-tab-s1204427
Silver Jews	Rebel Jew	no-songsterr	Standard capo 0			0	
Silver Jews	Room Games And Diamond Rain	no-songsterr	Standard capo 0			0	
Silver Jews	Send In The Clouds	no-songsterr	Standard capo 0			0	
Silver Jews	Sleeping Is The Only Love	match	Standard	E A D G B E	0,0,0,0,0,0	8	https://www.songsterr.com/a/wsa/x-tab-s2648827
Silver Jews	Slow Education	match	Standard	E A D G B E	0,0,0,0,0,0	74	https://www.songsterr.com/a/wsa/x-tab-s246872
Silver Jews	Smith And Jones Forever	match	Standard	E A D G B E	0,0,0,0,0,0	371	https://www.songsterr.com/a/wsa/x-tab-s738363
Silver Jews	Strange Victory Strange Defeat	MISMATCH	Standard	D A D G B E	-2,0,0,0,0,0	51	https://www.songsterr.com/a/wsa/x-tab-s1257540
Silver Jews	Suffering Jukebox	match	Standard	E A D G B E	0,0,0,0,0,0	24	https://www.songsterr.com/a/wsa/x-tab-s2071719
Silver Jews	Tennessee	match	Standard	E A D G B E	0,0,0,0,0,0	19	https://www.songsterr.com/a/wsa/x-tab-s1257744
Silver Jews	The Frontier Index	no-songsterr	Standard capo 0			0	
Silver Jews	The Wild Kindness	match	Standard	E A D G B E	0,0,0,0,0,0	298	https://www.songsterr.com/a/wsa/x-tab-s738368
Silver Jews	Trains Across The Sea	match	Standard	E A D G B E	0,0,0,0,0,0	295	https://www.songsterr.com/a/wsa/x-tab-s246882
Silver Jews	We Are Real	no-songsterr	Standard capo 0			0	
Silver Jews	We Could Be Looking For The Same Thing	no-songsterr	Standard capo 0			0	
Silver Jews	What Is Not But Could Be If	no-songsterr	Standard capo 0			0	
Smog	A Guiding Light	no-songsterr	Standard capo 0			0	
Smog	A Hit	no-songsterr	Standard capo 0			0	
Smog	All Your Women Things	no-songsterr	Standard capo 0			0	
Smog	Back In School	MISMATCH	Standard	C# F# B E G# C#	-3,-3,-3,-3,-3,-3	0	https://www.songsterr.com/a/wsa/x-tab-s5865930
Smog	Bathysphere	match	Standard	E A D G B E	0,0,0,0,0,0	0	https://www.songsterr.com/a/wsa/x-tab-s1088672
Smog	Blood Red Bird	match	Standard	E A D G B E	0,0,0,0,0,0	0	https://www.songsterr.com/a/wsa/x-tab-s4844305
Smog	Butterflies Drowned In Wine	no-songsterr	Standard capo 0			0	
Smog	Chosen One	no-songsterr	Eb Standard capo 0			0	
Smog	Cold Blooded Old Times	MISMATCH	D Standard	D# G# D# F# A# D#	1,1,3,1,1,1	6	https://www.songsterr.com/a/wsa/x-tab-s248024
Smog	Dress Sexy At My Funeral	match	Standard	E A D G B E	0,0,0,0,0,0	35	https://www.songsterr.com/a/wsa/x-tab-s248017
Smog	Drinking At The Dam	no-songsterr	B F# B D# F# B capo 0			0	
Smog	Ex-Con	no-songsterr	Standard capo 0			0	
Smog	Feather By Feather	match	Standard	E A D G B E	0,0,0,0,0,0	0	https://www.songsterr.com/a/wsa/x-tab-s248023
Smog	Four Hearts In A Can	no-songsterr	Eb Standard capo 0			0	
Smog	Hangman Blues	no-songsterr	Standard capo 0			0	
Smog	Hit The Ground Running	match	Standard	E A D G B E	0,0,0,0,0,0	1	https://www.songsterr.com/a/wsa/x-tab-s5092978
Smog	I Break Horses	no-songsterr	Standard capo 0			0	
Smog	I Feel Like The Mother Of The World	no-songsterr	Standard capo 0			0	
Smog	I Was A Stranger	match	Standard	E A D G B E	0,0,0,0,0,0	1	https://www.songsterr.com/a/wsa/x-tab-s5548433
Smog	In The Pines	no-songsterr	Standard capo 0			0	
Smog	Knock Knock	no-songsterr	Drop D capo 0			0	
Smog	Let Me See The Colts	no-songsterr	Standard capo 0			0	
Smog	Live As If Someone Is Always Watching You	no-songsterr	Standard capo 0			0	
Smog	Lize	no-songsterr	Standard capo 0			0	
Smog	Our Anniversary	no-songsterr	Standard capo 0			0	
Smog	Permanent Smile	no-songsterr	D Standard capo 0			0	
Smog	Red Apple Falls	no-songsterr	Standard capo 0			0	
Smog	River Guard	match	Standard	E A D G B E	0,0,0,0,0,0	11	https://www.songsterr.com/a/wsa/x-tab-s248016
Smog	Rock Bottom Riser	no-songsterr	Standard capo 0			0	
Smog	Say Valley Maker	MISMATCH	Eb Standard	E A D G B E	1,1,1,1,1,1	1	https://www.songsterr.com/a/wsa/x-tab-s5116367
Smog	Short Drive	no-songsterr	Standard capo 0			0	
Smog	Spanish Moss	no-songsterr	Standard capo 0			0	
Smog	Strayed	no-songsterr	Standard capo 0			0	
Smog	Teenage Spaceship	match	Standard	E A D G B E	0,0,0,0,0,0	19	https://www.songsterr.com/a/wsa/x-tab-s5092919
Smog	The Well	no-songsterr	Standard capo 0			0	
Smog	To Be Of Use	match	Standard	E A D G B E	0,0,0,0,0,0	0	https://www.songsterr.com/a/wsa/x-tab-s5528522
Smog	Truth Serum	no-songsterr	Standard capo 0			0	
Smog	Vessel In Vain	match	Standard	E A D G B E	0,0,0,0,0,0	49	https://www.songsterr.com/a/wsa/x-tab-s248020
Son Volt	Back Into Your World	match	Eb Standard	D# G# C# F# A# D#	0,0,0,0,0,0	4	https://www.songsterr.com/a/wsa/x-tab-s4878468
Son Volt	Barstow	no-songsterr	Standard capo 0			0	
Son Volt	Been Set Free	no-songsterr	Double Drop D capo 0			0	
Son Volt	Blind Hope	no-songsterr	Standard capo 0			0	
Son Volt	Carry You Down	no-songsterr	Standard capo 0			0	
Son Volt	Caryatid Easy	match	Standard	E A D G B E	0,0,0,0,0,0	62	https://www.songsterr.com/a/wsa/x-tab-s427083
Son Volt	Catching On	match	Standard	E A D G B E	0,0,0,0,0,0	6	https://www.songsterr.com/a/wsa/x-tab-s4204025
Son Volt	Cemetery Savior	match	Standard	E A D G B E	0,0,0,0,0,0	0	https://www.songsterr.com/a/wsa/x-tab-s5215368
Son Volt	Clear Day Thunder	no-songsterr	Drop D capo 0			0	
Son Volt	Creosote	no-songsterr	Open G capo 0			0	
Son Volt	Damn Shame	no-songsterr	Standard capo 0			0	
Son Volt	Dead Man's Clothes	no-songsterr	Standard capo 0			0	
Son Volt	Dead Promises	no-songsterr	Standard capo 0			0	
Son Volt	Drain	no-songsterr	Standard capo 0			0	
Son Volt	Driving the View	no-songsterr	Standard capo 0			0	
Son Volt	Drown	match	Standard	E A D G B E	0,0,0,0,0,0	477	https://www.songsterr.com/a/wsa/x-tab-s1103164
Son Volt	Feed Kill Chain	no-songsterr	Standard capo 0			0	
Son Volt	Feel Free	no-songsterr	Standard capo 0			0	
Son Volt	Flow	no-songsterr	Standard capo 0			0	
Son Volt	Hanging Blue Slide	no-songsterr	Standard capo 0			0	
Son Volt	Last Minute Shakedown	no-songsterr	Standard capo 0			0	
Son Volt	Left A Slide	no-songsterr	Eb Standard capo 0			0	
Son Volt	Live Free	no-songsterr	Standard capo 0			0	
Son Volt	Loose String	no-songsterr	Standard capo 0			0	
Son Volt	Make It Alright	no-songsterr	Open D capo 0			0	
Son Volt	Medicine Hat	match	Standard	E A D G B E	0,0,0,0,0,0	3	https://www.songsterr.com/a/wsa/x-tab-s248462
Son Volt	Mystifies Me	match	Standard	E A D G B E	0,0,0,0,0,0	20	https://www.songsterr.com/a/wsa/x-tab-s248496
Son Volt	No More Parades	no-songsterr	E B G D A E capo 0			0	
Son Volt	Out of the Picture	MISMATCH	E B G D A D	D A D G B D	-2,-2,-5,-7,-10,-12	28	https://www.songsterr.com/a/wsa/x-tab-s248467
Son Volt	Outside The Door	no-songsterr	Standard capo 2			0	
Son Volt	Picking Up The Signal	no-songsterr	Drop D capo 0			0	
Son Volt	Question	no-songsterr	Standard capo 0			0	
Son Volt	Right On Through	no-songsterr	Standard capo 0			0	
Son Volt	Route	match	Standard	E A D G B E	0,0,0,0,0,0	87	https://www.songsterr.com/a/wsa/x-tab-s1102733
Son Volt	Straightface	no-songsterr	Standard capo 0			0	
Son Volt	Strands	no-songsterr	Drop D capo 0			0	
Son Volt	Streets That Time Walks	no-songsterr	Standard capo 0			0	
Son Volt	Tear-Stained Eye	match	Standard	E A D G B E	0,0,0,0,0,0	181	https://www.songsterr.com/a/wsa/x-tab-s248479
Son Volt	Ten Second News	MISMATCH	D A D G C D	E A D G B E	2,0,0,0,-1,2	10	https://www.songsterr.com/a/wsa/x-tab-s248487
Son Volt	Too Early	match	Standard	E A D G B E	0,0,0,0,0,0	457	https://www.songsterr.com/a/wsa/x-tab-s248463
Son Volt	Way Down Watson	no-songsterr	Double Drop D capo 0			0	
Son Volt	Windfall	match	Standard	E A D G B E	0,0,0,0,0,0	275	https://www.songsterr.com/a/wsa/x-tab-s248466
Songs: Ohia	Almost Was Good Enough	match	Standard	E A D G B E	0,0,0,0,0,0	1	https://www.songsterr.com/a/wsa/x-tab-s5683502
Songs: Ohia	Back On Top	MISMATCH	Standard	C F A# D# G C	-4,-4,-4,-4,-4,-4	0	https://www.songsterr.com/a/wsa/x-tab-s5659893
Songs: Ohia	Being In Love	MISMATCH	Standard	D# G# C# F# A# D#	-1,-1,-1,-1,-1,-1	62	https://www.songsterr.com/a/wsa/x-tab-s248583
Songs: Ohia	Blue Chicago Moon	match	Standard	E A D G B E	0,0,0,0,0,0	224	https://www.songsterr.com/a/wsa/x-tab-s248589
Songs: Ohia	Blue Factory Flame	match	Standard	E A D G B E	0,0,0,0,0,0	20	https://www.songsterr.com/a/wsa/x-tab-s2780755
Songs: Ohia	Cabwaylingo	match	Standard	E A D G B E	0,0,0,0,0,0	0	https://www.songsterr.com/a/wsa/x-tab-s5659927
Songs: Ohia	Captain Badass	match	Standard	E A D G B E	0,0,0,0,0,0	0	https://www.songsterr.com/a/wsa/x-tab-s5894359
Songs: Ohia	Coxcomb Red	match	Standard	E A D G B E	0,0,0,0,0,0	0	https://www.songsterr.com/a/wsa/x-tab-s5659875
Songs: Ohia	Crab Orchard	match	Standard	E A D G B E	0,0,0,0,0,0	0	https://www.songsterr.com/a/wsa/x-tab-s5659946
Songs: Ohia	Cross The Road Molina	match	Standard	E A D G B E	0,0,0,0,0,0	0	https://www.songsterr.com/a/wsa/x-tab-s5660204
Songs: Ohia	Darling	no-songsterr	Standard capo 0			0	
Songs: Ohia	Didnt It Rain	match	Standard	E A D G B E	0,0,0,0,0,0	1	https://www.songsterr.com/a/wsa/x-tab-s5660158
Songs: Ohia	Dogwood Gap	match	Standard	E A D G B E	0,0,0,0,0,0	0	https://www.songsterr.com/a/wsa/x-tab-s5660084
Songs: Ohia	Farewell Transmission	MISMATCH	Open A	E A D G B E	0,0,-2,-2,-2,0	1038	https://www.songsterr.com/a/wsa/x-tab-s248590
Songs: Ohia	Hold On Magnolia	match	Standard	E A D G B E	0,0,0,0,0,0	6	https://www.songsterr.com/a/wsa/x-tab-s5287454
Songs: Ohia	How To Be Perfect Men	match	Standard	E A D G B E	0,0,0,0,0,0	0	https://www.songsterr.com/a/wsa/x-tab-s5894425
Songs: Ohia	Ive Been Riding With The Ghost	match	Standard	E A D G B E	0,0,0,0,0,0	90	https://www.songsterr.com/a/wsa/x-tab-s2973859
Songs: Ohia	John Henry Split My Heart	MISMATCH	Drop D	E A D G B E	2,0,0,0,0,0	160	https://www.songsterr.com/a/wsa/x-tab-s2104528
Songs: Ohia	Just Be Simple	match	Standard	E A D G B E	0,0,0,0,0,0	3	https://www.songsterr.com/a/wsa/x-tab-s5683367
Songs: Ohia	Lioness	match	Standard	E A D G B E	0,0,0,0,0,0	11	https://www.songsterr.com/a/wsa/x-tab-s5659887
Songs: Ohia	Love Leaves Its Abusers	match	Standard	E A D G B E	0,0,0,0,0,0	0	https://www.songsterr.com/a/wsa/x-tab-s5894310
Songs: Ohia	Nervous Bride	match	Standard	E A D G B E	0,0,0,0,0,0	0	https://www.songsterr.com/a/wsa/x-tab-s5659811
Songs: Ohia	Peoria Lunch Box Blues	match	Standard	E A D G B E	0,0,0,0,0,0	0	https://www.songsterr.com/a/wsa/x-tab-s5684404
Songs: Ohia	Ring The Bell	match	Standard	E A D G B E	0,0,0,0,0,0	1	https://www.songsterr.com/a/wsa/x-tab-s5660188
Songs: Ohia	Soul	no-songsterr	Standard capo 0			0	
Songs: Ohia	The Black Crow	match	Standard	E A D G B E	0,0,0,0,0,0	0	https://www.songsterr.com/a/wsa/x-tab-s5659688
Songs: Ohia	The Old Black Hen	match	Standard	E A D G B E	0,0,0,0,0,0	0	https://www.songsterr.com/a/wsa/x-tab-s5684160
Songs: Ohia	Tigress	match	Standard	E A D G B E	0,0,0,0,0,0	50	https://www.songsterr.com/a/wsa/x-tab-s5659807
Songs: Ohia	Translation	no-songsterr	Standard capo 0			0	
Songs: Ohia	Two Blue Lights	match	Standard	E A D G B E	0,0,0,0,0,0	0	https://www.songsterr.com/a/wsa/x-tab-s5660202
Songs: Ohia	Whip Poor Will	match	Standard	E A D G B E	0,0,0,0,0,0	1	https://www.songsterr.com/a/wsa/x-tab-s5689560
Songs: Ohia	Wondrous Love	no-songsterr	Standard capo 0			0	
Sparklehorse	Apple Bed	match	Standard	E A D G B E	0,0,0,0,0,0	301	https://www.songsterr.com/a/wsa/x-tab-s248991
Sparklehorse	Comfort Me	no-songsterr	Standard capo 0			0	
Sparklehorse	Cow	match	Standard	E A D G B E	0,0,0,0,0,0	391	https://www.songsterr.com/a/wsa/x-tab-s248989
Sparklehorse	Evening Star Supercharger	no-songsterr	Standard capo 0			0	
Sparklehorse	Eyepennies	no-songsterr	Standard capo 0			0	
Sparklehorse	Gasoline Horseys	no-songsterr	Standard capo 0			0	
Sparklehorse	Getting It Wrong	no-songsterr	Standard capo 0			0	
Sparklehorse	Gold Day	match	Standard	E A D G B E	0,0,0,0,0,0	40	https://www.songsterr.com/a/wsa/x-tab-s248984
Sparklehorse	Hammering The Cramps	match	Standard	E A D G B E	0,0,0,0,0,0	16	https://www.songsterr.com/a/wsa/x-tab-s2091393
Sparklehorse	Happy Man	match	Standard	E A D G B E	0,0,0,0,0,0	385	https://www.songsterr.com/a/wsa/x-tab-s18912
Sparklehorse	Heart Of Darkness	MISMATCH	Standard capo 2	E A D G B E	-2,-2,-2,-2,-2,-2	66	https://www.songsterr.com/a/wsa/x-tab-s248982
Sparklehorse	Hey Joe	no-songsterr	Standard capo 0			0	
Sparklehorse	Homecoming Queen	match	Standard	E A D G B E	0,0,0,0,0,0	53	https://www.songsterr.com/a/wsa/x-tab-s5092609
Sparklehorse	Hundreds Of Sparrows	match	Standard	E A D G B E	0,0,0,0,0,0	0	https://www.songsterr.com/a/wsa/x-tab-s248987
Sparklehorse	Insane Lullaby	no-songsterr	Standard capo 0			0	
Sparklehorse	Its A Wonderful Life	no-songsterr	Standard capo 0			0	
Sparklehorse	King Of Nails	MISMATCH	Standard	D A D G B E	-2,0,0,0,0,0	133	https://www.songsterr.com/a/wsa/x-tab-s863925
Sparklehorse	Knives Of Summertime	no-songsterr	Standard capo 0			0	
Sparklehorse	Little Fat Baby	no-songsterr	Standard capo 0			0	
Sparklehorse	Marias Little Elbows	match	Standard	E A D G B E	0,0,0,0,0,0	58	https://www.songsterr.com/a/wsa/x-tab-s248996
Sparklehorse	More Yellow Birds	no-songsterr	Standard capo 0			0	
Sparklehorse	Morning Hollow	no-songsterr	Standard capo 0			0	
Sparklehorse	Most Beautiful Widow In Town	match	Standard	E A D G B E	0,0,0,0,0,0	2	https://www.songsterr.com/a/wsa/x-tab-s5070325
Sparklehorse	Painbirds	match	Standard	E A D G B E	0,0,0,0,0,0	26	https://www.songsterr.com/a/wsa/x-tab-s249003
Sparklehorse	Piano Fire	MISMATCH	Standard capo 2	E A D G B E	-2,-2,-2,-2,-2,-2	259	https://www.songsterr.com/a/wsa/x-tab-s893517
Sparklehorse	Pig	match	Standard	E A D G B E	0,0,0,0,0,0	101	https://www.songsterr.com/a/wsa/x-tab-s974249
Sparklehorse	Please Dont Take My Sunshine Away	no-songsterr	Standard capo 0			0	
Sparklehorse	Rainmaker	match	Standard	E A D G B E	0,0,0,0,0,0	0	https://www.songsterr.com/a/wsa/x-tab-s5092783
Sparklehorse	Sad And Beautiful World	match	Standard	E A D G B E	0,0,0,0,0,0	1	https://www.songsterr.com/a/wsa/x-tab-s5092846
Sparklehorse	Saint Mary	no-songsterr	Standard capo 0			0	
Sparklehorse	Saturday	MISMATCH	Standard capo 3	E A D G B E	-3,-3,-3,-3,-3,-3	13	https://www.songsterr.com/a/wsa/x-tab-s249004
Sparklehorse	Sea Of Teeth	MISMATCH	C# A D G B E	E A D G B E	3,0,0,0,0,0	3	https://www.songsterr.com/a/wsa/x-tab-s5092811
Sparklehorse	Shade And Honey	no-songsterr	Standard capo 0			0	
Sparklehorse	Sick Of Goodbyes	match	Standard	E A D G B E	0,0,0,0,0,0	14	https://www.songsterr.com/a/wsa/x-tab-s249000
Sparklehorse	Some Sweet Day	match	Standard	E A D G B E	0,0,0,0,0,0	12	https://www.songsterr.com/a/wsa/x-tab-s1894949
Sparklehorse	Someday I Will Treat You Good	match	Standard	E A D G B E	0,0,0,0,0,0	722	https://www.songsterr.com/a/wsa/x-tab-s2188788
Sparklehorse	Spirit Ditch	match	Standard	E A D G B E	0,0,0,0,0,0	57	https://www.songsterr.com/a/wsa/x-tab-s248999
Sparklehorse	Sunshine	match	Standard	E A D G B E	0,0,0,0,0,0	7	https://www.songsterr.com/a/wsa/x-tab-s248998
Sparklehorse	Weird Sisters	no-songsterr	Standard capo 0			0	
Sparklehorse	Wish You Were Here	match	Standard	E A D G B E	0,0,0,0,0,0	0	https://www.songsterr.com/a/wsa/x-tab-s249002
Sun Kil Moon	Admiral Fell Promises (Ver 1)	no-songsterr	D A D E A D capo 7			0	
Sun Kil Moon	Admiral Fell Promises (Ver 2)	no-songsterr	D A D E A D capo 7			0	
Sun Kil Moon	Albuquerque (Live)	no-songsterr	DADGAD capo 4			0	
Sun Kil Moon	Among The Leaves	no-songsterr	DADGAD capo 1			0	
Sun Kil Moon	Australian Winter	no-songsterr	C G C F G C capo 0			0	
Sun Kil Moon	Bay of Skulls (Ver 1)	no-songsterr	Double Drop D capo 0			0	
Sun Kil Moon	Bay of Skulls (Ver 2)	no-songsterr	C G C F G B capo 0			0	
Sun Kil Moon	Black Kite	no-songsterr	DADGAD capo 0			0	
Sun Kil Moon	Blue Orchids	no-songsterr	DADGAD capo 3			0	
Sun Kil Moon	Carissa	match	C G C E G C	C G C E G C	0,0,0,0,0,0	625	https://www.songsterr.com/a/wsa/x-tab-s398339
Sun Kil Moon	Carry Me Ohio (Ver 1)	MISMATCH	Standard capo 2	D A D G A D	-4,-2,-2,-2,-4,-4	1534	https://www.songsterr.com/a/wsa/x-tab-s251826
Sun Kil Moon	Carry Me Ohio (Ver 2)	MISMATCH	DADGAD capo 4	D A D G A D	-4,-4,-4,-4,-4,-4	1534	https://www.songsterr.com/a/wsa/x-tab-s251826
Sun Kil Moon	Church of the Pines	no-songsterr	B F# B E F# B capo 0			0	
Sun Kil Moon	Convenient Parking (Live)	no-songsterr	D A D E B C capo 0			0	
Sun Kil Moon	Convenient Parking (Ver 1)	no-songsterr	D A D E A C capo 0			0	
Sun Kil Moon	Dogs	match	Eb Standard	D# G# C# F# A# D#	0,0,0,0,0,0	64	https://www.songsterr.com/a/wsa/x-tab-s1083038
Sun Kil Moon	Dramamine (Live)	MISMATCH	DADGAD capo 2	C G C F A D	-4,-4,-4,-4,-2,-2	261	https://www.songsterr.com/a/wsa/x-tab-s1083025
Sun Kil Moon	Dramamine (Ver 1)	MISMATCH	C G C F G C	C G C F A D	0,0,0,0,2,2	261	https://www.songsterr.com/a/wsa/x-tab-s1083025
Sun Kil Moon	Duk Koo Kim (Ver 1)	MISMATCH	C# G# C# D# A# C	C# G# C# F# A# D#	0,0,0,3,0,3	5389	https://www.songsterr.com/a/wsa/x-tab-s944843
Sun Kil Moon	Duk Koo Kim (Ver 2)	MISMATCH	C# G# C# D# A# C	C# G# C# F# A# D#	0,0,0,3,0,3	5389	https://www.songsterr.com/a/wsa/x-tab-s944843
Sun Kil Moon	Elaine	no-songsterr	D Standard capo 0			0	
Sun Kil Moon	Exit does not Exist	no-songsterr	Standard capo 0			0	
Sun Kil Moon	Floating	match	DADGAD	D A D G A D	0,0,0,0,0,0	546	https://www.songsterr.com/a/wsa/x-tab-s842508
Sun Kil Moon	Four-Fingered Fisherman (Live)	no-songsterr	D A D E A C# capo 2			0	
Sun Kil Moon	Four-Fingered Fisherman (Ver 1)	no-songsterr	C G C F G E capo 1			0	
Sun Kil Moon	Gentle Moon (Ver 1)	MISMATCH	D A D G C D capo 1	E A D G B E	1,-1,-1,-1,-2,1	10	https://www.songsterr.com/a/wsa/x-tab-s251824
Sun Kil Moon	Gentle Moon (Ver 2)	MISMATCH	E A D G C E capo 1	E A D G B E	-1,-1,-1,-1,-2,-1	10	https://www.songsterr.com/a/wsa/x-tab-s251824
Sun Kil Moon	Glenn Tipton (Ver 1)	MISMATCH	Drop D capo 3	D A D G A D	-3,-3,-3,-3,-5,-5	482	https://www.songsterr.com/a/wsa/x-tab-s251827
Sun Kil Moon	Glenn Tipton (Ver 2)	MISMATCH	DADGAD capo 3	D A D G A D	-3,-3,-3,-3,-3,-3	482	https://www.songsterr.com/a/wsa/x-tab-s251827
Sun Kil Moon	Grey Ice Water	no-songsterr	Standard capo 0			0	
Sun Kil Moon	Half Moon Bay	no-songsterr	C# G# C# F# B D# capo 0			0	
Sun Kil Moon	Heron Blue	MISMATCH	Open D capo 5	F A C G C E	-14,-5,-7,-4,-2,-3	269	https://www.songsterr.com/a/wsa/x-tab-s61290
Sun Kil Moon	I Can't Live Without My Mothers Love	match	DADGAD	D A D G A D	0,0,0,0,0,0	487	https://www.songsterr.com/a/wsa/x-tab-s438026
Sun Kil Moon	I Knowitspathetic	no-songsterr	C G C F G C capo 4			0	
Sun Kil Moon	I'll Be There	no-songsterr	DADGAD capo 3			0	
Sun Kil Moon	I Watched The Film The Song Remains The Same	MISMATCH	Open D capo 2	E A B E B E	0,-2,-5,-4,0,0	32	https://www.songsterr.com/a/wsa/x-tab-s1083039
Sun Kil Moon	Jesus Christ was an Only Child	no-songsterr	Standard capo 0			0	
Sun Kil Moon	Jim Wise	no-songsterr	D Standard capo 0			0	
Sun Kil Moon	Last Tide (Ver 2)	no-songsterr	DADGAD capo 0			0	
Sun Kil Moon	Last Tide	no-songsterr	D A D G B F# capo 0			0	
Sun Kil Moon	Like The River	MISMATCH	Standard	C G C G C E	-4,-2,-2,0,1,0	4	https://www.songsterr.com/a/wsa/x-tab-s3669406
Sun Kil Moon	Lonely Mountain (Ver 1)	no-songsterr	DADGAD capo 1			0	
Sun Kil Moon	Lost Verses (Live) (Live)	MISMATCH	Open D	E B E G# B E	2,2,2,2,2,2	21	https://www.songsterr.com/a/wsa/x-tab-s251823
Sun Kil Moon	Lost Verses	match	Open D capo 2	E B E G# B E	0,0,0,0,0,0	21	https://www.songsterr.com/a/wsa/x-tab-s251823
Sun Kil Moon	Lucky Man	no-songsterr	DADGAD capo 1			0	
Sun Kil Moon	Micheline	no-songsterr	DADGAD capo 0			0	
Sun Kil Moon	Moorestown (Live · Ver 1)	no-songsterr	D A D F# A C# capo 3			0	
Sun Kil Moon	Moorestown (Live · Ver 2)	no-songsterr	C G C D G B capo 4			0	
Sun Kil Moon	Never Ending Math Equation	no-songsterr	DADGAD capo 2			0	
Sun Kil Moon	Ocean Breathes Salty (Live) (Live)	no-songsterr	DADGAD capo 1			0	
Sun Kil Moon	Ocean Breathes Salty (Ver 1)	no-songsterr	Open D capo 0			0	
Sun Kil Moon	Ocean Breathes Salty (Ver 2)	no-songsterr	D A D E A D capo 1			0	
Sun Kil Moon	Pancho Villa	no-songsterr	DADGAD capo 8			0	
Sun Kil Moon	Richard Ramirez Died Today of Natural Causes	no-songsterr	A E C E F A capo 0			0	
Sun Kil Moon	Salvador Sanchez (Ver 1)	MISMATCH	C G D G C E	C G C F A D	0,0,-2,-2,-3,-2	1286	https://www.songsterr.com/a/wsa/x-tab-s2026935
Sun Kil Moon	Salvador Sanchez (Ver 2)	MISMATCH	Standard	C G C F A D	-4,-2,-2,-2,-2,-2	1286	https://www.songsterr.com/a/wsa/x-tab-s2026935
Sun Kil Moon	Sam Wong Hotel	no-songsterr	B E A D F# B capo 0			0	
Sun Kil Moon	Sí, Paloma (Ver 1)	no-songsterr	DADGAD capo 3			0	
Sun Kil Moon	Si, Paloma (Ver 2)	no-songsterr	DADGAD capo 3			0	
Sun Kil Moon	Song for Richard Collopy	no-songsterr	D A D E A C# capo 4			0	
Sun Kil Moon	Space Travel is Boring	MISMATCH	DADGAD capo 4	D# G# C# F# A# D#	-3,-5,-5,-5,-3,-3	28	https://www.songsterr.com/a/wsa/x-tab-s5301594
Sun Kil Moon	Sun Kil Moon - I'll Be There	no-songsterr	DADGAD capo 0			0	
Sun Kil Moon	Sunshine In Chicago	no-songsterr	DADGAD capo 1			0	
Sun Kil Moon	That Bird Has a Broken Wing	no-songsterr	C G C F G C capo 0			0	
Sun Kil Moon	The Light (Alt acoustic Version)	no-songsterr	C G C F G C capo 0			0	
Sun Kil Moon	The Moderately Talented Yet Attractive Young Woman	no-songsterr	DADGAD capo 3			0	
Sun Kil Moon	The Winery	no-songsterr	DADGAD capo 3			0	
Sun Kil Moon	Tiny Cities made of Ashes (Live)	no-songsterr	E A D E B C# capo 5			0	
Sun Kil Moon	Tiny Cities made of Ashes (Ver 1)	no-songsterr	D G D G B C capo 6			0	
Sun Kil Moon	Tonight the Sky (Alt Version)	no-songsterr	DADGAD capo 0			0	
Sun Kil Moon	Track Number 8 (Ver 2)	no-songsterr	Drop C capo 0			0	
Sun Kil Moon	Track Number 8	no-songsterr	DADGAD capo 0			0	
Sun Kil Moon	Truck Driver	MISMATCH	Drop D	A# F A# D# G C	-4,-4,-4,-4,-4,-4	0	https://www.songsterr.com/a/wsa/x-tab-s5020451
Sun Kil Moon	Trucker's Atlas	MISMATCH	D A D E B C capo 4	D A D E B C#	-4,-4,-4,-4,-4,-3	1473	https://www.songsterr.com/a/wsa/x-tab-s80210
Sun Kil Moon	Unlit Hallway (Live)	MISMATCH	C G C D A B capo 5	E A D G B E	-1,-3,-3,0,-3,0	81	https://www.songsterr.com/a/wsa/x-tab-s2591559
Sun Kil Moon	Young Love	no-songsterr	Standard capo 0			0	
Sun Kil Moon	Admiral Fell Promises	no-songsterr	D A D E A D capo 0			0	
Sun Kil Moon	Alesund	MISMATCH	Standard	C# G# C# D# A# C	-3,-1,-1,-4,-1,-4	14932	https://www.songsterr.com/a/wsa/x-tab-s80209
Sun Kil Moon	Among The Leaves	no-songsterr	DADGAD capo 0			0	
Sun Kil Moon	Bens My Friend	match	Standard	E A D G B E	0,0,0,0,0,0	82	https://www.songsterr.com/a/wsa/x-tab-s1083034
Sun Kil Moon	Black Perch	no-songsterr	D A D E A D capo 0			0	
Sun Kil Moon	Blue Orchids	no-songsterr	DADGAD capo 0			0	
Sun Kil Moon	Carissa	MISMATCH	Standard	C G C E G C	-4,-2,-2,-3,-4,-4	625	https://www.songsterr.com/a/wsa/x-tab-s398339
Sun Kil Moon	Carry Me Ohio	MISMATCH	Standard	D A D G A D	-2,0,0,0,-2,-2	1534	https://www.songsterr.com/a/wsa/x-tab-s251826
Sun Kil Moon	Dogs	MISMATCH	Standard	D# G# C# F# A# D#	-1,-1,-1,-1,-1,-1	64	https://www.songsterr.com/a/wsa/x-tab-s1083038
Sun Kil Moon	Duk Koo Kim	MISMATCH	C# G# C# D# A# D#	C# G# C# F# A# D#	0,0,0,3,0,0	5389	https://www.songsterr.com/a/wsa/x-tab-s944843
Sun Kil Moon	Early June Blues	no-songsterr	Standard capo 0			0	
Sun Kil Moon	Elaine	no-songsterr	B F# B E F# B capo 0			0	
Sun Kil Moon	Exit Does Not Exist	no-songsterr	Standard capo 0			0	
Sun Kil Moon	Floating	match	DADGAD	D A D G A D	0,0,0,0,0,0	546	https://www.songsterr.com/a/wsa/x-tab-s842508
Sun Kil Moon	Garden Of Lavender	no-songsterr	DADGAD capo 0			0	
Sun Kil Moon	Gentle Moon	match	Standard	E A D G B E	0,0,0,0,0,0	10	https://www.songsterr.com/a/wsa/x-tab-s251824
Sun Kil Moon	Glenn Tipton	match	DADGAD	D A D G A D	0,0,0,0,0,0	482	https://www.songsterr.com/a/wsa/x-tab-s251827
Sun Kil Moon	Grey Ice Water	no-songsterr	Standard capo 0			0	
Sun Kil Moon	Heron Blue	MISMATCH	Standard	F A C G C E	-11,0,-2,0,1,0	269	https://www.songsterr.com/a/wsa/x-tab-s61290
Sun Kil Moon	I Cant Live Without My Mothers Love	MISMATCH	Standard	D A D G A D	-2,0,0,0,-2,-2	487	https://www.songsterr.com/a/wsa/x-tab-s438026
Sun Kil Moon	I Know Its Pathetic But That Was The Greatest Night Of My Life	no-songsterr	Standard capo 0			0	
Sun Kil Moon	I Love My Dad	no-songsterr	DADGAD capo 0			0	
Sun Kil Moon	I Watched The Film The Song Remains The Same	MISMATCH	Open D	E A B E B E	2,0,-3,-2,2,2	32	https://www.songsterr.com/a/wsa/x-tab-s1083039
Sun Kil Moon	Jesus Christ Was An Only Child	no-songsterr	Standard capo 0			0	
Sun Kil Moon	Jim Wise	no-songsterr	Standard capo 0			0	
Sun Kil Moon	Last Tide	no-songsterr	DADGAD capo 0			0	
Sun Kil Moon	Lemon Balm	no-songsterr	D A D G G C capo 0			0	
Sun Kil Moon	Like The River	MISMATCH	Standard	C G C G C E	-4,-2,-2,0,1,0	4	https://www.songsterr.com/a/wsa/x-tab-s3669406
Sun Kil Moon	Lily And Parrots	MISMATCH	Standard	D# G# C# F# A# D#	-1,-1,-1,-1,-1,-1	95	https://www.songsterr.com/a/wsa/x-tab-s2393934
Sun Kil Moon	Lonely Mountain	no-songsterr	DADGAD capo 0			0	
Sun Kil Moon	Lost Verses	MISMATCH	Standard	E B E G# B E	0,2,2,1,0,0	21	https://www.songsterr.com/a/wsa/x-tab-s251823
Sun Kil Moon	Micheline	no-songsterr	DADGAD capo 0			0	
Sun Kil Moon	Moorestown	no-songsterr	Drop C# capo 0			0	
Sun Kil Moon	Natural Light	no-songsterr	Drop C# capo 0			0	
Sun Kil Moon	Neverending Math Equation	match	Standard	E A D G B E	0,0,0,0,0,0	2	https://www.songsterr.com/a/wsa/x-tab-s5637775
Sun Kil Moon	Ocean Breathes Salty	no-songsterr	Open D capo 0			0	
Sun Kil Moon	Pancho Villa	no-songsterr	DADGAD capo 0			0	
Sun Kil Moon	Pray For Newtown	no-songsterr	C G C G C C capo 0			0	
Sun Kil Moon	Richard Ramirez Died Today Of Natural Causes	no-songsterr	A E C E F A capo 0			0	
Sun Kil Moon	Sam Wong Hotel	no-songsterr	B F# B D# F# D# capo 0			0	
Sun Kil Moon	Somewhere	no-songsterr	Standard capo 0			0	
Sun Kil Moon	Song For Richard Collopy	no-songsterr	D A D E A C# capo 0			0	
Sun Kil Moon	Space Travel Is Boring	MISMATCH	Standard	D# G# C# F# A# D#	-1,-1,-1,-1,-1,-1	28	https://www.songsterr.com/a/wsa/x-tab-s5301594
Sun Kil Moon	Sunshine In Chicago	no-songsterr	Standard capo 0			0	
Sun Kil Moon	That Bird Has A Broken Wing	no-songsterr	C G C F G C capo 0			0	
Sun Kil Moon	The Highway Song	no-songsterr	D Standard capo 0			0	
Sun Kil Moon	The Leaning Tree	no-songsterr	C# G# C# F# G# C# capo 0			0	
Sun Kil Moon	The Light	MISMATCH	Drop D	D A D F# A D	0,0,0,-1,-2,-2	10	https://www.songsterr.com/a/wsa/x-tab-s251825
Sun Kil Moon	The Moderately Talented Yet Attractive Young Woman Vs	no-songsterr	DADGAD capo 0			0	
Sun Kil Moon	The Winery	no-songsterr	DADGAD capo 0			0	
Sun Kil Moon	Third And Seneca	no-songsterr	Standard capo 0			0	
Sun Kil Moon	Tiny Cities Made Of Ashes	no-songsterr	Standard capo 0			0	
Sun Kil Moon	Tonight The Sky	no-songsterr	Standard capo 0			0	
Sun Kil Moon	Track Number 8	no-songsterr	DADGAD capo 0			0	
Sun Kil Moon	Truck Driver	MISMATCH	Drop D	A# F A# D# G C	-4,-4,-4,-4,-4,-4	0	https://www.songsterr.com/a/wsa/x-tab-s5020451
Sun Kil Moon	Truckers Atlas	MISMATCH	Standard	D A D E B C#	-2,0,0,-3,0,-3	1473	https://www.songsterr.com/a/wsa/x-tab-s80210
Sun Kil Moon	Unlit Hallway	match	Standard	E A D G B E	0,0,0,0,0,0	81	https://www.songsterr.com/a/wsa/x-tab-s2591559
Sun Kil Moon	War On Drugs Suck My Cock	no-songsterr	Open G capo 0			0	
Sun Kil Moon	You Are My Sun	no-songsterr	D A D E A D capo 0			0	
Sun Kil Moon	You Missed My Heart	no-songsterr	Standard capo 0			0	
Sun Kil Moon	Young Love	no-songsterr	Standard capo 0			0	
Uncle Tupelo	Acuff-Rose	no-songsterr	D A E A D F# capo 0			0	
Uncle Tupelo	Anodyne	no-songsterr	Open G capo 0			0	
Uncle Tupelo	Atomic Power	no-songsterr	Standard capo 0			0	
Uncle Tupelo	Before I Break	no-songsterr	Standard capo 0			0	
Uncle Tupelo	Black Eye	MISMATCH	Standard capo 5	E A D G B E	-5,-5,-5,-5,-5,-5	8	https://www.songsterr.com/a/wsa/x-tab-s252910
Uncle Tupelo	Blue Eyes	no-songsterr	Standard capo 0			0	
Uncle Tupelo	Chickamauga	match	Standard	E A D G B E	0,0,0,0,0,0	0	https://www.songsterr.com/a/wsa/x-tab-s252923
Uncle Tupelo	Coalminers	no-songsterr	Standard capo 0			0	
Uncle Tupelo	Cold Shoulder	MISMATCH	Open G	E A D G B E	2,2,0,0,0,2	3	https://www.songsterr.com/a/wsa/x-tab-s252907
Uncle Tupelo	Criminals	no-songsterr	Open G capo 0			0	
Uncle Tupelo	D. Boon	match	Standard	E A D G B E	0,0,0,0,0,0	2	https://www.songsterr.com/a/wsa/x-tab-s2406356
Uncle Tupelo	Discarded	no-songsterr	Standard capo 0			0	
Uncle Tupelo	Effigy	no-songsterr	Standard capo 0			0	
Uncle Tupelo	Factory Belt	no-songsterr	G D A G B C capo 0			0	
Uncle Tupelo	Fall Down Easy	no-songsterr	Standard capo 0			0	
Uncle Tupelo	Fatal Wound	no-songsterr	Standard capo 0			0	
Uncle Tupelo	Fifteen Keys	no-songsterr	Standard capo 0			0	
Uncle Tupelo	Flatness	no-songsterr	Standard capo 0			0	
Uncle Tupelo	Give Back the Key to My Heart	match	Standard	E A D G B E	0,0,0,0,0,0	3	https://www.songsterr.com/a/wsa/x-tab-s4358486
Uncle Tupelo	Graveyard Shift	match	Standard	E A D G B E	0,0,0,0,0,0	72	https://www.songsterr.com/a/wsa/x-tab-s252925
Uncle Tupelo	Grindstone	no-songsterr	Standard capo 0			0	
Uncle Tupelo	Gun	match	Standard	E A D G B E	0,0,0,0,0,0	2	https://www.songsterr.com/a/wsa/x-tab-s5095197
Uncle Tupelo	High Water	no-songsterr	Standard capo 0			0	
Uncle Tupelo	I Got Drunk	no-songsterr	Standard capo 0			0	
Uncle Tupelo	I Wanna Be Your Dog	no-songsterr	Standard capo 0			0	
Uncle Tupelo	I Wish My Baby Was Born	no-songsterr	Standard capo 0			0	
Uncle Tupelo	If That's Alright	match	Standard	E A D G B E	0,0,0,0,0,0	4	https://www.songsterr.com/a/wsa/x-tab-s252920
Uncle Tupelo	John Hardy	no-songsterr	Standard capo 0			0	
Uncle Tupelo	Life Worth Livin'	match	Standard	E A D G B E	0,0,0,0,0,0	6	https://www.songsterr.com/a/wsa/x-tab-s252922
Uncle Tupelo	Lilli Schull	no-songsterr	Drop D capo 0			0	
Uncle Tupelo	Looking For a Way Out	match	Standard	E A D G B E	0,0,0,0,0,0	75	https://www.songsterr.com/a/wsa/x-tab-s252914
Uncle Tupelo	Moonshiner	match	Standard	E A D G B E	0,0,0,0,0,0	8	https://www.songsterr.com/a/wsa/x-tab-s4314621
Uncle Tupelo	New Madrid	match	Standard	E A D G B E	0,0,0,0,0,0	5	https://www.songsterr.com/a/wsa/x-tab-s638172
Uncle Tupelo	No Depression	match	Standard	E A D G B E	0,0,0,0,0,0	45	https://www.songsterr.com/a/wsa/x-tab-s252924
Uncle Tupelo	No Sense In Lovin'	no-songsterr	Standard capo 0			0	
Uncle Tupelo	Nothing	no-songsterr	Standard capo 0			0	
Uncle Tupelo	Outdone	no-songsterr	Standard capo 0			0	
Uncle Tupelo	Postcard	no-songsterr	Open G capo 0			0	
Uncle Tupelo	Punch Drunk	no-songsterr	Standard capo 0			0	
Uncle Tupelo	Sandusky	MISMATCH	Standard	D A D G B E	-2,0,0,0,0,0	252	https://www.songsterr.com/a/wsa/x-tab-s3844600
Uncle Tupelo	Satan, Your Kingdom Must Come Down	no-songsterr	Standard capo 0			0	
Uncle Tupelo	Sauget Wind	no-songsterr	Standard capo 0			0	
Uncle Tupelo	Screen Door	no-songsterr	Standard capo 0			0	
Uncle Tupelo	Shaky Ground	no-songsterr	Open G capo 0			0	
Uncle Tupelo	Sin City	no-songsterr	Standard capo 0			0	
Uncle Tupelo	Slate	no-songsterr	Standard capo 0			0	
Uncle Tupelo	So Called Friend	no-songsterr	Standard capo 0			0	
Uncle Tupelo	Steal The Crumbs	no-songsterr	Standard capo 0			0	
Uncle Tupelo	Still Be Around	MISMATCH	Standard capo 2	E A D G B E	-2,-2,-2,-2,-2,-2	11	https://www.songsterr.com/a/wsa/x-tab-s252906
Uncle Tupelo	Take My Word	no-songsterr	Standard capo 0			0	
Uncle Tupelo	That Year	no-songsterr	Standard capo 0			0	
Uncle Tupelo	The Long Cut	MISMATCH	Open G	E A D G B E	2,2,0,0,0,2	1	https://www.songsterr.com/a/wsa/x-tab-s5177329
Uncle Tupelo	There Was A Time	no-songsterr	Standard capo 0			0	
Uncle Tupelo	Train	match	Standard	E A D G B E	0,0,0,0,0,0	0	https://www.songsterr.com/a/wsa/x-tab-s2209814
Uncle Tupelo	True to Life	no-songsterr	Standard capo 0			0	
Uncle Tupelo	Wait Up	no-songsterr	Standard capo 0			0	
Uncle Tupelo	Warfare	match	Standard	E A D G B E	0,0,0,0,0,0	0	https://www.songsterr.com/a/wsa/x-tab-s252909
Uncle Tupelo	Watch Me Fall	no-songsterr	Standard capo 0			0	
Uncle Tupelo	We've Been Had	match	Standard	E A D G B E	0,0,0,0,0,0	12	https://www.songsterr.com/a/wsa/x-tab-s4385175
Uncle Tupelo	Whiskey Bottle	no-songsterr	Standard capo 0			0	
Uncle Tupelo	Wipe the Clock	match	Standard	E A D G B E	0,0,0,0,0,0	0	https://www.songsterr.com/a/wsa/x-tab-s252919
Vashti Bunyan	17 Pink Sugar Elephants	match	Standard	E A D G B E	0,0,0,0,0,0	27	https://www.songsterr.com/a/wsa/x-tab-s4071403
Vashti Bunyan	Autumn Leaves	no-songsterr	Standard capo 0			0	
Vashti Bunyan	Brother	no-songsterr	Standard capo 0			0	
Vashti Bunyan	Come Wind Come Rain	match	Standard	E A D G B E	0,0,0,0,0,0	2	https://www.songsterr.com/a/wsa/x-tab-s5418789
Vashti Bunyan	Diamond Day	no-songsterr	Standard capo 0			0	
Vashti Bunyan	Dont Believe What They Say	no-songsterr	Standard capo 0			0	
Vashti Bunyan	Dont Believe	no-songsterr	Standard capo 0			0	
Vashti Bunyan	Find My Heart Again	no-songsterr	Standard capo 0			0	
Vashti Bunyan	Girls Song In Winter	no-songsterr	Standard capo 0			0	
Vashti Bunyan	Glow Worms	no-songsterr	Standard capo 0			0	
Vashti Bunyan	Heartleap	no-songsterr	Standard capo 0			0	
Vashti Bunyan	Hebridean Sun	no-songsterr	Standard capo 0			0	
Vashti Bunyan	Here Before	no-songsterr	Standard capo 0			0	
Vashti Bunyan	Hidden	no-songsterr	Standard capo 0			0	
Vashti Bunyan	How Do I Know	no-songsterr	Standard capo 0			0	
Vashti Bunyan	I Dont Know What Love Is	no-songsterr	Standard capo 0			0	
Vashti Bunyan	I Want To Be Alone	no-songsterr	Standard capo 0			0	
Vashti Bunyan	Id Like To Walk Around In Your Mind	match	Standard	E A D G B E	0,0,0,0,0,0	151	https://www.songsterr.com/a/wsa/x-tab-s2242834
Vashti Bunyan	If I Were	no-songsterr	Standard capo 0			0	
Vashti Bunyan	If In Winter 100 Lovers	no-songsterr	Standard capo 0			0	
Vashti Bunyan	Iriss Song Version Two	no-songsterr	Standard capo 0			0	
Vashti Bunyan	Jog Along Bess	no-songsterr	Standard capo 0			0	
Vashti Bunyan	Lately	no-songsterr	Standard capo 0			0	
Vashti Bunyan	Lily Pond	no-songsterr	Standard capo 0			0	
Vashti Bunyan	Love Song	no-songsterr	Standard capo 0			0	
Vashti Bunyan	Love You Now	no-songsterr	Standard capo 0			0	
Vashti Bunyan	Rainbow River	no-songsterr	Standard capo 0			0	
Vashti Bunyan	Rose Hip November	no-songsterr	Standard capo 0			0	
Vashti Bunyan	Same But Different	no-songsterr	Standard capo 0			0	
Vashti Bunyan	Some Things Just Stick In Your Mind	no-songsterr	Standard capo 0			0	
Vashti Bunyan	Someday	no-songsterr	Standard capo 0			0	
Vashti Bunyan	Swallow Song	no-songsterr	Standard capo 0			0	
Vashti Bunyan	Timothy Grub	no-songsterr	Standard capo 0			0	
Vashti Bunyan	Train Song	match	Standard	E A D G B E	0,0,0,0,0,0	324	https://www.songsterr.com/a/wsa/x-tab-s253691
Vashti Bunyan	Trawlermans Song	no-songsterr	Standard capo 0			0	
Vashti Bunyan	Wayward Hum	no-songsterr	Standard capo 0			0	
Vashti Bunyan	Where I Like To Stand	no-songsterr	Standard capo 0			0	
Vashti Bunyan	Window Over The Bay	no-songsterr	Standard capo 0			0	
Vashti Bunyan	Winter Is Blue	match	Standard	E A D G B E	0,0,0,0,0,0	226	https://www.songsterr.com/a/wsa/x-tab-s253689
Vashti Bunyan	Wishwanderer	no-songsterr	Standard capo 0			0	
Waxahatchee	3 Sisters	no-songsterr	Standard capo 0			0	
Waxahatchee	365	no-songsterr	Standard capo 0			0	
Waxahatchee	8 Ball	no-songsterr	Standard capo 0			0	
Waxahatchee	A Little More	no-songsterr	Standard capo 0			0	
Waxahatchee	American Weekend	no-songsterr	Eb Standard capo 0			0	
Waxahatchee	Arkadelphia	no-songsterr	Standard capo 0			0	
Waxahatchee	Bathtub	no-songsterr	Standard capo 0			0	
Waxahatchee	Be Good	no-songsterr	Standard capo 0			0	
Waxahatchee	Black Candy	no-songsterr	Standard capo 0			0	
Waxahatchee	Bored	match	Standard	E A D G B E	0,0,0,0,0,0	0	https://www.songsterr.com/a/wsa/x-tab-s4426242
Waxahatchee	Brass Beam	no-songsterr	Standard capo 0			0	
Waxahatchee	Breathless	no-songsterr	Standard capo 0			0	
Waxahatchee	Brother Bryan	no-songsterr	Standard capo 0			0	
Waxahatchee	Burns Out At Midnight	no-songsterr	Standard capo 0			0	
Waxahatchee	Cant Do Much About It	no-songsterr	Standard capo 0			0	
Waxahatchee	Cant Do Much	match	Standard	E A D G B E	0,0,0,0,0,0	37	https://www.songsterr.com/a/wsa/x-tab-s3982976
Waxahatchee	Catfish	no-songsterr	Standard capo 0			0	
Waxahatchee	Chapel Of Pines	no-songsterr	Standard capo 0			0	
Waxahatchee	Clumsy Nervous Energies Session	no-songsterr	Standard capo 0			0	
Waxahatchee	Clumsy	no-songsterr	Standard capo 0			0	
Waxahatchee	Coast To Coast	no-songsterr	Standard capo 0			0	
Waxahatchee	Crimes Of The Heart	no-songsterr	Standard capo 0			0	
Waxahatchee	Crowbar	match	Standard	E A D G B E	0,0,0,0,0,0	20	https://www.songsterr.com/a/wsa/x-tab-s4426219
Waxahatchee	Dixie Cups And Jars	no-songsterr	Standard capo 0			0	
Waxahatchee	Evil Spawn	no-songsterr	Standard capo 0			0	
Waxahatchee	Fade	no-songsterr	Standard capo 0			0	
Waxahatchee	Fire	no-songsterr	Standard capo 0			0	
Waxahatchee	Grey Hair	no-songsterr	Standard capo 0			0	
Waxahatchee	Hear You	no-songsterr	Standard capo 0			0	
Waxahatchee	Hell	no-songsterr	Standard capo 0			0	
Waxahatchee	I Think I Love You	no-songsterr	Standard capo 0			0	
Waxahatchee	La Loose	no-songsterr	Standard capo 0			0	
Waxahatchee	Light Of A Clear Blue Morning	no-songsterr	Standard capo 0			0	
Waxahatchee	Lilacs	match	Standard	E A D G B E	0,0,0,0,0,0	36	https://www.songsterr.com/a/wsa/x-tab-s4426213
Waxahatchee	Lone Star Lake	no-songsterr	Standard capo 0			0	
Waxahatchee	Misery Over Dispute	no-songsterr	Standard capo 0			0	
Waxahatchee	Much Ado About Nothing	match	Standard	E A D G B E	0,0,0,0,0,0	103	https://www.songsterr.com/a/wsa/x-tab-s4302161
Waxahatchee	Mud	no-songsterr	Standard capo 0			0	
Waxahatchee	Noccalula	no-songsterr	Standard capo 0			0	
Waxahatchee	Oxbow	no-songsterr	Standard capo 0			0	
Waxahatchee	Peace And Quiet	no-songsterr	Standard capo 0			0	
Waxahatchee	Poison	no-songsterr	Standard capo 0			0	
Waxahatchee	Recite Remorse	no-songsterr	Standard capo 0			0	
Waxahatchee	Right Back To It	match	Standard	E A D G B E	0,0,0,0,0,0	935	https://www.songsterr.com/a/wsa/x-tab-s2176869
Waxahatchee	Rose 1956	no-songsterr	Standard capo 0			0	
Waxahatchee	Ruby Falls	no-songsterr	Standard capo 0			0	
Waxahatchee	Silver	no-songsterr	Standard capo 0			0	
Waxahatchee	Singers No Star	no-songsterr	Standard capo 0			0	
Waxahatchee	Sister Saint	no-songsterr	Standard capo 0			0	
Waxahatchee	Sparks Fly	no-songsterr	Standard capo 0			0	
Waxahatchee	St Cloud	no-songsterr	Standard capo 0			0	
Waxahatchee	Streets Of Philadelphia	no-songsterr	Standard capo 0			0	
Waxahatchee	Summer Of Love	match	Standard	E A D G B E	0,0,0,0,0,0	3	https://www.songsterr.com/a/wsa/x-tab-s3795173
Waxahatchee	Swan Dive	no-songsterr	Standard capo 0			0	
Waxahatchee	Takes So Much	no-songsterr	Standard capo 0			0	
Waxahatchee	Tangled Envisioning	no-songsterr	Standard capo 0			0	
Waxahatchee	The Dirt	no-songsterr	Standard capo 0			0	
Waxahatchee	The Eye	no-songsterr	Standard capo 0			0	
Waxahatchee	The Wolves	no-songsterr	Standard capo 0			0	
Waxahatchee	Tigers Blood	match	Standard	E A D G B E	0,0,0,0,0,0	6	https://www.songsterr.com/a/wsa/x-tab-s4426220
Waxahatchee	Under A Rock	no-songsterr	Standard capo 0			0	
Waxahatchee	War	no-songsterr	Standard capo 0			0	
Waxahatchee	Witches	no-songsterr	Standard capo 0			0	
Waxahatchee	Youre Damaged	no-songsterr	Standard capo 0			0	
Wednesday	Bath County	match	Standard	E A D G B E	0,0,0,0,0,0	74	https://www.songsterr.com/a/wsa/x-tab-s2377813
Wednesday	Billboard	no-songsterr	Standard capo 0			0	
Wednesday	Birthday Song	no-songsterr	Standard capo 0			0	
Wednesday	Bitter Everyday	match	Drop D	D A D G B E	0,0,0,0,0,0	115	https://www.songsterr.com/a/wsa/x-tab-s4696331
Wednesday	Bull Believer	MISMATCH	Drop D	E A D G B E	2,0,0,0,0,0	46	https://www.songsterr.com/a/wsa/x-tab-s3844443
Wednesday	Candy Breath	no-songsterr	D Standard capo 0			0	
Wednesday	Carolina Murder Suicide	no-songsterr	Standard capo 0			0	
Wednesday	Chosen To Deserve	match	Standard	E A D G B E	0,0,0,0,0,0	41	https://www.songsterr.com/a/wsa/x-tab-s2167162
Wednesday	Cliff	no-songsterr	Standard capo 0			0	
Wednesday	Codys Only	match	Standard	E A D G B E	0,0,0,0,0,0	475	https://www.songsterr.com/a/wsa/x-tab-s3629972
Wednesday	Coyote	no-songsterr	Standard capo 0			0	
Wednesday	Elderberry Wine	match	Standard	E A D G B E	0,0,0,0,0,0	836	https://www.songsterr.com/a/wsa/x-tab-s2404976
Wednesday	Fate Is	match	Standard	E A D G B E	0,0,0,0,0,0	109	https://www.songsterr.com/a/wsa/x-tab-s1877569
Wednesday	Feast Of Snakes	no-songsterr	Standard capo 0			0	
Wednesday	Formula One	match	Standard	E A D G B E	0,0,0,0,0,0	104	https://www.songsterr.com/a/wsa/x-tab-s2417951
Wednesday	Garys Ii	no-songsterr	Standard capo 0			0	
Wednesday	Garys	no-songsterr	Standard capo 0			0	
Wednesday	Ghost Of A Dog	no-songsterr	Drop D capo 0			0	
Wednesday	Got Shocked	no-songsterr	Standard capo 0			0	
Wednesday	Handsome Man	no-songsterr	Standard capo 0			0	
Wednesday	Hot Rotten Grass Smell	no-songsterr	Drop D capo 0			0	
Wednesday	How Can You Live If You Cant Love How Can You If You Do	no-songsterr	Standard capo 0			0	
Wednesday	How Do You Let The Love Into The Heart That Isnt Split Wide Open	no-songsterr	Standard capo 0			0	
Wednesday	Love Has No Pride Condemned	no-songsterr	Standard capo 0			0	
Wednesday	Maura	match	Standard	E A D G B E	0,0,0,0,0,0	51	https://www.songsterr.com/a/wsa/x-tab-s1534713
Wednesday	November	no-songsterr	Standard capo 0			0	
Wednesday	One More Last One	no-songsterr	Standard capo 0			0	
Wednesday	Perfect	no-songsterr	Standard capo 0			0	
Wednesday	Pick Up That Knife	match	Standard	E A D G B E	0,0,0,0,0,0	112	https://www.songsterr.com/a/wsa/x-tab-s2328706
Wednesday	Quarry	match	Standard	E A D G B E	0,0,0,0,0,0	16	https://www.songsterr.com/a/wsa/x-tab-s4655344
Wednesday	Reality Tv Argument Bleeds	match	Standard	E A D G B E	0,0,0,0,0,0	72	https://www.songsterr.com/a/wsa/x-tab-s5392138
Wednesday	Revenge Of The Lawn	no-songsterr	Standard capo 0			0	
Wednesday	The Burned Down Dairy Queen	no-songsterr	Standard capo 0			0	
Wednesday	The Way Love Goes	no-songsterr	Standard capo 0			0	
Wednesday	Townies	match	Standard	E A D G B E	0,0,0,0,0,0	1004	https://www.songsterr.com/a/wsa/x-tab-s2404967
Wednesday	Turkey Vultures	no-songsterr	Standard capo 0			0	
Wednesday	Tv In The Gas Pump	no-songsterr	Standard capo 0			0	
Wednesday	Twin Plagues	no-songsterr	Standard capo 0			0	
Wednesday	Underneath	no-songsterr	Standard capo 0			0	
Wednesday	Wasp	no-songsterr	Standard capo 0			0	
Wednesday	Whats So Funny	no-songsterr	Standard capo 0			0	
Wednesday	Women Without Whiskey	match	Standard	E A D G B E	0,0,0,0,0,0	163	https://www.songsterr.com/a/wsa/x-tab-s2823280
Wednesday	Wound Up Here By Holdin On	no-songsterr	Drop D capo 0			0	
Wilco	A Shot In the Arm	match	Standard	E A D G B E	0,0,0,0,0,0	23	https://www.songsterr.com/a/wsa/x-tab-s255780
Wilco	Against Th' Law	no-songsterr	Standard capo 0			0	
Wilco	Airline to Heaven	no-songsterr	Open E capo 0			0	
Wilco	All You Fascists	no-songsterr	Standard capo 0			0	
Wilco	Another Man's Done Gone	no-songsterr	Standard capo 0			0	
Wilco	Ashes of American Flags	match	Standard	E A D G B E	0,0,0,0,0,0	230	https://www.songsterr.com/a/wsa/x-tab-s2647599
Wilco	At My Window Sad and Lonely	no-songsterr	Standard capo 0			0	
Wilco	Birds and Ships	no-songsterr	Standard capo 0			0	
Wilco	Blasting Fonda	no-songsterr	Standard capo 0			0	
Wilco	Blood of the Lamb	no-songsterr	Standard capo 0			0	
Wilco	Blue Eyed Soul	no-songsterr	Standard capo 0			0	
Wilco	Box Full of Letters	match	Standard	E A D G B E	0,0,0,0,0,0	29	https://www.songsterr.com/a/wsa/x-tab-s255796
Wilco	California Stars	match	Standard	E A D G B E	0,0,0,0,0,0	1052	https://www.songsterr.com/a/wsa/x-tab-s59001
Wilco	Can't Stand It	MISMATCH	Standard	D A D F# A D	-2,0,0,-1,-2,-2	99	https://www.songsterr.com/a/wsa/x-tab-s399581
Wilco	Candyfloss	match	Standard	E A D G B E	0,0,0,0,0,0	9	https://www.songsterr.com/a/wsa/x-tab-s255724
Wilco	Casino Queen	match	Standard	E A D G B E	0,0,0,0,0,0	397	https://www.songsterr.com/a/wsa/x-tab-s2039130
Wilco	Christ for President	no-songsterr	Standard capo 0			0	
Wilco	Dash 7	no-songsterr	D G D G A D capo 0			0	
Wilco	Don't You Honey Me" (AKA "Honeybee")	no-songsterr	Standard capo 0			0	
Wilco	Dreamer In My Dreams	no-songsterr	Standard capo 0			0	
Wilco	Eisler On the Go	no-songsterr	Standard capo 0			0	
Wilco	ELT	match	Standard	E A D G B E	0,0,0,0,0,0	314	https://www.songsterr.com/a/wsa/x-tab-s399857
Wilco	Far, Far Away	match	Standard	E A D G B E	0,0,0,0,0,0	5	https://www.songsterr.com/a/wsa/x-tab-s255730
Wilco	Feed of Man	no-songsterr	Standard capo 0			0	
Wilco	Forget The Flowers	match	Standard	E A D G B E	0,0,0,0,0,0	51	https://www.songsterr.com/a/wsa/x-tab-s255701
Wilco	Heavy Metal Drummer	match	Standard	E A D G B E	0,0,0,0,0,0	308	https://www.songsterr.com/a/wsa/x-tab-s710432
Wilco	Henry and the H-Bombs	no-songsterr	Standard capo 0			0	
Wilco	Hesitating Beauty	no-songsterr	Standard capo 0			0	
Wilco	Hoodoo Voodoo	no-songsterr	Standard capo 0			0	
Wilco	Hotel Arizona	no-songsterr	Standard capo 0			0	
Wilco	How To Fight Loneliness	no-songsterr	Standard capo 0			0	
Wilco	I Am Trying To Break Your Heart	match	Standard	E A D G B E	0,0,0,0,0,0	4	https://www.songsterr.com/a/wsa/x-tab-s255759
Wilco	I Can't Keep From Talking	no-songsterr	Standard capo 0			0	
Wilco	I Got You (At The End Of The Century)	match	Standard	E A D G B E	0,0,0,0,0,0	707	https://www.songsterr.com/a/wsa/x-tab-s399762
Wilco	I Guess I Planted	no-songsterr	Standard capo 0			0	
Wilco	I'm Always In Love	match	Standard	E A D G B E	0,0,0,0,0,0	19	https://www.songsterr.com/a/wsa/x-tab-s255765
Wilco	I'm The Man Who Loves You	MISMATCH	Standard	C G C G C E	-4,-2,-2,0,1,0	496	https://www.songsterr.com/a/wsa/x-tab-s399957
Wilco	I Must Be High	match	Standard	E A D G B E	0,0,0,0,0,0	128	https://www.songsterr.com/a/wsa/x-tab-s255772
Wilco	I Thought I Held You	no-songsterr	Open G capo 0			0	
Wilco	I Was Born	no-songsterr	Standard capo 0			0	
Wilco	In A Future Age	no-songsterr	Standard capo 0			0	
Wilco	Ingrid Bergman	no-songsterr	Standard capo 0			0	
Wilco	It's Just That Simple	match	Standard	E A D G B E	0,0,0,0,0,0	1	https://www.songsterr.com/a/wsa/x-tab-s4385166
Wilco	James Alley Blues	no-songsterr	Standard capo 0			0	
Wilco	Jesus, Etc.	match	Standard	E A D G B E	0,0,0,0,0,0	2282	https://www.songsterr.com/a/wsa/x-tab-s388565
Wilco	Joe DiMaggio Done It Again	no-songsterr	Standard capo 0			0	
Wilco	Kamera	MISMATCH	Drop D	E A D G B E	2,0,0,0,0,0	315	https://www.songsterr.com/a/wsa/x-tab-s400500
Wilco	Lost Love	no-songsterr	Standard capo 0			0	
Wilco	Misunderstood	no-songsterr	Standard capo 0			0	
Wilco	Monday	match	Standard	E A D G B E	0,0,0,0,0,0	61	https://www.songsterr.com/a/wsa/x-tab-s255713
Wilco	My Darling	match	Standard	E A D G B E	0,0,0,0,0,0	0	https://www.songsterr.com/a/wsa/x-tab-s255760
Wilco	My Flying Saucer	no-songsterr	Standard capo 0			0	
Wilco	No Poetry	no-songsterr	Standard capo 0			0	
Wilco	Nothing'severgonnastandinmyway(again)	no-songsterr	Standard capo 0			0	
Wilco	One By One	no-songsterr	Standard capo 0			0	
Wilco	Outtasite (Outta Mind)	match	Standard	E A D G B E	0,0,0,0,0,0	620	https://www.songsterr.com/a/wsa/x-tab-s400692
Wilco	Passenger Side	match	Standard	E A D G B E	0,0,0,0,0,0	767	https://www.songsterr.com/a/wsa/x-tab-s1074370
Wilco	Pecan Pie	no-songsterr	Standard capo 0			0	
Wilco	Pick Up The Change	match	Standard	E A D G B E	0,0,0,0,0,0	50	https://www.songsterr.com/a/wsa/x-tab-s255734
Wilco	Pieholden Suite	no-songsterr	Standard capo 0			0	
Wilco	Please Tell My Brother	no-songsterr	Standard capo 0			0	
Wilco	Poor Places	match	Standard	E A D G B E	0,0,0,0,0,0	21	https://www.songsterr.com/a/wsa/x-tab-s255718
Wilco	Pot Kettle Black	match	Standard	E A D G B E	0,0,0,0,0,0	512	https://www.songsterr.com/a/wsa/x-tab-s255752
Wilco	Promising	no-songsterr	Standard capo 0			0	
Wilco	Radio Cure	no-songsterr	Standard capo 0			0	
Wilco	Red-Eyed And Blue	no-songsterr	Standard capo 0			0	
Wilco	Remember the Mountain Bed	no-songsterr	Standard capo 0			0	
Wilco	Reservations	no-songsterr	Standard capo 0			0	
Wilco	Say You Miss Me	no-songsterr	Standard capo 0			0	
Wilco	She Came Along To Me	no-songsterr	Standard capo 0			0	
Wilco	She's A Jar	match	Standard	E A D G B E	0,0,0,0,0,0	16	https://www.songsterr.com/a/wsa/x-tab-s255779
Wilco	Should've Been In Love	no-songsterr	E A D G B D capo 0			0	
Wilco	Shouldn't Be Ashamed	match	Standard	E A D G B E	0,0,0,0,0,0	37	https://www.songsterr.com/a/wsa/x-tab-s2995705
Wilco	Someday Some Morning Sometime	no-songsterr	Standard capo 0			0	
Wilco	Someday Soon	no-songsterr	Standard capo 0			0	
Wilco	Someone Else's Song	match	Standard	E A D G B E	0,0,0,0,0,0	192	https://www.songsterr.com/a/wsa/x-tab-s1690200
Wilco	Stetson Kennedy	no-songsterr	Standard capo 0			0	
Wilco	Summer Teeth	match	Standard	E A D G B E	0,0,0,0,0,0	130	https://www.songsterr.com/a/wsa/x-tab-s255797
Wilco	Sunken Treasure	match	Drop D	D A D G B E	0,0,0,0,0,0	78	https://www.songsterr.com/a/wsa/x-tab-s398354
Wilco	That's Not The Issue	no-songsterr	Standard capo 0			0	
Wilco	The Lonely 1	no-songsterr	Standard capo 0			0	
Wilco	The Unwelcome Guest	no-songsterr	Standard capo 0			0	
Wilco	Too Far Apart	match	Standard	E A D G B E	0,0,0,0,0,0	52	https://www.songsterr.com/a/wsa/x-tab-s255793
Wilco	Via Chicago	match	Standard	E A D G B E	0,0,0,0,0,0	27	https://www.songsterr.com/a/wsa/x-tab-s255756
Wilco	Walk Where He Walked	no-songsterr	Standard capo 0			0	
Wilco	Walt Whitman's Niece	no-songsterr	Standard capo 0			0	
Wilco	War on War	match	Standard	E A D G B E	0,0,0,0,0,0	6	https://www.songsterr.com/a/wsa/x-tab-s255747
Wilco	(Was I) In Your Dreams	no-songsterr	Standard capo 0			0	
Wilco	Way Over Yonder in the Minor Key	no-songsterr	Standard capo 0			0	
Wilco	We're Just Friends	no-songsterr	Standard capo 0			0	
Wilco	What's The World Got In Store	no-songsterr	Standard capo 0			0	
Wilco	When You Wake Up Feeling Old	no-songsterr	Standard capo 0			0	
Wilco	Why Would You Wanna Live	match	Standard	E A D G B E	0,0,0,0,0,0	3	https://www.songsterr.com/a/wsa/x-tab-s2811859